"tip","ass_bid","ass_tid"
"cnt","2","6"
"cnt","2","5"
"cnt","3","14"
"cnt","3","13"
"obj","4","773"
"obj","4","485"
"cnt","5","13"
"cnt","5","11"
"cnt","6","6"
"cnt","6","11"
"cnt","6","13"
"cnt","7","5"
"cnt","7","6"
"cnt","7","11"
"cnt","7","13"
"cnt","7","14"
"cnt","8","14"
"cnt","8","13"
"cnt","8","11"
"cnt","8","6"
"cnt","8","5"
"cnt","9","6"
"cnt","9","11"
"cnt","9","13"
"cnt","9","14"
"cnt","10","6"
"cnt","10","14"
"cnt","10","13"
"cnt","10","11"
"cnt","11","14"
"cnt","11","13"
"cnt","11","11"
"cnt","11","6"
"cnt","11","5"
"cnt","13","5"
"cnt","13","6"
"cnt","13","11"
"cnt","13","13"
"cnt","13","14"
"cnt","14","14"
"cnt","14","13"
"cnt","14","11"
"cnt","14","6"
"cnt","14","5"
"cnt","15","14"
"cnt","15","13"
"cnt","15","11"
"cnt","15","6"
"cnt","15","5"
"cnt","16","13"
"cnt","16","14"
"cnt","16","6"
"cnt","16","11"
"cnt","17","14"
"cnt","17","13"
"cnt","17","11"
"cnt","17","6"
"cnt","17","5"
"obj","17","16"
"obj","4","920"
"obj","4","583"
"obj","4","1075"
"cnt","2","11"
"cnt","2","14"
"cnt","2","13"
"cnt","3","6"
"cnt","3","5"
"cnt","3","11"
"obj","16","19"
"cnt","5","5"
"cnt","5","6"
"obj","5","29"
"cnt","6","14"
"obj","9","3"
"cnt","18","6"
"cnt","18","14"
"cnt","18","13"
"cnt","18","11"
"cnt","19","14"
"cnt","19","13"
"cnt","19","11"
"cnt","19","6"
"cnt","19","5"
"obj","19","17"
"obj","19","16"
"cnt","20","6"
"cnt","20","14"
"cnt","20","13"
"cnt","20","11"
"cnt","21","6"
"cnt","21","14"
"cnt","21","13"
"cnt","21","11"
"cnt","22","6"
"cnt","22","11"
"cnt","22","13"
"cnt","22","14"
"cnt","23","6"
"cnt","23","11"
"cnt","23","13"
"cnt","23","14"
"cnt","24","14"
"cnt","24","13"
"cnt","24","11"
"cnt","24","6"
"cnt","25","6"
"cnt","25","11"
"cnt","25","13"
"cnt","25","14"
"cnt","26","14"
"cnt","26","11"
"cnt","26","13"
"cnt","27","11"
"cnt","27","13"
"cnt","27","14"
"obj","27","26"
"cnt","116","5"
"cnt","28","11"
"cnt","28","13"
"cnt","29","6"
"cnt","29","14"
"cnt","29","13"
"cnt","29","11"
"obj","29","5"
"cnt","30","6"
"cnt","30","14"
"cnt","30","13"
"cnt","30","11"
"cnt","31","6"
"cnt","31","14"
"cnt","31","13"
"cnt","31","11"
"cnt","1806","6"
"cnt","1804","6"
"cnt","1803","13"
"cnt","33","14"
"cnt","33","13"
"cnt","33","11"
"cnt","33","6"
"cnt","34","5"
"cnt","34","14"
"cnt","34","13"
"cnt","34","12"
"cnt","34","11"
"cnt","34","6"
"cnt","35","14"
"cnt","35","13"
"cnt","35","11"
"cnt","35","6"
"cnt","36","11"
"cnt","36","6"
"cnt","36","13"
"cnt","36","14"
"cnt","36","5"
"cnt","37","14"
"cnt","37","5"
"cnt","37","6"
"cnt","37","11"
"cnt","37","12"
"cnt","37","13"
"cnt","38","14"
"cnt","38","13"
"cnt","38","12"
"cnt","38","11"
"cnt","38","6"
"cnt","38","5"
"obj","38","37"
"obj","37","38"
"cnt","39","6"
"cnt","39","11"
"cnt","39","13"
"cnt","39","14"
"cnt","40","14"
"cnt","40","13"
"cnt","40","12"
"cnt","40","11"
"cnt","40","6"
"cnt","41","6"
"cnt","41","11"
"cnt","41","12"
"cnt","41","13"
"cnt","41","14"
"cnt","42","14"
"cnt","42","13"
"cnt","42","12"
"cnt","42","11"
"cnt","42","6"
"cnt","43","6"
"cnt","43","11"
"cnt","43","13"
"cnt","43","14"
"cnt","43","12"
"cnt","44","6"
"cnt","44","11"
"cnt","44","12"
"cnt","44","13"
"cnt","44","14"
"obj","3","9"
"obj","16","17"
"obj","26","27"
"cnt","5","14"
"obj","20","21"
"cnt","45","14"
"cnt","45","13"
"cnt","45","11"
"cnt","45","6"
"cnt","46","6"
"cnt","46","11"
"cnt","46","13"
"cnt","46","14"
"cnt","47","6"
"cnt","47","11"
"cnt","47","14"
"cnt","47","13"
"cnt","48","6"
"cnt","48","11"
"cnt","48","13"
"cnt","48","14"
"cnt","49","13"
"cnt","49","6"
"cnt","49","11"
"cnt","49","14"
"obj","49","20"
"obj","49","21"
"obj","49","22"
"obj","50","4"
"cnt","50","11"
"cnt","50","13"
"cnt","50","6"
"cnt","51","13"
"cnt","51","11"
"cnt","51","6"
"cnt","52","14"
"cnt","52","6"
"cnt","52","11"
"cnt","52","13"
"cnt","53","14"
"cnt","53","13"
"obj","53","266"
"cnt","54","11"
"cnt","54","13"
"obj","54","575"
"obj","54","576"
"cnt","55","13"
"cnt","55","11"
"cnt","55","6"
"cnt","56","14"
"cnt","56","6"
"cnt","56","11"
"cnt","56","13"
"cnt","57","13"
"cnt","57","11"
"cnt","57","6"
"cnt","57","14"
"cnt","58","13"
"cnt","58","11"
"cnt","58","6"
"cnt","58","14"
"cnt","59","14"
"cnt","59","6"
"cnt","59","11"
"cnt","59","13"
"cnt","60","14"
"cnt","60","6"
"cnt","60","11"
"cnt","60","13"
"cnt","61","11"
"cnt","61","13"
"cnt","61","14"
"cnt","61","6"
"cnt","62","5"
"cnt","62","6"
"cnt","62","11"
"cnt","62","12"
"cnt","62","13"
"cnt","62","14"
"cnt","63","14"
"cnt","63","13"
"cnt","63","12"
"cnt","63","11"
"cnt","63","6"
"cnt","63","5"
"cnt","64","14"
"cnt","64","13"
"cnt","64","12"
"cnt","64","11"
"cnt","64","6"
"cnt","64","5"
"cnt","65","13"
"cnt","65","6"
"cnt","65","11"
"cnt","66","13"
"cnt","66","11"
"cnt","66","14"
"cnt","66","6"
"cnt","67","13"
"cnt","67","11"
"cnt","67","6"
"obj","67","65"
"cnt","68","13"
"cnt","68","14"
"cnt","68","12"
"obj","65","67"
"cnt","69","13"
"cnt","69","11"
"cnt","69","6"
"cnt","69","5"
"cnt","69","14"
"cnt","70","14"
"cnt","70","13"
"cnt","70","11"
"cnt","70","6"
"cnt","70","5"
"obj","70","69"
"obj","69","70"
"cnt","72","27"
"cnt","72","26"
"cnt","72","12"
"cnt","72","5"
"cnt","72","6"
"cnt","73","6"
"cnt","73","11"
"cnt","73","14"
"cnt","73","12"
"cnt","73","13"
"cnt","74","14"
"cnt","74","13"
"cnt","74","11"
"cnt","74","6"
"cnt","74","5"
"obj","75","69"
"obj","75","564"
"obj","75","485"
"obj","75","1060"
"obj","75","877"
"cnt","76","14"
"obj","76","106"
"obj","76","107"
"obj","76","1060"
"obj","76","485"
"cnt","77","14"
"cnt","77","13"
"cnt","77","11"
"cnt","77","6"
"cnt","77","5"
"cnt","78","13"
"cnt","78","11"
"cnt","78","6"
"cnt","78","14"
"obj","78","3"
"obj","78","9"
"cnt","79","14"
"cnt","79","13"
"cnt","79","11"
"cnt","79","6"
"cnt","79","5"
"cnt","80","14"
"cnt","80","13"
"cnt","80","11"
"cnt","80","6"
"cnt","80","5"
"cnt","81","14"
"cnt","81","5"
"cnt","81","13"
"cnt","81","11"
"cnt","82","5"
"cnt","82","6"
"cnt","82","11"
"cnt","82","13"
"cnt","82","14"
"cnt","83","5"
"cnt","83","6"
"cnt","83","11"
"cnt","83","13"
"cnt","83","14"
"cnt","84","11"
"cnt","84","6"
"cnt","84","14"
"cnt","84","13"
"obj","85","84"
"cnt","85","13"
"cnt","85","14"
"cnt","85","11"
"cnt","85","6"
"cnt","86","6"
"cnt","86","13"
"cnt","86","14"
"cnt","86","11"
"cnt","87","6"
"cnt","87","13"
"cnt","87","14"
"cnt","87","12"
"cnt","87","11"
"cnt","88","14"
"cnt","88","13"
"cnt","88","6"
"cnt","88","11"
"cnt","89","14"
"cnt","89","13"
"cnt","89","11"
"cnt","89","6"
"cnt","90","14"
"cnt","90","13"
"cnt","90","6"
"cnt","90","5"
"cnt","91","14"
"cnt","91","13"
"cnt","91","11"
"cnt","91","6"
"cnt","92","11"
"cnt","92","13"
"cnt","92","6"
"cnt","92","14"
"cnt","93","6"
"cnt","93","11"
"cnt","93","13"
"cnt","94","13"
"cnt","94","11"
"cnt","94","6"
"cnt","95","5"
"cnt","95","6"
"cnt","95","11"
"cnt","95","13"
"cnt","95","14"
"obj","96","40"
"obj","96","42"
"cnt","96","6"
"cnt","96","11"
"cnt","96","13"
"cnt","97","11"
"cnt","97","12"
"cnt","97","14"
"cnt","97","5"
"cnt","97","6"
"cnt","97","13"
"obj","97","88"
"obj","98","97"
"cnt","98","11"
"cnt","98","13"
"cnt","98","6"
"cnt","98","12"
"cnt","98","14"
"cnt","99","11"
"cnt","99","13"
"cnt","99","5"
"cnt","99","6"
"cnt","100","13"
"cnt","100","11"
"cnt","100","5"
"cnt","100","6"
"cnt","100","14"
"cnt","101","13"
"cnt","101","14"
"cnt","101","11"
"cnt","101","6"
"cnt","101","5"
"cnt","102","14"
"cnt","102","13"
"cnt","102","11"
"cnt","102","6"
"cnt","103","5"
"cnt","103","6"
"cnt","103","11"
"cnt","103","13"
"cnt","103","14"
"cnt","104","5"
"cnt","104","6"
"cnt","104","11"
"cnt","104","13"
"cnt","104","14"
"cnt","105","5"
"cnt","105","6"
"cnt","105","11"
"cnt","105","13"
"cnt","105","14"
"cnt","106","5"
"cnt","106","6"
"cnt","106","11"
"cnt","106","13"
"cnt","106","14"
"cnt","107","14"
"cnt","107","13"
"cnt","107","11"
"cnt","107","6"
"cnt","107","5"
"cnt","108","14"
"cnt","108","13"
"cnt","108","11"
"cnt","108","6"
"cnt","108","5"
"cnt","109","14"
"cnt","109","13"
"cnt","109","11"
"cnt","109","6"
"cnt","109","5"
"obj","109","110"
"cnt","110","14"
"cnt","110","13"
"cnt","110","11"
"cnt","110","6"
"cnt","110","5"
"cnt","111","6"
"cnt","111","11"
"cnt","111","13"
"cnt","111","5"
"cnt","111","14"
"cnt","112","13"
"cnt","112","11"
"cnt","112","6"
"cnt","112","5"
"cnt","112","14"
"cnt","113","14"
"cnt","113","13"
"cnt","113","11"
"cnt","113","6"
"cnt","113","5"
"cnt","114","14"
"cnt","114","13"
"cnt","114","11"
"cnt","114","6"
"cnt","114","5"
"cnt","115","14"
"cnt","115","13"
"cnt","115","12"
"cnt","115","6"
"cnt","115","5"
"cnt","116","14"
"cnt","116","13"
"cnt","116","12"
"cnt","116","11"
"cnt","116","6"
"obj","116","54"
"cnt","117","13"
"cnt","117","14"
"cnt","117","5"
"cnt","117","6"
"cnt","117","11"
"obj","118","117"
"cnt","118","14"
"cnt","118","13"
"cnt","118","11"
"cnt","118","6"
"cnt","118","5"
"obj","117","118"
"cnt","119","5"
"cnt","119","6"
"cnt","119","11"
"cnt","119","13"
"cnt","119","14"
"cnt","626","6"
"cnt","625","6"
"cnt","625","11"
"cnt","625","13"
"cnt","625","14"
"obj","625","574"
"cnt","121","5"
"cnt","121","6"
"cnt","121","11"
"cnt","121","13"
"cnt","121","14"
"cnt","122","14"
"cnt","122","13"
"cnt","122","12"
"cnt","122","11"
"cnt","122","6"
"cnt","122","5"
"cnt","123","14"
"cnt","123","13"
"cnt","123","12"
"cnt","123","11"
"cnt","123","6"
"cnt","123","5"
"cnt","124","5"
"cnt","124","6"
"cnt","124","11"
"cnt","124","13"
"cnt","124","14"
"cnt","125","14"
"cnt","125","13"
"cnt","125","11"
"cnt","125","6"
"cnt","125","5"
"cnt","126","5"
"cnt","126","6"
"cnt","126","11"
"cnt","126","12"
"cnt","126","13"
"cnt","126","14"
"cnt","127","5"
"cnt","127","6"
"cnt","127","11"
"cnt","127","13"
"cnt","127","14"
"cnt","128","14"
"cnt","128","13"
"cnt","128","11"
"cnt","128","6"
"cnt","128","5"
"cnt","129","14"
"cnt","129","13"
"cnt","129","11"
"cnt","129","6"
"cnt","129","5"
"cnt","130","14"
"cnt","130","13"
"cnt","130","11"
"cnt","130","6"
"cnt","130","5"
"cnt","131","5"
"cnt","131","6"
"cnt","131","11"
"cnt","131","13"
"cnt","131","14"
"cnt","132","14"
"cnt","132","13"
"cnt","132","11"
"cnt","132","6"
"cnt","132","5"
"cnt","133","5"
"cnt","133","6"
"cnt","133","11"
"cnt","133","13"
"cnt","133","14"
"cnt","134","14"
"cnt","134","13"
"cnt","134","11"
"cnt","134","6"
"cnt","134","5"
"cnt","135","14"
"cnt","135","13"
"cnt","135","11"
"cnt","135","6"
"cnt","135","5"
"cnt","136","14"
"cnt","136","13"
"cnt","136","11"
"cnt","136","6"
"cnt","136","5"
"cnt","137","14"
"cnt","137","13"
"cnt","137","11"
"cnt","137","6"
"cnt","137","5"
"cnt","138","14"
"cnt","138","13"
"cnt","138","11"
"cnt","138","6"
"cnt","138","5"
"cnt","140","5"
"cnt","140","6"
"cnt","140","11"
"cnt","140","13"
"cnt","140","14"
"cnt","143","5"
"cnt","143","6"
"cnt","143","11"
"cnt","143","13"
"cnt","143","14"
"cnt","144","5"
"cnt","144","6"
"cnt","144","11"
"cnt","144","13"
"cnt","144","14"
"cnt","145","14"
"cnt","145","13"
"cnt","145","11"
"cnt","145","6"
"cnt","145","5"
"cnt","147","14"
"cnt","147","13"
"cnt","147","11"
"cnt","147","6"
"cnt","147","5"
"cnt","148","5"
"cnt","148","6"
"cnt","148","11"
"cnt","148","13"
"cnt","148","14"
"cnt","150","5"
"cnt","150","6"
"cnt","150","11"
"cnt","150","13"
"cnt","150","14"
"cnt","151","5"
"cnt","151","6"
"cnt","151","11"
"cnt","151","13"
"cnt","151","14"
"cnt","152","14"
"cnt","152","13"
"cnt","152","11"
"cnt","152","6"
"cnt","152","5"
"cnt","153","5"
"cnt","153","6"
"cnt","153","11"
"cnt","153","13"
"cnt","153","14"
"cnt","154","5"
"cnt","154","6"
"cnt","154","11"
"cnt","154","13"
"cnt","154","14"
"cnt","155","14"
"cnt","155","13"
"cnt","155","11"
"cnt","155","6"
"cnt","155","5"
"cnt","156","14"
"cnt","156","13"
"cnt","156","11"
"cnt","156","6"
"cnt","156","5"
"cnt","157","5"
"cnt","157","6"
"cnt","157","11"
"cnt","157","13"
"cnt","157","14"
"cnt","158","14"
"cnt","158","13"
"cnt","158","11"
"cnt","158","6"
"cnt","158","5"
"cnt","159","5"
"cnt","159","6"
"cnt","159","11"
"cnt","159","13"
"cnt","159","14"
"cnt","160","5"
"cnt","160","6"
"cnt","160","11"
"cnt","160","13"
"cnt","160","14"
"cnt","161","14"
"cnt","161","13"
"cnt","161","11"
"cnt","161","6"
"cnt","161","5"
"cnt","162","5"
"cnt","162","6"
"cnt","162","11"
"cnt","162","13"
"cnt","162","14"
"cnt","163","5"
"cnt","163","6"
"cnt","163","11"
"cnt","163","13"
"cnt","163","14"
"cnt","164","14"
"cnt","164","13"
"cnt","164","11"
"cnt","164","6"
"cnt","164","5"
"cnt","165","5"
"cnt","165","6"
"cnt","165","11"
"cnt","165","13"
"cnt","165","14"
"cnt","166","14"
"cnt","166","13"
"cnt","166","11"
"cnt","166","6"
"cnt","166","5"
"cnt","167","5"
"cnt","167","6"
"cnt","167","11"
"cnt","167","13"
"cnt","167","14"
"cnt","169","14"
"cnt","169","13"
"cnt","169","11"
"cnt","169","6"
"cnt","169","5"
"cnt","171","5"
"cnt","171","6"
"cnt","171","11"
"cnt","171","13"
"cnt","171","14"
"cnt","172","5"
"cnt","172","14"
"cnt","172","13"
"cnt","172","11"
"cnt","172","6"
"cnt","173","5"
"cnt","173","6"
"cnt","173","11"
"cnt","173","13"
"cnt","173","14"
"cnt","174","14"
"cnt","174","13"
"cnt","174","11"
"cnt","174","6"
"cnt","174","5"
"cnt","175","5"
"cnt","175","6"
"cnt","175","11"
"cnt","175","13"
"cnt","175","14"
"cnt","176","5"
"cnt","176","6"
"cnt","176","11"
"cnt","176","13"
"cnt","176","14"
"cnt","177","5"
"cnt","177","6"
"cnt","177","11"
"cnt","177","13"
"cnt","177","14"
"cnt","179","13"
"cnt","179","11"
"cnt","179","6"
"cnt","179","5"
"obj","179","180"
"cnt","180","14"
"cnt","180","13"
"cnt","180","11"
"cnt","180","6"
"cnt","180","5"
"obj","180","179"
"cnt","179","14"
"cnt","181","5"
"cnt","181","6"
"cnt","181","11"
"cnt","181","13"
"cnt","181","14"
"cnt","182","14"
"cnt","182","5"
"cnt","182","6"
"cnt","182","11"
"cnt","182","13"
"obj","183","182"
"cnt","183","5"
"cnt","183","6"
"cnt","183","11"
"cnt","183","13"
"cnt","183","14"
"obj","182","183"
"cnt","184","5"
"cnt","184","11"
"cnt","184","13"
"cnt","184","14"
"cnt","184","6"
"cnt","185","5"
"cnt","185","6"
"cnt","185","11"
"cnt","185","13"
"cnt","185","14"
"cnt","186","5"
"cnt","186","6"
"cnt","186","11"
"cnt","186","13"
"cnt","186","14"
"cnt","187","13"
"cnt","187","11"
"cnt","187","6"
"cnt","187","5"
"cnt","187","14"
"cnt","188","14"
"cnt","188","13"
"cnt","188","11"
"cnt","188","6"
"cnt","188","5"
"obj","188","187"
"obj","187","188"
"cnt","189","14"
"cnt","189","13"
"cnt","189","6"
"cnt","189","5"
"cnt","189","11"
"cnt","190","14"
"cnt","190","5"
"cnt","190","6"
"cnt","190","11"
"cnt","190","13"
"obj","190","189"
"obj","190","179"
"cnt","191","5"
"cnt","191","6"
"cnt","191","11"
"cnt","191","13"
"cnt","191","14"
"obj","191","190"
"obj","191","189"
"obj","191","179"
"obj","189","179"
"obj","189","191"
"obj","189","190"
"obj","190","191"
"obj","192","188"
"obj","192","187"
"obj","192","171"
"obj","192","172"
"cnt","192","5"
"cnt","192","6"
"cnt","192","11"
"cnt","192","13"
"cnt","192","14"
"obj","193","188"
"obj","193","187"
"obj","193","171"
"obj","193","172"
"cnt","193","5"
"cnt","193","6"
"cnt","193","11"
"cnt","193","13"
"cnt","193","14"
"cnt","194","5"
"cnt","194","6"
"cnt","194","11"
"cnt","194","13"
"cnt","194","14"
"cnt","195","14"
"cnt","195","13"
"cnt","195","11"
"cnt","195","6"
"cnt","195","5"
"cnt","196","14"
"cnt","196","13"
"cnt","196","11"
"cnt","196","6"
"cnt","196","5"
"cnt","197","14"
"cnt","197","13"
"cnt","197","11"
"cnt","197","6"
"cnt","197","5"
"cnt","198","14"
"cnt","198","13"
"cnt","198","11"
"cnt","198","6"
"cnt","198","5"
"cnt","199","14"
"cnt","199","13"
"cnt","199","11"
"cnt","199","6"
"cnt","199","5"
"obj","199","74"
"obj","199","2"
"obj","199","71"
"cnt","201","14"
"cnt","200","5"
"cnt","200","6"
"cnt","200","11"
"cnt","200","13"
"cnt","200","14"
"obj","200","34"
"obj","200","108"
"obj","200","121"
"obj","625","348"
"obj","200","127"
"cnt","201","13"
"cnt","201","12"
"cnt","201","11"
"cnt","201","6"
"cnt","201","5"
"cnt","202","5"
"cnt","202","6"
"cnt","202","11"
"cnt","202","12"
"cnt","202","13"
"cnt","202","14"
"cnt","203","14"
"cnt","203","13"
"cnt","203","11"
"cnt","203","6"
"cnt","203","5"
"cnt","204","5"
"cnt","204","6"
"cnt","204","11"
"cnt","204","13"
"cnt","204","14"
"cnt","205","5"
"cnt","205","6"
"cnt","205","11"
"cnt","205","13"
"cnt","205","14"
"cnt","206","5"
"cnt","206","6"
"cnt","206","11"
"cnt","206","13"
"cnt","206","14"
"obj","207","204"
"cnt","207","5"
"cnt","207","6"
"cnt","207","11"
"cnt","207","13"
"cnt","207","14"
"cnt","208","14"
"cnt","208","13"
"cnt","208","11"
"cnt","208","6"
"cnt","208","5"
"cnt","209","14"
"cnt","209","13"
"cnt","209","11"
"cnt","209","6"
"cnt","209","5"
"cnt","210","5"
"cnt","210","6"
"cnt","210","11"
"cnt","210","13"
"cnt","210","14"
"cnt","211","5"
"cnt","211","6"
"cnt","211","11"
"cnt","211","13"
"cnt","211","14"
"cnt","212","5"
"cnt","212","6"
"cnt","212","11"
"cnt","212","13"
"cnt","212","14"
"cnt","213","5"
"cnt","213","6"
"cnt","213","11"
"cnt","213","13"
"cnt","213","14"
"cnt","214","5"
"cnt","214","6"
"cnt","214","11"
"cnt","214","13"
"cnt","214","14"
"cnt","215","14"
"cnt","215","13"
"cnt","215","11"
"cnt","215","6"
"cnt","215","5"
"cnt","216","14"
"cnt","216","5"
"cnt","216","6"
"cnt","216","11"
"cnt","216","13"
"cnt","218","14"
"cnt","218","13"
"cnt","218","11"
"cnt","218","6"
"cnt","218","5"
"obj","218","216"
"obj","216","218"
"cnt","219","5"
"cnt","219","6"
"cnt","219","11"
"cnt","219","13"
"cnt","219","14"
"cnt","220","14"
"cnt","220","13"
"cnt","220","11"
"cnt","220","6"
"cnt","220","5"
"cnt","221","5"
"cnt","221","6"
"cnt","221","11"
"cnt","221","13"
"cnt","221","14"
"cnt","222","5"
"cnt","222","6"
"cnt","222","11"
"cnt","222","13"
"cnt","222","14"
"cnt","223","5"
"cnt","223","6"
"cnt","223","11"
"cnt","223","13"
"cnt","223","14"
"cnt","224","5"
"cnt","224","6"
"cnt","224","11"
"cnt","224","13"
"cnt","224","14"
"obj","225","123"
"cnt","225","14"
"cnt","225","13"
"cnt","225","12"
"cnt","225","11"
"cnt","225","6"
"cnt","225","5"
"obj","226","122"
"obj","226","126"
"cnt","226","5"
"cnt","226","6"
"cnt","226","11"
"cnt","226","13"
"cnt","226","14"
"obj","227","126"
"obj","227","122"
"obj","227","225"
"obj","227","226"
"cnt","227","5"
"cnt","227","6"
"cnt","227","11"
"cnt","227","13"
"cnt","227","14"
"obj","228","122"
"obj","228","123"
"obj","228","126"
"cnt","228","5"
"cnt","228","6"
"cnt","228","11"
"cnt","228","13"
"cnt","228","14"
"cnt","228","12"
"cnt","435","5"
"cnt","449","5"
"cnt","439","14"
"cnt","439","13"
"cnt","439","12"
"obj","232","132"
"obj","232","131"
"obj","232","130"
"obj","232","58"
"obj","233","58"
"obj","233","130"
"obj","233","131"
"obj","233","132"
"obj","234","71"
"obj","234","72"
"obj","234","74"
"obj","234","49"
"obj","234","141"
"obj","234","143"
"obj","234","144"
"cnt","236","11"
"cnt","236","6"
"cnt","236","5"
"obj","236","71"
"obj","236","74"
"obj","236","2"
"cnt","235","14"
"cnt","235","13"
"cnt","235","11"
"cnt","235","6"
"cnt","235","5"
"obj","235","49"
"obj","235","72"
"obj","235","62"
"obj","235","63"
"obj","235","64"
"cnt","236","13"
"cnt","236","14"
"obj","237","169"
"obj","243","164"
"obj","244","243"
"obj","244","164"
"obj","303","121"
"obj","303","122"
"cnt","624","6"
"obj","304","121"
"obj","304","122"
"obj","304","303"
"cnt","624","11"
"obj","305","121"
"obj","305","122"
"obj","305","303"
"cnt","316","14"
"cnt","316","13"
"cnt","316","11"
"cnt","316","6"
"cnt","316","5"
"cnt","317","14"
"cnt","317","13"
"cnt","317","11"
"cnt","317","6"
"cnt","317","5"
"cnt","333","13"
"cnt","333","14"
"cnt","335","6"
"cnt","335","13"
"cnt","335","14"
"cnt","336","6"
"cnt","336","13"
"cnt","336","14"
"cnt","337","13"
"cnt","337","14"
"cnt","338","6"
"cnt","338","13"
"cnt","338","14"
"cnt","339","14"
"cnt","339","13"
"cnt","339","12"
"cnt","339","11"
"cnt","339","5"
"obj","339","118"
"obj","339","117"
"obj","117","339"
"cnt","340","14"
"cnt","340","13"
"cnt","340","11"
"cnt","340","6"
"cnt","340","5"
"cnt","341","5"
"cnt","341","14"
"cnt","341","13"
"cnt","343","5"
"cnt","343","13"
"cnt","343","14"
"cnt","344","14"
"cnt","344","13"
"cnt","344","5"
"cnt","345","12"
"cnt","345","13"
"cnt","345","14"
"cnt","345","6"
"cnt","345","5"
"cnt","346","14"
"cnt","346","13"
"cnt","346","5"
"cnt","347","14"
"cnt","347","13"
"cnt","347","11"
"cnt","347","6"
"obj","347","72"
"obj","347","71"
"obj","347","75"
"obj","347","2"
"cnt","348","14"
"cnt","348","13"
"cnt","348","12"
"cnt","348","11"
"cnt","348","6"
"cnt","348","5"
"obj","348","61"
"obj","61","348"
"cnt","349","6"
"obj","349","49"
"obj","349","45"
"obj","349","39"
"obj","349","35"
"cnt","457","5"
"cnt","350","14"
"cnt","350","13"
"cnt","350","5"
"cnt","350","6"
"cnt","350","11"
"cnt","350","12"
"cnt","351","6"
"cnt","351","14"
"cnt","351","13"
"cnt","352","13"
"cnt","352","12"
"cnt","352","11"
"cnt","352","6"
"cnt","352","14"
"cnt","353","13"
"cnt","353","14"
"cnt","354","14"
"cnt","354","13"
"cnt","354","5"
"cnt","355","13"
"cnt","355","14"
"cnt","356","11"
"cnt","356","14"
"cnt","356","13"
"cnt","356","6"
"obj","356","338"
"cnt","357","6"
"cnt","357","13"
"cnt","357","14"
"obj","357","121"
"obj","357","122"
"obj","357","126"
"cnt","624","13"
"cnt","358","6"
"cnt","358","13"
"cnt","358","14"
"obj","358","139"
"obj","358","140"
"obj","358","141"
"cnt","359","5"
"cnt","359","11"
"cnt","359","13"
"cnt","359","14"
"cnt","434","5"
"cnt","360","14"
"cnt","360","13"
"cnt","360","12"
"cnt","360","11"
"cnt","360","6"
"obj","360","122"
"obj","360","121"
"cnt","361","14"
"cnt","361","13"
"cnt","361","11"
"cnt","361","6"
"obj","362","187"
"obj","362","188"
"cnt","362","11"
"cnt","365","14"
"cnt","365","13"
"cnt","365","11"
"cnt","365","6"
"obj","365","185"
"obj","365","91"
"cnt","366","5"
"cnt","366","6"
"cnt","366","11"
"cnt","366","12"
"cnt","366","13"
"cnt","366","14"
"obj","366","34"
"obj","366","36"
"obj","366","350"
"obj","36","350"
"obj","36","34"
"obj","36","366"
"obj","350","366"
"obj","350","36"
"cnt","367","5"
"cnt","367","6"
"cnt","367","14"
"cnt","367","13"
"cnt","367","12"
"cnt","367","11"
"cnt","368","5"
"cnt","369","5"
"obj","369","461"
"cnt","370","5"
"obj","370","369"
"obj","370","368"
"cnt","371","5"
"obj","371","369"
"obj","371","368"
"cnt","372","5"
"obj","372","368"
"obj","372","369"
"obj","372","370"
"obj","372","371"
"cnt","373","5"
"cnt","375","5"
"obj","375","373"
"cnt","376","5"
"cnt","377","5"
"obj","377","373"
"obj","377","375"
"cnt","378","5"
"obj","378","373"
"obj","378","375"
"obj","378","377"
"cnt","379","5"
"obj","379","373"
"obj","379","375"
"obj","379","378"
"cnt","382","5"
"obj","382","381"
"obj","382","380"
"obj","382","378"
"obj","382","375"
"cnt","1965","14"
"cnt","1965","6"
"obj","1965","1446"
"obj","1965","334"
"cnt","385","5"
"obj","385","379"
"obj","385","380"
"obj","385","381"
"obj","385","384"
"cnt","386","5"
"cnt","386","11"
"cnt","386","13"
"cnt","386","14"
"obj","386","379"
"obj","386","380"
"obj","386","383"
"obj","386","384"
"cnt","1816","6"
"cnt","1814","6"
"cnt","1812","6"
"cnt","1812","11"
"cnt","1812","13"
"cnt","1811","27"
"cnt","1811","13"
"cnt","390","5"
"obj","390","369"
"obj","390","387"
"obj","390","388"
"obj","390","389"
"cnt","391","5"
"obj","391","388"
"obj","391","387"
"obj","391","369"
"obj","391","368"
"cnt","392","5"
"cnt","393","5"
"obj","393","401"
"cnt","394","5"
"obj","394","392"
"obj","394","393"
"cnt","395","5"
"obj","395","394"
"obj","395","393"
"obj","395","392"
"cnt","396","5"
"obj","396","395"
"obj","396","394"
"obj","396","393"
"obj","396","392"
"obj","392","396"
"obj","392","395"
"obj","392","394"
"obj","392","393"
"cnt","398","14"
"cnt","398","13"
"cnt","398","6"
"cnt","398","5"
"cnt","399","5"
"cnt","399","13"
"cnt","399","14"
"cnt","399","6"
"cnt","400","5"
"cnt","400","12"
"cnt","400","13"
"obj","368","401"
"cnt","401","5"
"obj","401","400"
"cnt","918","11"
"obj","401","458"
"cnt","402","5"
"cnt","403","5"
"obj","403","369"
"obj","403","387"
"obj","403","388"
"obj","403","389"
"cnt","404","5"
"obj","404","392"
"obj","404","393"
"obj","404","395"
"obj","404","401"
"cnt","405","5"
"cnt","406","5"
"cnt","407","5"
"obj","407","406"
"obj","407","405"
"cnt","408","5"
"obj","408","390"
"cnt","409","5"
"obj","409","405"
"obj","409","406"
"obj","409","407"
"cnt","411","5"
"cnt","412","5"
"cnt","413","5"
"cnt","414","5"
"cnt","415","5"
"cnt","416","5"
"cnt","417","5"
"cnt","417","6"
"cnt","417","12"
"cnt","417","13"
"cnt","417","14"
"cnt","418","6"
"cnt","418","14"
"cnt","418","13"
"cnt","418","12"
"obj","401","445"
"cnt","419","14"
"cnt","419","13"
"cnt","419","12"
"cnt","420","11"
"cnt","420","6"
"cnt","420","5"
"cnt","420","12"
"cnt","420","13"
"cnt","420","14"
"obj","420","400"
"obj","420","2"
"cnt","423","6"
"cnt","423","11"
"cnt","423","12"
"cnt","423","13"
"cnt","423","14"
"cnt","425","13"
"cnt","425","14"
"cnt","425","6"
"cnt","430","5"
"cnt","431","5"
"cnt","431","6"
"cnt","431","14"
"cnt","431","13"
"cnt","431","12"
"cnt","432","5"
"cnt","434","14"
"cnt","434","12"
"cnt","434","13"
"obj","434","435"
"obj","97","31"
"cnt","28","14"
"obj","28","425"
"cnt","435","6"
"cnt","435","11"
"cnt","435","12"
"cnt","435","13"
"cnt","435","14"
"obj","435","434"
"obj","435","474"
"cnt","436","5"
"cnt","436","6"
"cnt","436","11"
"cnt","436","12"
"cnt","436","13"
"cnt","436","14"
"obj","436","435"
"obj","436","434"
"cnt","437","14"
"cnt","437","13"
"cnt","437","12"
"cnt","437","11"
"cnt","437","6"
"cnt","437","5"
"obj","437","436"
"obj","437","435"
"obj","437","434"
"cnt","438","5"
"cnt","438","6"
"cnt","438","11"
"cnt","438","12"
"cnt","438","13"
"cnt","438","14"
"obj","438","434"
"obj","438","435"
"obj","438","436"
"obj","438","437"
"cnt","439","11"
"cnt","439","6"
"cnt","439","5"
"obj","439","483"
"obj","439","473"
"obj","439","367"
"obj","439","438"
"obj","439","437"
"obj","439","436"
"obj","439","435"
"cnt","440","5"
"cnt","440","6"
"cnt","440","11"
"cnt","440","12"
"cnt","440","13"
"cnt","440","14"
"obj","440","434"
"obj","440","435"
"obj","440","437"
"obj","440","438"
"cnt","441","5"
"cnt","441","6"
"cnt","441","11"
"cnt","441","12"
"cnt","441","13"
"cnt","441","14"
"obj","441","440"
"cnt","442","5"
"obj","442","441"
"obj","442","440"
"cnt","443","5"
"cnt","443","6"
"cnt","443","12"
"cnt","443","13"
"cnt","443","14"
"obj","443","440"
"obj","443","441"
"obj","443","442"
"cnt","444","5"
"obj","444","443"
"obj","444","442"
"obj","444","441"
"obj","444","440"
"cnt","445","5"
"obj","445","440"
"obj","445","441"
"obj","445","442"
"obj","445","444"
"cnt","446","5"
"cnt","446","6"
"cnt","446","12"
"cnt","446","13"
"cnt","446","14"
"obj","446","84"
"obj","446","418"
"obj","446","550"
"obj","446","449"
"cnt","447","5"
"cnt","447","6"
"cnt","447","11"
"cnt","447","12"
"cnt","447","13"
"cnt","447","14"
"obj","447","435"
"obj","447","436"
"obj","447","437"
"obj","447","446"
"cnt","448","5"
"cnt","448","6"
"cnt","448","12"
"cnt","448","13"
"cnt","448","14"
"obj","448","435"
"obj","448","437"
"obj","448","446"
"obj","448","447"
"cnt","449","6"
"cnt","449","12"
"cnt","449","13"
"cnt","449","14"
"obj","449","446"
"obj","449","550"
"obj","449","537"
"obj","449","418"
"obj","449","84"
"cnt","450","5"
"cnt","450","6"
"cnt","450","11"
"cnt","450","12"
"cnt","450","13"
"cnt","450","14"
"obj","450","443"
"obj","450","444"
"obj","450","448"
"obj","450","449"
"cnt","451","5"
"cnt","451","6"
"cnt","451","11"
"cnt","451","12"
"cnt","451","13"
"cnt","451","14"
"obj","451","447"
"obj","451","448"
"obj","451","449"
"obj","451","450"
"cnt","452","5"
"cnt","452","6"
"cnt","452","11"
"cnt","452","12"
"cnt","452","13"
"cnt","452","14"
"obj","452","448"
"obj","452","449"
"obj","452","450"
"obj","452","451"
"cnt","1068","11"
"cnt","1068","26"
"cnt","1186","27"
"cnt","1186","13"
"cnt","940","6"
"cnt","1068","14"
"cnt","1068","13"
"cnt","1068","27"
"cnt","1068","6"
"obj","1068","903"
"cnt","454","14"
"cnt","454","13"
"cnt","454","12"
"cnt","454","11"
"cnt","454","6"
"cnt","454","5"
"cnt","1186","14"
"obj","454","449"
"obj","454","446"
"obj","454","435"
"obj","116","202"
"obj","84","418"
"obj","418","84"
"obj","418","419"
"obj","418","85"
"obj","84","85"
"obj","84","449"
"obj","84","446"
"cnt","109","12"
"obj","393","392"
"obj","393","404"
"obj","352","42"
"obj","420","367"
"obj","420","392"
"obj","367","439"
"obj","367","448"
"obj","400","392"
"obj","400","395"
"obj","2","481"
"obj","2","74"
"obj","2","474"
"cnt","455","14"
"cnt","455","13"
"cnt","455","12"
"cnt","455","11"
"cnt","455","6"
"cnt","455","5"
"obj","455","454"
"obj","455","447"
"obj","455","437"
"obj","455","435"
"obj","425","28"
"cnt","1209","6"
"cnt","1209","26"
"cnt","1209","14"
"cnt","1055","27"
"cnt","937","14"
"cnt","937","11"
"cnt","1209","13"
"cnt","1209","27"
"cnt","1209","5"
"cnt","1209","12"
"obj","457","440"
"obj","457","441"
"obj","457","442"
"cnt","458","5"
"obj","458","440"
"obj","458","441"
"obj","458","443"
"cnt","459","5"
"obj","459","444"
"obj","459","458"
"obj","459","457"
"obj","459","445"
"cnt","1055","11"
"cnt","1055","13"
"cnt","918","13"
"cnt","918","27"
"cnt","918","6"
"cnt","461","5"
"obj","461","440"
"obj","461","441"
"obj","461","442"
"obj","461","443"
"obj","401","441"
"obj","401","442"
"obj","401","457"
"obj","401","459"
"obj","401","393"
"obj","401","461"
"obj","401","440"
"obj","368","369"
"obj","368","387"
"obj","368","388"
"obj","368","389"
"obj","368","372"
"obj","368","416"
"obj","112","820"
"cnt","1827","27"
"cnt","1827","6"
"cnt","1826","27"
"cnt","1826","13"
"cnt","1826","6"
"cnt","1825","27"
"cnt","1825","13"
"cnt","1825","6"
"cnt","1828","27"
"cnt","463","14"
"cnt","463","13"
"cnt","463","11"
"cnt","463","6"
"obj","463","50"
"obj","463","49"
"obj","463","32"
"obj","463","187"
"cnt","464","14"
"cnt","464","13"
"cnt","464","12"
"cnt","464","11"
"cnt","464","6"
"obj","464","70"
"obj","464","67"
"obj","464","59"
"obj","464","58"
"cnt","465","14"
"cnt","465","13"
"cnt","465","11"
"cnt","465","6"
"obj","465","365"
"obj","465","350"
"obj","465","348"
"obj","465","27"
"cnt","466","14"
"cnt","466","13"
"cnt","466","11"
"cnt","466","6"
"obj","466","463"
"obj","466","462"
"obj","466","425"
"obj","466","359"
"cnt","467","6"
"cnt","467","11"
"cnt","467","13"
"cnt","467","14"
"obj","467","59"
"obj","467","60"
"obj","467","62"
"obj","467","70"
"cnt","468","14"
"cnt","468","13"
"cnt","468","11"
"cnt","468","6"
"obj","468","67"
"obj","468","60"
"obj","468","55"
"obj","468","61"
"cnt","469","6"
"cnt","469","11"
"cnt","469","13"
"cnt","469","14"
"obj","469","91"
"obj","469","27"
"obj","469","25"
"obj","469","218"
"cnt","470","14"
"cnt","470","13"
"cnt","470","12"
"cnt","470","11"
"cnt","470","6"
"cnt","470","5"
"obj","470","71"
"obj","470","29"
"obj","470","367"
"obj","470","97"
"cnt","471","11"
"cnt","471","6"
"cnt","471","5"
"cnt","471","12"
"cnt","471","13"
"cnt","471","14"
"obj","471","56"
"obj","471","450"
"obj","471","125"
"obj","471","124"
"cnt","472","5"
"cnt","472","6"
"cnt","472","11"
"cnt","472","12"
"cnt","472","13"
"cnt","472","14"
"obj","472","451"
"cnt","1055","14"
"obj","472","437"
"obj","472","434"
"cnt","473","5"
"cnt","473","6"
"cnt","473","11"
"cnt","473","12"
"cnt","473","13"
"cnt","473","14"
"cnt","474","14"
"cnt","474","5"
"cnt","474","6"
"cnt","474","11"
"cnt","474","12"
"cnt","474","13"
"obj","474","435"
"obj","474","434"
"obj","474","438"
"obj","474","450"
"cnt","475","12"
"cnt","475","11"
"cnt","475","6"
"cnt","475","5"
"cnt","475","13"
"cnt","475","14"
"obj","475","87"
"obj","475","24"
"obj","475","447"
"obj","475","474"
"obj","475","473"
"cnt","476","14"
"cnt","476","13"
"cnt","476","12"
"cnt","476","11"
"cnt","476","6"
"cnt","476","5"
"obj","476","475"
"obj","476","474"
"obj","476","472"
"obj","476","471"
"cnt","477","14"
"cnt","477","5"
"cnt","477","6"
"cnt","477","11"
"cnt","477","12"
"cnt","477","13"
"obj","477","394"
"obj","477","396"
"obj","477","420"
"obj","477","418"
"cnt","478","6"
"cnt","478","11"
"cnt","478","13"
"cnt","478","14"
"obj","478","28"
"obj","478","26"
"obj","478","69"
"obj","478","72"
"cnt","479","6"
"cnt","479","11"
"cnt","479","12"
"cnt","479","13"
"cnt","479","14"
"obj","480","438"
"obj","480","104"
"obj","480","103"
"obj","480","2"
"obj","471","437"
"cnt","1186","6"
"obj","471","438"
"cnt","481","6"
"cnt","481","11"
"cnt","481","13"
"cnt","481","14"
"cnt","482","14"
"cnt","482","13"
"cnt","482","11"
"cnt","482","6"
"cnt","483","13"
"cnt","483","12"
"cnt","483","11"
"cnt","483","6"
"cnt","483","14"
"cnt","484","6"
"cnt","484","11"
"cnt","484","13"
"cnt","484","14"
"obj","485","107"
"obj","485","633"
"obj","485","1066"
"obj","485","773"
"cnt","486","14"
"cnt","486","6"
"cnt","486","11"
"cnt","486","13"
"cnt","487","6"
"cnt","487","11"
"cnt","487","13"
"cnt","487","14"
"cnt","488","6"
"cnt","488","11"
"cnt","488","13"
"cnt","488","14"
"cnt","489","14"
"cnt","489","13"
"cnt","489","11"
"cnt","489","6"
"cnt","480","6"
"cnt","480","11"
"cnt","480","13"
"cnt","480","14"
"cnt","490","14"
"cnt","490","13"
"cnt","490","11"
"cnt","490","6"
"obj","483","109"
"cnt","491","6"
"cnt","491","11"
"cnt","491","13"
"cnt","491","14"
"cnt","492","6"
"cnt","492","11"
"cnt","492","13"
"cnt","492","14"
"obj","477","97"
"cnt","493","14"
"cnt","493","13"
"cnt","493","11"
"cnt","493","6"
"cnt","494","14"
"cnt","494","13"
"cnt","494","11"
"cnt","494","6"
"cnt","937","13"
"obj","482","71"
"obj","482","479"
"obj","482","72"
"obj","482","74"
"obj","474","455"
"obj","475","472"
"obj","475","471"
"obj","486","466"
"obj","394","123"
"obj","111","29"
"obj","2","436"
"obj","2","454"
"obj","2","439"
"cnt","501","6"
"cnt","501","11"
"cnt","501","12"
"cnt","501","13"
"cnt","501","14"
"obj","501","121"
"obj","501","122"
"obj","434","472"
"cnt","537","14"
"cnt","537","13"
"cnt","537","11"
"cnt","537","6"
"obj","537","309"
"obj","537","446"
"cnt","538","6"
"cnt","538","11"
"cnt","538","13"
"cnt","538","14"
"cnt","538","5"
"cnt","538","12"
"cnt","538","26"
"cnt","539","6"
"cnt","539","11"
"cnt","539","13"
"cnt","539","14"
"obj","539","82"
"obj","539","40"
"obj","539","39"
"cnt","540","14"
"cnt","540","5"
"cnt","540","6"
"cnt","540","11"
"cnt","540","13"
"obj","541","540"
"obj","540","541"
"obj","543","499"
"obj","543","511"
"obj","511","543"
"obj","511","499"
"obj","499","543"
"obj","499","511"
"cnt","545","6"
"cnt","545","11"
"cnt","545","13"
"cnt","545","14"
"obj","545","466"
"cnt","549","14"
"obj","549","894"
"obj","549","906"
"obj","550","84"
"obj","550","418"
"obj","550","446"
"obj","551","359"
"cnt","552","6"
"cnt","552","11"
"cnt","552","13"
"cnt","552","14"
"obj","552","359"
"obj","359","552"
"obj","359","243"
"obj","359","244"
"cnt","553","14"
"cnt","553","13"
"cnt","553","11"
"cnt","553","6"
"obj","553","551"
"obj","553","244"
"obj","553","359"
"obj","553","552"
"cnt","554","13"
"cnt","554","11"
"cnt","554","6"
"obj","554","164"
"obj","554","244"
"obj","554","243"
"cnt","555","6"
"cnt","555","11"
"cnt","555","13"
"cnt","555","14"
"obj","555","156"
"cnt","556","14"
"cnt","556","13"
"cnt","556","11"
"cnt","556","6"
"obj","556","130"
"obj","557","466"
"obj","557","545"
"cnt","561","14"
"cnt","561","13"
"cnt","561","11"
"cnt","561","6"
"obj","562","499"
"cnt","563","13"
"cnt","563","11"
"cnt","563","6"
"cnt","563","14"
"cnt","564","6"
"cnt","564","11"
"cnt","564","13"
"cnt","564","14"
"obj","564","563"
"obj","563","564"
"cnt","567","27"
"cnt","567","26"
"cnt","567","12"
"cnt","567","5"
"cnt","568","27"
"cnt","568","26"
"cnt","568","12"
"cnt","568","5"
"obj","569","567"
"cnt","567","13"
"cnt","570","14"
"cnt","570","13"
"cnt","570","11"
"cnt","570","6"
"obj","570","14"
"obj","572","598"
"obj","572","1200"
"obj","572","1234"
"obj","572","1240"
"cnt","574","27"
"cnt","574","26"
"cnt","574","5"
"cnt","574","6"
"cnt","574","11"
"cnt","575","14"
"cnt","575","13"
"cnt","575","11"
"cnt","575","6"
"obj","575","54"
"obj","575","507"
"obj","575","475"
"obj","576","54"
"cnt","54","6"
"cnt","54","14"
"obj","577","53"
"obj","508","72"
"obj","508","74"
"obj","508","467"
"obj","508","49"
"cnt","518","5"
"cnt","518","6"
"cnt","518","11"
"cnt","518","12"
"cnt","518","14"
"cnt","518","13"
"cnt","578","13"
"cnt","578","14"
"cnt","578","12"
"obj","578","499"
"obj","578","502"
"obj","578","509"
"obj","578","511"
"obj","578","543"
"obj","578","562"
"cnt","579","14"
"cnt","579","5"
"cnt","579","6"
"cnt","579","11"
"cnt","579","12"
"cnt","579","13"
"obj","579","59"
"obj","579","60"
"obj","579","465"
"obj","579","473"
"cnt","580","11"
"cnt","580","6"
"cnt","580","5"
"obj","580","721"
"obj","580","268"
"obj","580","483"
"obj","581","112"
"obj","581","2"
"obj","581","478"
"obj","581","97"
"cnt","581","14"
"cnt","581","13"
"cnt","581","12"
"cnt","581","11"
"cnt","581","6"
"cnt","581","5"
"cnt","582","5"
"cnt","582","6"
"cnt","582","11"
"cnt","582","12"
"cnt","582","13"
"cnt","582","14"
"cnt","583","14"
"cnt","583","13"
"cnt","583","12"
"cnt","583","11"
"cnt","583","6"
"cnt","583","5"
"obj","583","539"
"cnt","584","5"
"cnt","584","6"
"cnt","584","11"
"cnt","584","12"
"cnt","584","13"
"cnt","584","14"
"obj","585","249"
"cnt","585","5"
"cnt","585","6"
"cnt","585","11"
"cnt","585","12"
"cnt","585","13"
"cnt","585","14"
"cnt","586","5"
"cnt","586","6"
"cnt","586","11"
"cnt","586","12"
"cnt","586","13"
"cnt","586","14"
"obj","586","199"
"obj","586","584"
"cnt","587","14"
"cnt","587","13"
"cnt","587","12"
"cnt","587","11"
"cnt","587","6"
"cnt","587","5"
"cnt","588","14"
"cnt","588","13"
"cnt","588","12"
"cnt","588","11"
"cnt","588","6"
"cnt","588","5"
"obj","588","576"
"obj","588","54"
"obj","588","116"
"cnt","591","14"
"cnt","591","13"
"cnt","591","11"
"cnt","591","6"
"obj","591","575"
"obj","591","538"
"obj","591","464"
"obj","592","361"
"obj","592","51"
"obj","592","563"
"cnt","593","6"
"cnt","593","11"
"cnt","593","13"
"cnt","593","14"
"obj","593","469"
"obj","593","467"
"obj","593","49"
"obj","593","349"
"cnt","595","14"
"cnt","595","13"
"cnt","595","11"
"cnt","595","6"
"obj","595","153"
"cnt","596","14"
"cnt","596","13"
"cnt","596","11"
"cnt","596","6"
"obj","596","338"
"obj","596","556"
"obj","596","488"
"cnt","597","14"
"cnt","597","13"
"cnt","597","12"
"cnt","597","11"
"cnt","597","5"
"cnt","597","6"
"obj","597","34"
"obj","598","545"
"obj","598","486"
"obj","598","572"
"obj","598","570"
"cnt","598","6"
"cnt","598","11"
"cnt","598","13"
"cnt","598","14"
"obj","599","29"
"cnt","599","6"
"cnt","599","11"
"cnt","599","13"
"cnt","599","14"
"obj","600","598"
"obj","600","570"
"obj","600","572"
"obj","600","545"
"cnt","600","6"
"cnt","600","11"
"cnt","600","13"
"cnt","600","14"
"cnt","602","6"
"cnt","602","11"
"cnt","602","13"
"cnt","602","14"
"obj","602","540"
"obj","602","466"
"cnt","603","11"
"cnt","603","6"
"obj","603","872"
"obj","603","811"
"obj","603","921"
"cnt","604","14"
"cnt","604","13"
"cnt","604","11"
"cnt","604","6"
"obj","604","112"
"obj","604","484"
"obj","604","28"
"cnt","605","14"
"cnt","605","13"
"cnt","605","11"
"cnt","605","6"
"cnt","606","6"
"obj","606","366"
"obj","606","352"
"obj","606","188"
"obj","606","97"
"cnt","607","14"
"cnt","607","13"
"cnt","607","11"
"cnt","607","6"
"cnt","609","6"
"cnt","609","11"
"cnt","609","13"
"cnt","609","14"
"obj","609","599"
"obj","609","564"
"cnt","611","6"
"cnt","611","14"
"cnt","611","13"
"cnt","611","11"
"cnt","615","14"
"cnt","615","13"
"cnt","615","11"
"cnt","615","6"
"cnt","616","14"
"cnt","616","13"
"cnt","616","11"
"cnt","616","6"
"cnt","621","14"
"cnt","621","13"
"cnt","621","11"
"cnt","621","6"
"cnt","626","11"
"cnt","626","13"
"cnt","626","14"
"obj","626","563"
"cnt","627","6"
"cnt","627","11"
"cnt","627","13"
"cnt","627","14"
"cnt","631","14"
"cnt","631","6"
"cnt","631","11"
"cnt","631","12"
"cnt","631","13"
"obj","631","97"
"cnt","632","6"
"cnt","632","11"
"cnt","632","13"
"cnt","632","14"
"cnt","633","27"
"cnt","633","26"
"cnt","633","12"
"cnt","633","5"
"cnt","633","14"
"cnt","634","13"
"cnt","634","11"
"cnt","634","6"
"cnt","634","14"
"cnt","635","14"
"cnt","635","13"
"cnt","635","11"
"cnt","635","6"
"obj","635","45"
"obj","635","587"
"obj","635","35"
"cnt","636","6"
"cnt","636","11"
"cnt","636","13"
"cnt","636","14"
"obj","636","633"
"obj","636","79"
"cnt","638","14"
"cnt","638","6"
"cnt","638","11"
"cnt","638","13"
"obj","638","367"
"obj","638","448"
"obj","638","485"
"cnt","639","14"
"cnt","639","13"
"cnt","639","11"
"cnt","639","6"
"obj","639","633"
"obj","639","79"
"cnt","640","14"
"cnt","640","13"
"cnt","640","11"
"cnt","640","6"
"cnt","642","13"
"cnt","642","14"
"obj","642","648"
"obj","642","814"
"obj","642","631"
"obj","642","97"
"obj","631","642"
"cnt","643","6"
"cnt","643","11"
"cnt","643","13"
"cnt","643","14"
"obj","643","593"
"obj","643","467"
"obj","643","49"
"cnt","644","14"
"cnt","644","13"
"cnt","644","12"
"cnt","644","11"
"cnt","644","6"
"obj","644","418"
"obj","644","449"
"obj","644","446"
"obj","644","84"
"cnt","645","11"
"cnt","645","6"
"obj","645","34"
"obj","645","773"
"cnt","646","14"
"cnt","646","13"
"cnt","646","11"
"cnt","646","6"
"obj","646","583"
"cnt","648","6"
"cnt","648","11"
"cnt","648","12"
"cnt","648","13"
"cnt","648","14"
"obj","648","97"
"obj","648","642"
"cnt","649","27"
"cnt","649","26"
"cnt","649","12"
"cnt","649","5"
"cnt","649","14"
"cnt","649","13"
"cnt","649","11"
"cnt","655","14"
"cnt","655","13"
"cnt","655","11"
"cnt","655","6"
"obj","655","640"
"obj","655","638"
"obj","655","367"
"obj","638","655"
"obj","686","634"
"obj","634","686"
"cnt","694","6"
"cnt","694","11"
"cnt","694","13"
"cnt","694","14"
"cnt","695","6"
"cnt","695","11"
"cnt","695","13"
"cnt","695","14"
"obj","695","335"
"cnt","696","14"
"cnt","696","13"
"cnt","696","11"
"cnt","696","6"
"cnt","697","6"
"cnt","697","11"
"cnt","697","13"
"cnt","697","14"
"obj","697","139"
"obj","697","140"
"obj","697","143"
"cnt","698","14"
"cnt","698","13"
"cnt","698","12"
"cnt","698","11"
"cnt","698","6"
"cnt","698","5"
"cnt","699","6"
"cnt","699","11"
"cnt","699","12"
"cnt","699","13"
"cnt","699","14"
"obj","699","501"
"obj","699","121"
"obj","699","122"
"cnt","701","14"
"cnt","701","13"
"cnt","701","11"
"cnt","701","6"
"obj","701","622"
"cnt","622","5"
"cnt","702","14"
"cnt","702","13"
"cnt","702","11"
"cnt","702","6"
"cnt","703","11"
"cnt","703","13"
"cnt","703","6"
"cnt","703","14"
"obj","703","705"
"obj","704","703"
"obj","703","682"
"cnt","705","14"
"cnt","705","13"
"cnt","705","11"
"cnt","705","6"
"obj","705","682"
"obj","705","704"
"obj","705","702"
"obj","705","703"
"obj","703","45"
"obj","703","704"
"cnt","1833","27"
"cnt","1833","13"
"cnt","1833","14"
"cnt","1833","26"
"cnt","1833","11"
"cnt","1833","12"
"cnt","1833","6"
"cnt","1832","13"
"cnt","1832","14"
"cnt","708","14"
"cnt","708","13"
"cnt","708","11"
"cnt","708","6"
"obj","708","706"
"obj","708","44"
"obj","708","42"
"obj","708","41"
"obj","708","40"
"obj","708","39"
"obj","708","587"
"cnt","725","13"
"cnt","725","11"
"cnt","725","6"
"cnt","729","6"
"cnt","729","11"
"cnt","729","13"
"cnt","729","14"
"cnt","730","14"
"cnt","730","13"
"cnt","730","11"
"cnt","730","6"
"cnt","731","14"
"cnt","731","13"
"cnt","731","11"
"cnt","731","6"
"cnt","732","6"
"cnt","732","11"
"cnt","732","13"
"cnt","732","14"
"cnt","733","14"
"cnt","733","13"
"cnt","733","11"
"cnt","733","6"
"cnt","734","14"
"cnt","734","13"
"cnt","734","11"
"cnt","734","6"
"cnt","735","6"
"cnt","735","11"
"cnt","735","13"
"cnt","735","14"
"cnt","736","6"
"cnt","736","11"
"cnt","736","13"
"cnt","736","14"
"cnt","737","6"
"cnt","737","11"
"cnt","737","13"
"cnt","737","14"
"cnt","738","14"
"cnt","738","13"
"cnt","738","11"
"cnt","738","6"
"cnt","740","6"
"cnt","740","11"
"cnt","740","13"
"cnt","740","14"
"cnt","742","14"
"cnt","742","13"
"cnt","742","11"
"cnt","742","6"
"cnt","743","14"
"cnt","743","13"
"cnt","743","11"
"cnt","743","6"
"cnt","744","6"
"cnt","744","11"
"cnt","744","13"
"cnt","744","14"
"cnt","745","14"
"cnt","745","13"
"cnt","745","11"
"cnt","745","6"
"cnt","746","6"
"cnt","746","11"
"cnt","746","13"
"cnt","746","14"
"cnt","747","6"
"cnt","747","11"
"cnt","747","13"
"cnt","747","14"
"cnt","748","14"
"cnt","748","13"
"cnt","748","11"
"cnt","748","6"
"cnt","749","6"
"cnt","749","11"
"cnt","749","13"
"cnt","749","14"
"cnt","750","6"
"cnt","750","11"
"cnt","750","13"
"cnt","750","14"
"cnt","751","6"
"cnt","751","11"
"cnt","751","13"
"cnt","751","14"
"cnt","752","6"
"cnt","752","11"
"cnt","752","13"
"cnt","752","14"
"cnt","753","14"
"cnt","753","13"
"cnt","753","11"
"cnt","753","6"
"cnt","754","6"
"cnt","754","11"
"cnt","754","13"
"cnt","754","14"
"cnt","755","6"
"cnt","755","11"
"cnt","755","13"
"cnt","755","14"
"cnt","756","13"
"cnt","756","11"
"cnt","756","6"
"obj","756","65"
"cnt","757","14"
"cnt","757","13"
"cnt","757","11"
"cnt","757","6"
"cnt","758","27"
"cnt","758","26"
"cnt","758","12"
"cnt","758","5"
"cnt","759","14"
"cnt","759","13"
"cnt","759","11"
"cnt","759","6"
"obj","760","79"
"obj","760","108"
"obj","760","105"
"obj","760","103"
"cnt","761","14"
"cnt","761","13"
"cnt","761","11"
"cnt","761","6"
"cnt","762","6"
"cnt","762","11"
"cnt","762","13"
"cnt","762","14"
"cnt","763","14"
"cnt","763","13"
"cnt","763","11"
"cnt","763","6"
"cnt","764","27"
"cnt","764","26"
"cnt","764","12"
"cnt","764","5"
"cnt","765","14"
"cnt","765","13"
"cnt","765","11"
"cnt","765","6"
"cnt","766","6"
"cnt","766","11"
"cnt","766","13"
"cnt","766","14"
"cnt","767","6"
"cnt","767","14"
"cnt","767","13"
"cnt","767","11"
"cnt","768","14"
"cnt","768","13"
"cnt","768","11"
"cnt","768","6"
"cnt","769","13"
"cnt","769","14"
"cnt","769","11"
"cnt","769","6"
"obj","770","475"
"obj","770","447"
"obj","770","801"
"obj","770","892"
"cnt","771","14"
"cnt","771","13"
"cnt","771","11"
"cnt","771","6"
"cnt","772","14"
"cnt","772","13"
"cnt","772","11"
"cnt","772","6"
"cnt","773","6"
"obj","773","108"
"obj","773","76"
"obj","773","645"
"cnt","774","14"
"cnt","774","13"
"cnt","774","11"
"cnt","774","6"
"cnt","775","6"
"cnt","775","11"
"cnt","775","13"
"cnt","775","14"
"cnt","776","14"
"cnt","776","13"
"cnt","776","11"
"cnt","776","6"
"cnt","779","6"
"cnt","779","11"
"cnt","779","13"
"cnt","779","14"
"cnt","780","6"
"cnt","780","11"
"cnt","780","13"
"cnt","780","14"
"cnt","781","13"
"cnt","781","11"
"cnt","781","6"
"obj","781","780"
"cnt","782","14"
"cnt","782","13"
"cnt","782","11"
"cnt","782","6"
"cnt","783","6"
"cnt","783","11"
"cnt","783","13"
"cnt","783","14"
"obj","769","61"
"obj","769","189"
"cnt","784","6"
"cnt","784","11"
"cnt","784","13"
"cnt","784","14"
"obj","785","125"
"obj","785","471"
"obj","785","124"
"obj","785","877"
"cnt","786","13"
"cnt","786","11"
"cnt","786","6"
"obj","786","901"
"cnt","787","14"
"cnt","787","13"
"cnt","787","11"
"cnt","787","6"
"cnt","788","6"
"cnt","788","11"
"cnt","788","13"
"cnt","788","14"
"cnt","789","6"
"cnt","789","11"
"cnt","789","13"
"cnt","789","14"
"cnt","790","14"
"cnt","790","13"
"cnt","790","11"
"cnt","790","6"
"cnt","793","14"
"cnt","793","13"
"cnt","793","11"
"cnt","793","6"
"cnt","794","6"
"cnt","794","11"
"cnt","794","13"
"cnt","794","14"
"cnt","796","14"
"cnt","796","13"
"cnt","796","11"
"cnt","796","6"
"cnt","797","14"
"cnt","797","13"
"cnt","797","11"
"cnt","797","6"
"cnt","798","14"
"cnt","798","13"
"cnt","798","11"
"cnt","798","6"
"cnt","799","6"
"cnt","799","11"
"cnt","799","13"
"cnt","799","14"
"cnt","800","14"
"cnt","800","13"
"cnt","800","11"
"cnt","800","6"
"obj","801","452"
"obj","801","475"
"obj","801","447"
"obj","801","892"
"obj","802","859"
"obj","802","812"
"obj","802","819"
"obj","802","870"
"cnt","803","14"
"cnt","803","13"
"cnt","803","11"
"cnt","803","6"
"cnt","804","14"
"cnt","804","13"
"cnt","804","11"
"cnt","804","6"
"cnt","805","6"
"cnt","805","11"
"cnt","805","13"
"cnt","805","14"
"cnt","806","6"
"cnt","806","11"
"cnt","806","13"
"cnt","806","14"
"cnt","807","14"
"cnt","807","13"
"cnt","807","11"
"cnt","807","6"
"obj","809","357"
"obj","809","699"
"obj","809","634"
"obj","809","873"
"cnt","810","6"
"cnt","810","11"
"cnt","810","13"
"cnt","810","14"
"cnt","811","11"
"cnt","811","13"
"cnt","811","14"
"obj","811","437"
"cnt","812","6"
"cnt","812","11"
"cnt","812","13"
"cnt","812","14"
"cnt","813","6"
"cnt","813","11"
"cnt","813","13"
"cnt","813","14"
"cnt","814","6"
"cnt","814","11"
"cnt","814","13"
"cnt","814","14"
"cnt","815","6"
"cnt","815","11"
"cnt","815","13"
"cnt","815","14"
"cnt","816","14"
"cnt","816","13"
"cnt","816","11"
"cnt","816","6"
"cnt","818","6"
"cnt","818","11"
"cnt","818","13"
"cnt","818","14"
"cnt","819","6"
"cnt","819","11"
"cnt","819","13"
"cnt","819","14"
"cnt","820","6"
"cnt","820","11"
"cnt","820","13"
"cnt","820","14"
"cnt","821","27"
"cnt","821","26"
"cnt","821","12"
"cnt","821","5"
"obj","369","368"
"obj","369","441"
"obj","369","445"
"obj","369","393"
"obj","369","459"
"cnt","822","5"
"cnt","824","5"
"obj","824","823"
"obj","824","822"
"obj","824","391"
"obj","824","387"
"cnt","825","5"
"obj","825","126"
"obj","825","123"
"obj","825","443"
"obj","825","394"
"obj","825","122"
"cnt","827","5"
"obj","827","440"
"obj","827","457"
"obj","827","395"
"obj","827","441"
"cnt","830","5"
"obj","830","389"
"obj","830","387"
"obj","830","403"
"obj","830","388"
"cnt","831","5"
"obj","831","457"
"obj","831","445"
"obj","831","441"
"obj","831","827"
"cnt","832","5"
"obj","832","831"
"obj","832","824"
"obj","832","823"
"obj","832","822"
"cnt","833","14"
"cnt","833","12"
"cnt","833","5"
"cnt","833","13"
"cnt","833","6"
"cnt","833","11"
"cnt","834","6"
"cnt","834","11"
"cnt","834","13"
"cnt","835","5"
"cnt","836","5"
"cnt","836","6"
"cnt","836","11"
"cnt","836","13"
"cnt","836","14"
"cnt","837","13"
"cnt","838","13"
"cnt","838","11"
"cnt","838","6"
"cnt","838","14"
"cnt","845","5"
"cnt","846","5"
"obj","846","827"
"obj","846","828"
"obj","846","831"
"cnt","847","5"
"obj","847","846"
"obj","847","831"
"obj","847","828"
"obj","847","827"
"cnt","849","5"
"obj","849","848"
"obj","849","847"
"obj","849","846"
"obj","849","831"
"cnt","850","5"
"obj","850","799"
"obj","850","797"
"obj","850","788"
"obj","850","787"
"cnt","851","5"
"obj","851","850"
"obj","851","849"
"obj","851","848"
"obj","851","847"
"cnt","852","5"
"cnt","852","12"
"cnt","852","13"
"cnt","852","14"
"cnt","852","11"
"cnt","852","6"
"obj","852","825"
"obj","852","786"
"obj","852","123"
"obj","852","126"
"obj","796","473"
"obj","796","769"
"obj","796","623"
"obj","796","772"
"obj","834","833"
"obj","834","442"
"obj","834","846"
"obj","834","387"
"obj","834","823"
"obj","834","403"
"obj","834","847"
"obj","834","827"
"obj","834","445"
"obj","834","383"
"obj","834","386"
"obj","833","640"
"obj","833","625"
"obj","833","824"
"cnt","853","13"
"cnt","853","11"
"cnt","853","6"
"cnt","853","14"
"cnt","854","6"
"cnt","854","11"
"cnt","854","13"
"cnt","854","14"
"cnt","855","14"
"cnt","855","13"
"cnt","855","11"
"cnt","855","6"
"cnt","856","6"
"cnt","856","13"
"cnt","856","14"
"cnt","856","11"
"cnt","857","14"
"cnt","857","6"
"cnt","857","11"
"cnt","857","13"
"cnt","858","11"
"cnt","858","6"
"obj","858","777"
"obj","858","853"
"cnt","859","6"
"cnt","859","11"
"cnt","859","13"
"cnt","859","14"
"cnt","860","14"
"cnt","860","13"
"cnt","860","11"
"cnt","860","6"
"cnt","861","14"
"cnt","861","13"
"cnt","861","11"
"cnt","861","6"
"cnt","862","6"
"cnt","862","11"
"cnt","862","13"
"cnt","862","14"
"cnt","863","11"
"cnt","863","6"
"obj","863","809"
"obj","863","648"
"cnt","864","14"
"cnt","864","13"
"cnt","864","11"
"cnt","864","6"
"cnt","865","6"
"cnt","865","11"
"cnt","865","13"
"cnt","865","14"
"obj","866","121"
"obj","866","450"
"obj","866","127"
"obj","866","451"
"cnt","867","14"
"cnt","867","13"
"cnt","867","11"
"cnt","867","6"
"cnt","868","14"
"cnt","868","13"
"cnt","868","11"
"cnt","868","6"
"cnt","869","6"
"cnt","869","11"
"cnt","869","13"
"cnt","869","14"
"cnt","870","6"
"cnt","870","11"
"cnt","870","13"
"cnt","870","14"
"cnt","871","6"
"cnt","871","11"
"cnt","871","13"
"cnt","871","14"
"cnt","872","14"
"cnt","872","13"
"cnt","872","11"
"cnt","872","6"
"cnt","873","14"
"cnt","873","13"
"cnt","873","11"
"cnt","873","6"
"cnt","874","6"
"cnt","874","11"
"cnt","874","13"
"cnt","874","14"
"cnt","875","14"
"cnt","875","13"
"cnt","875","11"
"cnt","875","6"
"cnt","858","13"
"cnt","858","14"
"obj","853","858"
"cnt","53","6"
"obj","778","858"
"obj","778","853"
"obj","777","858"
"cnt","876","14"
"cnt","876","13"
"cnt","876","11"
"cnt","876","6"
"obj","876","545"
"obj","876","600"
"obj","876","598"
"cnt","877","6"
"obj","877","471"
"obj","877","124"
"obj","877","451"
"obj","877","125"
"cnt","880","6"
"obj","880","854"
"obj","880","908"
"obj","880","478"
"cnt","881","14"
"cnt","881","13"
"cnt","881","11"
"cnt","881","6"
"obj","881","537"
"cnt","882","6"
"cnt","882","11"
"cnt","882","13"
"cnt","882","14"
"cnt","883","14"
"cnt","883","13"
"cnt","883","11"
"cnt","883","6"
"obj","885","71"
"obj","885","72"
"obj","885","439"
"obj","885","436"
"obj","885","74"
"obj","885","867"
"cnt","885","6"
"cnt","885","11"
"cnt","885","13"
"cnt","885","14"
"cnt","886","6"
"cnt","886","11"
"cnt","886","13"
"cnt","886","14"
"obj","887","775"
"obj","887","110"
"obj","887","345"
"cnt","887","6"
"cnt","887","11"
"cnt","887","13"
"cnt","887","14"
"obj","888","586"
"obj","888","439"
"obj","888","347"
"obj","888","74"
"obj","888","867"
"obj","888","436"
"cnt","888","6"
"cnt","888","11"
"cnt","888","13"
"cnt","888","14"
"cnt","889","14"
"cnt","889","13"
"cnt","889","11"
"cnt","889","6"
"cnt","890","6"
"cnt","890","11"
"cnt","890","13"
"cnt","890","14"
"cnt","891","14"
"cnt","891","13"
"cnt","891","11"
"cnt","891","6"
"cnt","1820","11"
"cnt","1820","6"
"cnt","1819","12"
"cnt","1819","11"
"cnt","1819","26"
"obj","893","447"
"obj","893","475"
"cnt","893","6"
"cnt","893","11"
"cnt","893","13"
"cnt","893","14"
"cnt","894","13"
"cnt","894","11"
"cnt","894","6"
"obj","894","597"
"cnt","895","6"
"cnt","895","11"
"cnt","895","13"
"cnt","895","14"
"obj","895","61"
"obj","895","348"
"obj","896","890"
"cnt","896","6"
"cnt","896","11"
"cnt","896","13"
"cnt","896","14"
"cnt","897","6"
"cnt","897","11"
"cnt","897","13"
"cnt","897","14"
"obj","897","469"
"obj","897","467"
"obj","897","49"
"cnt","898","14"
"cnt","898","13"
"cnt","898","11"
"cnt","898","6"
"obj","898","881"
"obj","898","537"
"cnt","899","14"
"cnt","899","13"
"cnt","899","6"
"cnt","899","11"
"cnt","900","6"
"cnt","900","11"
"cnt","900","13"
"cnt","900","14"
"cnt","901","14"
"cnt","901","13"
"cnt","901","11"
"cnt","901","6"
"obj","901","890"
"obj","901","896"
"cnt","902","6"
"cnt","902","11"
"cnt","902","13"
"cnt","902","14"
"obj","903","857"
"cnt","904","6"
"cnt","904","11"
"cnt","904","13"
"cnt","904","14"
"cnt","905","14"
"cnt","905","13"
"cnt","905","11"
"cnt","905","6"
"obj","906","475"
"obj","906","447"
"obj","906","893"
"obj","906","892"
"cnt","907","6"
"cnt","907","11"
"cnt","907","13"
"cnt","907","14"
"obj","907","84"
"obj","907","644"
"obj","907","446"
"obj","907","449"
"obj","907","418"
"cnt","908","27"
"cnt","908","26"
"cnt","908","12"
"cnt","908","5"
"cnt","909","6"
"cnt","909","11"
"cnt","909","13"
"cnt","909","14"
"cnt","910","14"
"cnt","910","6"
"cnt","910","11"
"cnt","910","13"
"cnt","1832","11"
"cnt","1832","6"
"cnt","1831","6"
"cnt","1831","11"
"cnt","912","14"
"cnt","912","13"
"cnt","912","11"
"cnt","912","6"
"cnt","913","27"
"cnt","913","12"
"cnt","913","5"
"cnt","913","26"
"cnt","1838","11"
"cnt","1837","6"
"cnt","1837","11"
"cnt","1837","14"
"cnt","915","6"
"cnt","915","11"
"cnt","915","13"
"cnt","915","14"
"cnt","909","26"
"obj","909","420"
"obj","909","581"
"obj","909","97"
"obj","909","2"
"obj","909","642"
"cnt","913","14"
"cnt","913","13"
"cnt","913","11"
"cnt","913","6"
"obj","913","567"
"obj","913","880"
"cnt","880","11"
"cnt","880","13"
"cnt","880","14"
"cnt","877","11"
"cnt","877","13"
"cnt","877","14"
"obj","873","634"
"obj","873","122"
"obj","873","821"
"obj","873","868"
"obj","873","450"
"obj","873","699"
"obj","873","357"
"obj","873","451"
"obj","873","127"
"obj","872","473"
"obj","872","603"
"obj","872","855"
"obj","903","16"
"cnt","903","5"
"cnt","903","6"
"cnt","903","12"
"cnt","903","11"
"cnt","903","26"
"cnt","903","14"
"cnt","903","13"
"cnt","903","27"
"obj","857","16"
"obj","856","2"
"obj","856","586"
"obj","899","119"
"obj","899","470"
"cnt","894","14"
"cnt","901","5"
"cnt","901","12"
"cnt","901","26"
"cnt","901","27"
"obj","882","111"
"obj","882","564"
"obj","882","609"
"obj","882","599"
"obj","882","29"
"cnt","825","6"
"cnt","825","11"
"cnt","825","12"
"cnt","825","13"
"cnt","825","14"
"cnt","811","6"
"obj","809","127"
"obj","809","121"
"obj","809","865"
"obj","809","868"
"obj","809","821"
"obj","809","126"
"cnt","809","6"
"cnt","809","11"
"cnt","809","13"
"cnt","809","14"
"cnt","809","5"
"cnt","809","12"
"cnt","809","26"
"cnt","809","27"
"obj","807","450"
"obj","807","127"
"obj","807","276"
"obj","807","200"
"obj","807","357"
"obj","807","451"
"cnt","1819","14"
"cnt","1819","13"
"cnt","1819","27"
"cnt","1818","13"
"cnt","1818","14"
"cnt","1818","11"
"cnt","1817","13"
"cnt","1817","14"
"cnt","1817","11"
"cnt","1817","5"
"cnt","1817","6"
"obj","802","860"
"obj","802","540"
"cnt","802","6"
"cnt","802","11"
"cnt","802","13"
"cnt","802","14"
"cnt","786","14"
"cnt","786","5"
"cnt","786","12"
"cnt","786","26"
"cnt","786","27"
"obj","785","724"
"obj","785","588"
"obj","785","575"
"obj","785","55"
"obj","785","56"
"cnt","785","6"
"cnt","785","11"
"cnt","785","13"
"cnt","785","14"
"cnt","756","14"
"cnt","756","5"
"cnt","756","12"
"cnt","756","26"
"cnt","756","27"
"cnt","478","5"
"cnt","478","12"
"cnt","478","26"
"cnt","478","27"
"obj","767","858"
"cnt","758","14"
"cnt","758","13"
"cnt","758","11"
"cnt","758","6"
"obj","758","775"
"obj","758","480"
"obj","758","634"
"obj","758","633"
"obj","758","798"
"obj","758","103"
"cnt","645","13"
"cnt","645","14"
"obj","760","813"
"cnt","760","6"
"cnt","760","11"
"cnt","760","13"
"cnt","760","14"
"obj","597","894"
"obj","597","655"
"obj","597","97"
"obj","597","773"
"cnt","606","11"
"cnt","606","13"
"cnt","606","14"
"cnt","606","5"
"cnt","606","12"
"cnt","606","26"
"cnt","606","27"
"cnt","501","5"
"cnt","501","26"
"cnt","501","27"
"cnt","633","13"
"cnt","633","11"
"cnt","633","6"
"obj","633","79"
"cnt","821","14"
"cnt","821","13"
"cnt","821","11"
"cnt","821","6"
"cnt","591","5"
"cnt","591","12"
"cnt","591","26"
"cnt","591","27"
"cnt","649","6"
"obj","649","545"
"obj","649","598"
"obj","649","466"
"cnt","579","26"
"cnt","579","27"
"cnt","580","12"
"cnt","580","13"
"cnt","580","14"
"cnt","574","13"
"cnt","574","14"
"cnt","574","12"
"obj","574","124"
"obj","574","769"
"obj","574","764"
"obj","574","772"
"obj","574","625"
"cnt","622","6"
"cnt","622","12"
"cnt","622","11"
"cnt","622","26"
"cnt","622","14"
"cnt","622","13"
"cnt","622","27"
"obj","622","701"
"cnt","538","27"
"obj","538","470"
"obj","538","464"
"obj","538","339"
"cnt","568","6"
"cnt","568","11"
"cnt","568","13"
"cnt","568","14"
"obj","568","763"
"obj","568","764"
"obj","568","623"
"obj","361","49"
"obj","361","50"
"obj","361","91"
"obj","361","349"
"obj","793","49"
"obj","793","467"
"obj","793","469"
"obj","793","643"
"obj","793","593"
"obj","793","897"
"obj","793","71"
"obj","793","479"
"obj","793","481"
"obj","793","72"
"obj","838","749"
"cnt","747","5"
"cnt","747","26"
"cnt","747","27"
"obj","747","488"
"obj","747","131"
"obj","747","356"
"obj","747","128"
"obj","747","136"
"obj","561","731"
"obj","561","749"
"obj","561","175"
"obj","733","131"
"obj","733","130"
"obj","733","128"
"obj","733","556"
"obj","733","753"
"obj","733","747"
"obj","733","743"
"obj","733","732"
"obj","715","194"
"obj","715","656"
"obj","715","614"
"obj","715","323"
"cnt","715","5"
"cnt","715","6"
"cnt","715","12"
"cnt","715","11"
"cnt","715","26"
"cnt","715","14"
"cnt","715","13"
"cnt","715","27"
"obj","426","597"
"cnt","426","5"
"cnt","426","6"
"cnt","426","12"
"cnt","426","11"
"cnt","426","26"
"cnt","426","14"
"cnt","426","13"
"cnt","426","27"
"obj","524","525"
"obj","524","526"
"obj","524","527"
"obj","524","528"
"obj","524","529"
"obj","524","530"
"cnt","524","5"
"cnt","524","6"
"cnt","524","12"
"cnt","524","11"
"cnt","524","26"
"cnt","524","14"
"cnt","524","13"
"cnt","524","27"
"cnt","781","14"
"cnt","781","5"
"cnt","781","12"
"cnt","781","26"
"cnt","781","27"
"obj","741","769"
"obj","741","715"
"obj","741","714"
"obj","741","713"
"obj","741","712"
"obj","741","658"
"obj","741","656"
"cnt","741","5"
"cnt","741","6"
"cnt","741","12"
"cnt","741","11"
"cnt","741","26"
"cnt","741","14"
"cnt","741","13"
"cnt","741","27"
"obj","612","97"
"obj","612","80"
"obj","612","558"
"cnt","612","5"
"cnt","612","6"
"cnt","612","12"
"cnt","612","11"
"cnt","612","26"
"cnt","612","14"
"cnt","612","13"
"cnt","612","27"
"obj","620","539"
"obj","620","86"
"cnt","620","5"
"cnt","620","6"
"cnt","620","12"
"cnt","620","11"
"cnt","620","26"
"cnt","620","14"
"cnt","620","13"
"cnt","620","27"
"obj","687","786"
"obj","687","637"
"obj","687","8"
"cnt","687","5"
"cnt","687","6"
"cnt","687","12"
"cnt","687","11"
"cnt","687","26"
"cnt","687","14"
"cnt","687","13"
"cnt","687","27"
"cnt","808","5"
"cnt","808","6"
"cnt","808","12"
"cnt","808","11"
"cnt","808","26"
"cnt","808","14"
"cnt","808","13"
"cnt","808","27"
"cnt","569","5"
"cnt","569","6"
"cnt","569","12"
"cnt","569","11"
"cnt","569","26"
"cnt","569","14"
"cnt","569","13"
"cnt","569","27"
"obj","710","687"
"obj","710","8"
"cnt","710","5"
"cnt","710","6"
"cnt","710","12"
"cnt","710","11"
"cnt","710","26"
"cnt","710","14"
"cnt","710","13"
"cnt","710","27"
"cnt","654","5"
"cnt","654","6"
"cnt","654","12"
"cnt","654","11"
"cnt","654","26"
"cnt","654","14"
"cnt","654","13"
"cnt","654","27"
"cnt","554","14"
"cnt","554","5"
"cnt","554","12"
"cnt","554","26"
"cnt","554","27"
"cnt","541","5"
"cnt","541","6"
"cnt","541","12"
"cnt","541","11"
"cnt","541","26"
"cnt","541","14"
"cnt","541","13"
"cnt","541","27"
"obj","709","518"
"obj","709","203"
"obj","709","240"
"cnt","709","5"
"cnt","709","6"
"cnt","709","12"
"cnt","709","11"
"cnt","709","26"
"cnt","709","14"
"cnt","709","13"
"cnt","709","27"
"cnt","915","5"
"cnt","915","12"
"cnt","915","26"
"cnt","915","27"
"obj","915","10"
"obj","915","732"
"obj","915","733"
"obj","915","740"
"obj","915","180"
"obj","915","561"
"obj","915","129"
"obj","915","137"
"cnt","1837","13"
"cnt","1836","27"
"cnt","1836","13"
"cnt","1836","11"
"cnt","1836","6"
"cnt","1835","27"
"cnt","1835","13"
"cnt","1835","11"
"cnt","1835","6"
"cnt","1834","27"
"cnt","1834","13"
"cnt","1834","11"
"cnt","1834","6"
"cnt","1831","14"
"cnt","1831","13"
"cnt","1830","6"
"cnt","1830","11"
"cnt","1830","13"
"cnt","1830","27"
"cnt","1829","6"
"cnt","1829","11"
"cnt","1827","13"
"obj","910","342"
"obj","886","836"
"obj","886","343"
"obj","886","181"
"obj","886","334"
"obj","162","163"
"obj","162","317"
"obj","162","493"
"obj","162","341"
"obj","162","355"
"obj","344","155"
"obj","344","346"
"obj","344","555"
"obj","344","742"
"cnt","837","14"
"cnt","837","6"
"cnt","837","5"
"obj","837","836"
"obj","837","332"
"obj","837","316"
"obj","837","181"
"obj","837","159"
"cnt","354","6"
"obj","354","157"
"obj","354","156"
"obj","354","151"
"obj","175","356"
"obj","175","697"
"obj","175","556"
"obj","175","743"
"obj","175","753"
"obj","175","174"
"obj","175","134"
"obj","175","135"
"obj","810","487"
"obj","810","489"
"obj","810","697"
"obj","810","139"
"obj","810","140"
"obj","810","141"
"obj","810","143"
"obj","810","144"
"obj","810","336"
"obj","810","13"
"obj","810","21"
"obj","810","22"
"obj","810","500"
"obj","810","92"
"obj","810","234"
"obj","171","362"
"obj","171","193"
"obj","171","188"
"obj","171","187"
"obj","171","175"
"obj","171","753"
"obj","171","192"
"cnt","333","5"
"cnt","333","6"
"cnt","333","11"
"obj","333","492"
"obj","333","334"
"obj","333","156"
"obj","333","170"
"obj","333","316"
"obj","749","137"
"obj","749","133"
"obj","749","353"
"obj","749","338"
"obj","753","335"
"obj","753","746"
"obj","753","745"
"obj","753","488"
"obj","753","136"
"cnt","346","6"
"obj","346","337"
"obj","346","494"
"cnt","916","13"
"cnt","916","14"
"cnt","916","6"
"cnt","917","6"
"cnt","917","14"
"cnt","917","13"
"obj","918","435"
"obj","918","1096"
"obj","918","769"
"obj","918","350"
"cnt","919","6"
"cnt","919","11"
"cnt","919","13"
"cnt","919","27"
"cnt","920","6"
"cnt","920","11"
"cnt","920","13"
"cnt","920","27"
"cnt","921","27"
"cnt","921","13"
"cnt","921","14"
"cnt","921","26"
"cnt","921","11"
"cnt","921","12"
"cnt","921","6"
"cnt","922","27"
"cnt","922","13"
"cnt","922","11"
"cnt","922","6"
"cnt","923","27"
"cnt","923","13"
"cnt","923","14"
"cnt","923","11"
"cnt","923","6"
"cnt","924","6"
"cnt","924","11"
"cnt","924","14"
"cnt","924","13"
"cnt","925","6"
"cnt","925","14"
"cnt","925","13"
"cnt","926","27"
"cnt","926","13"
"cnt","926","14"
"cnt","926","11"
"cnt","926","6"
"cnt","928","27"
"cnt","928","13"
"cnt","928","11"
"cnt","928","6"
"cnt","930","27"
"cnt","930","13"
"cnt","930","11"
"cnt","930","6"
"cnt","932","6"
"cnt","932","11"
"cnt","932","14"
"cnt","932","13"
"cnt","933","6"
"cnt","933","11"
"cnt","933","14"
"cnt","933","13"
"cnt","935","6"
"cnt","935","11"
"cnt","935","14"
"cnt","935","13"
"cnt","936","13"
"cnt","936","14"
"cnt","936","11"
"cnt","936","6"
"cnt","937","6"
"obj","937","941"
"obj","937","153"
"obj","937","774"
"cnt","938","27"
"cnt","938","13"
"cnt","938","11"
"cnt","938","6"
"cnt","939","27"
"cnt","939","13"
"cnt","939","11"
"cnt","939","6"
"cnt","940","11"
"cnt","940","13"
"cnt","940","27"
"obj","940","436"
"cnt","941","27"
"cnt","941","13"
"cnt","941","11"
"cnt","941","6"
"cnt","942","6"
"cnt","942","11"
"cnt","942","13"
"cnt","942","27"
"cnt","943","6"
"cnt","943","11"
"cnt","943","13"
"cnt","943","27"
"cnt","944","6"
"cnt","944","11"
"cnt","944","13"
"cnt","944","27"
"cnt","945","27"
"cnt","945","13"
"cnt","945","11"
"cnt","945","6"
"cnt","946","6"
"cnt","946","11"
"cnt","946","13"
"cnt","946","27"
"cnt","1052","27"
"cnt","1052","13"
"cnt","1052","11"
"cnt","1052","6"
"cnt","1053","27"
"cnt","1053","13"
"cnt","1053","14"
"cnt","1053","26"
"cnt","1053","11"
"cnt","1053","6"
"obj","1053","438"
"obj","1053","820"
"obj","1053","604"
"obj","1053","28"
"cnt","1054","27"
"cnt","1054","13"
"cnt","1054","14"
"cnt","1054","11"
"cnt","1054","6"
"cnt","1055","6"
"obj","1055","798"
"obj","1055","75"
"obj","1055","774"
"obj","1055","65"
"obj","1055","634"
"cnt","1056","27"
"cnt","1056","13"
"cnt","1056","11"
"cnt","1056","6"
"cnt","1057","6"
"obj","1059","469"
"obj","1059","467"
"obj","1059","49"
"obj","1059","643"
"cnt","1060","27"
"cnt","1060","13"
"cnt","1060","14"
"cnt","1060","11"
"cnt","1060","6"
"obj","1061","1056"
"obj","1062","885"
"obj","1062","888"
"obj","1062","439"
"obj","1062","586"
"obj","1062","72"
"obj","1062","347"
"obj","1062","74"
"obj","1062","867"
"obj","1062","436"
"cnt","1062","6"
"cnt","1062","11"
"cnt","1062","14"
"cnt","1062","13"
"cnt","1062","27"
"cnt","1063","27"
"cnt","1063","13"
"cnt","1063","14"
"cnt","1063","11"
"cnt","1063","6"
"cnt","1064","6"
"cnt","1064","11"
"cnt","1064","13"
"cnt","1064","27"
"cnt","1065","27"
"cnt","1065","13"
"cnt","1065","11"
"cnt","1065","6"
"obj","1065","1056"
"obj","1065","1061"
"cnt","1066","6"
"cnt","1066","11"
"cnt","1066","13"
"cnt","1066","27"
"obj","1068","811"
"obj","1068","767"
"obj","1068","606"
"obj","1068","65"
"obj","1068","439"
"obj","1068","1097"
"cnt","1069","6"
"cnt","1070","6"
"cnt","1070","11"
"cnt","1070","14"
"cnt","1070","13"
"cnt","1070","27"
"cnt","1071","6"
"cnt","1071","11"
"cnt","1071","14"
"cnt","1071","13"
"cnt","1071","27"
"obj","1071","869"
"obj","1071","103"
"obj","1071","104"
"obj","1071","105"
"cnt","1072","13"
"cnt","1072","14"
"cnt","1072","11"
"cnt","1072","6"
"cnt","1073","13"
"cnt","1073","14"
"cnt","1073","11"
"cnt","1073","6"
"cnt","1074","27"
"cnt","1074","13"
"cnt","1074","11"
"cnt","1074","6"
"cnt","1075","27"
"cnt","1075","13"
"cnt","1075","14"
"cnt","1075","11"
"cnt","1075","6"
"cnt","1077","6"
"cnt","1079","27"
"cnt","1079","6"
"cnt","1079","11"
"cnt","1079","14"
"cnt","1079","13"
"cnt","1080","27"
"cnt","1080","13"
"cnt","1080","11"
"cnt","1080","6"
"cnt","1081","13"
"cnt","1081","11"
"cnt","1081","6"
"cnt","1082","6"
"cnt","1082","11"
"cnt","1082","14"
"cnt","1082","13"
"cnt","1083","6"
"cnt","1083","11"
"cnt","1083","14"
"cnt","1083","13"
"cnt","1083","27"
"cnt","1084","5"
"cnt","1084","12"
"cnt","1084","26"
"cnt","1084","27"
"cnt","1085","27"
"cnt","1085","13"
"cnt","1085","11"
"cnt","1085","6"
"cnt","1086","27"
"cnt","1086","13"
"cnt","1086","14"
"cnt","1086","11"
"cnt","1086","6"
"obj","1086","462"
"cnt","1213","13"
"cnt","1213","14"
"cnt","1213","11"
"cnt","1084","6"
"cnt","1084","11"
"cnt","1088","27"
"cnt","1088","13"
"cnt","1088","14"
"cnt","1088","11"
"cnt","1088","6"
"cnt","1089","27"
"cnt","1089","13"
"cnt","1089","14"
"cnt","1089","11"
"cnt","1089","6"
"obj","1089","1088"
"cnt","1090","27"
"cnt","1090","13"
"cnt","1090","14"
"cnt","1090","26"
"cnt","1090","11"
"cnt","1090","6"
"cnt","1091","6"
"cnt","1091","11"
"cnt","1091","13"
"cnt","1091","27"
"cnt","1092","6"
"cnt","1092","11"
"cnt","1092","13"
"cnt","1092","27"
"cnt","1093","13"
"cnt","1093","14"
"cnt","1093","11"
"cnt","1093","6"
"obj","1094","557"
"obj","1094","509"
"obj","1094","602"
"obj","1094","649"
"obj","1094","486"
"cnt","1095","6"
"cnt","1095","11"
"cnt","1095","14"
"cnt","1095","13"
"cnt","1096","27"
"cnt","1096","13"
"cnt","1096","14"
"cnt","1096","11"
"cnt","1096","6"
"cnt","1097","27"
"cnt","1097","13"
"cnt","1097","14"
"cnt","1097","26"
"cnt","1097","11"
"cnt","1097","12"
"cnt","1097","6"
"cnt","1098","27"
"cnt","1098","13"
"cnt","1098","14"
"cnt","1098","26"
"cnt","1098","11"
"cnt","1098","12"
"cnt","1098","6"
"cnt","1099","27"
"cnt","1099","13"
"cnt","1099","14"
"cnt","1099","26"
"cnt","1099","11"
"cnt","1099","12"
"cnt","1099","6"
"cnt","1100","14"
"cnt","1100","26"
"cnt","1100","11"
"cnt","1100","12"
"cnt","1100","6"
"cnt","1100","13"
"cnt","1100","27"
"cnt","1158","6"
"cnt","1143","13"
"cnt","1143","14"
"cnt","1143","11"
"cnt","1143","6"
"cnt","1144","13"
"cnt","1144","14"
"cnt","1144","11"
"cnt","1144","6"
"cnt","1150","6"
"cnt","1150","11"
"cnt","1150","13"
"cnt","1153","6"
"cnt","1159","6"
"cnt","1160","6"
"cnt","1161","6"
"cnt","1162","6"
"cnt","1163","6"
"cnt","1084","14"
"cnt","1164","6"
"cnt","1164","11"
"cnt","1164","14"
"cnt","1164","13"
"cnt","1164","27"
"obj","1164","50"
"obj","1164","462"
"obj","1164","1086"
"cnt","1166","27"
"cnt","1166","13"
"cnt","1166","14"
"cnt","1166","11"
"cnt","1166","6"
"obj","1166","599"
"obj","1166","29"
"obj","1166","111"
"cnt","1167","13"
"cnt","1167","14"
"cnt","1167","11"
"cnt","1167","6"
"obj","1167","1088"
"cnt","1167","27"
"cnt","1168","6"
"cnt","1168","11"
"cnt","1168","14"
"cnt","1168","13"
"cnt","1168","27"
"obj","1169","1164"
"cnt","1084","13"
"obj","1169","50"
"obj","1169","462"
"obj","1169","1086"
"cnt","1169","6"
"cnt","1169","11"
"cnt","1169","14"
"cnt","1169","13"
"cnt","1169","27"
"cnt","1170","13"
"cnt","1170","14"
"cnt","1170","11"
"cnt","1170","6"
"cnt","1171","13"
"cnt","1171","27"
"obj","1171","189"
"obj","1171","928"
"obj","1171","926"
"cnt","1172","6"
"cnt","1172","11"
"cnt","1172","13"
"cnt","1172","27"
"cnt","1173","27"
"cnt","1173","13"
"cnt","1173","14"
"cnt","1173","11"
"cnt","1173","6"
"cnt","1174","6"
"cnt","1174","11"
"cnt","1174","14"
"cnt","1174","13"
"cnt","1174","27"
"cnt","1175","6"
"cnt","1175","11"
"cnt","1175","14"
"cnt","1175","13"
"cnt","1175","27"
"cnt","1177","27"
"cnt","1177","13"
"cnt","1177","14"
"cnt","1177","11"
"cnt","1177","6"
"cnt","1178","6"
"cnt","1178","11"
"cnt","1178","14"
"cnt","1178","13"
"cnt","1178","27"
"cnt","1179","27"
"cnt","1179","13"
"cnt","1179","14"
"cnt","1179","11"
"cnt","1179","6"
"cnt","1180","27"
"cnt","1180","13"
"cnt","1180","14"
"cnt","1180","11"
"cnt","1180","6"
"cnt","1181","27"
"cnt","1181","13"
"cnt","1181","14"
"cnt","1181","11"
"cnt","1181","6"
"cnt","1183","27"
"cnt","1183","13"
"cnt","1183","11"
"cnt","1183","5"
"cnt","1184","12"
"cnt","1184","11"
"cnt","1184","26"
"cnt","1184","14"
"cnt","1184","13"
"cnt","1184","27"
"obj","1184","1302"
"cnt","1185","27"
"cnt","1185","13"
"cnt","1185","11"
"cnt","1185","6"
"obj","1186","603"
"obj","1186","549"
"obj","1186","817"
"obj","1186","874"
"cnt","1187","6"
"cnt","1187","11"
"cnt","1187","13"
"cnt","1187","27"
"cnt","1192","27"
"cnt","1192","13"
"cnt","1192","5"
"cnt","1193","6"
"cnt","1193","11"
"cnt","1193","14"
"cnt","1193","13"
"cnt","1194","27"
"cnt","1194","11"
"cnt","1194","5"
"cnt","1195","5"
"cnt","1195","27"
"cnt","1196","5"
"cnt","1196","6"
"cnt","1196","12"
"cnt","1196","11"
"cnt","1196","26"
"cnt","1196","14"
"cnt","1196","13"
"cnt","1196","27"
"cnt","1197","5"
"cnt","1198","27"
"cnt","1198","13"
"cnt","1198","14"
"cnt","1198","11"
"cnt","1198","5"
"cnt","1200","14"
"cnt","1200","13"
"cnt","1200","27"
"cnt","1200","11"
"cnt","1200","5"
"cnt","1200","6"
"cnt","1202","6"
"cnt","1202","27"
"cnt","1202","13"
"cnt","1202","14"
"cnt","1202","11"
"cnt","1202","5"
"cnt","1204","27"
"cnt","1204","13"
"cnt","1204","11"
"cnt","1204","5"
"cnt","1204","6"
"cnt","1205","27"
"cnt","1205","13"
"cnt","1205","14"
"cnt","1205","26"
"cnt","1205","11"
"cnt","1205","12"
"cnt","1205","5"
"cnt","1205","6"
"cnt","1206","27"
"cnt","1206","13"
"cnt","1206","14"
"cnt","1206","26"
"cnt","1206","6"
"cnt","1798","11"
"cnt","1208","6"
"cnt","1208","5"
"cnt","1208","12"
"cnt","1208","11"
"cnt","1208","26"
"cnt","1208","14"
"cnt","1208","13"
"cnt","1208","27"
"cnt","1209","11"
"obj","1209","906"
"obj","1209","873"
"obj","1209","785"
"obj","1209","892"
"obj","1209","447"
"obj","1209","476"
"obj","1209","452"
"cnt","1210","27"
"cnt","1210","13"
"cnt","1210","14"
"cnt","1210","26"
"cnt","1210","11"
"cnt","1210","12"
"cnt","1210","5"
"cnt","1210","6"
"cnt","1211","14"
"cnt","1211","26"
"cnt","1211","11"
"cnt","1211","12"
"cnt","1211","5"
"cnt","1211","6"
"obj","1211","1116"
"obj","1211","944"
"cnt","1212","6"
"cnt","1212","5"
"cnt","1212","12"
"cnt","1212","11"
"cnt","1212","26"
"cnt","1212","14"
"cnt","1212","13"
"cnt","1212","27"
"obj","1200","164"
"obj","1200","359"
"obj","1200","943"
"obj","1079","638"
"obj","1079","448"
"obj","1079","367"
"obj","1079","858"
"obj","1079","1078"
"obj","1079","640"
"cnt","1211","13"
"cnt","1211","27"
"obj","1079","655"
"obj","940","74"
"obj","940","347"
"obj","940","885"
"obj","940","439"
"obj","940","72"
"obj","940","1062"
"obj","940","65"
"obj","940","482"
"obj","940","71"
"obj","940","479"
"obj","906","452"
"obj","906","644"
"obj","906","125"
"cnt","906","6"
"cnt","906","11"
"cnt","906","13"
"cnt","906","14"
"obj","856","3"
"obj","902","597"
"obj","902","655"
"obj","902","1078"
"obj","902","894"
"obj","902","856"
"obj","902","903"
"obj","484","112"
"obj","484","438"
"obj","484","28"
"obj","484","1053"
"obj","484","604"
"obj","484","820"
"obj","112","438"
"obj","112","552"
"obj","112","484"
"obj","112","28"
"obj","112","1053"
"obj","112","604"
"obj","621","26"
"obj","621","599"
"obj","621","609"
"obj","621","564"
"obj","621","112"
"obj","621","438"
"obj","621","820"
"obj","621","882"
"obj","621","874"
"obj","621","1053"
"obj","621","604"
"obj","111","609"
"obj","111","599"
"obj","111","26"
"obj","817","943"
"obj","817","478"
"cnt","817","6"
"cnt","817","5"
"cnt","817","12"
"cnt","817","11"
"cnt","817","26"
"cnt","817","14"
"cnt","817","13"
"cnt","817","27"
"obj","617","585"
"obj","617","815"
"cnt","617","6"
"cnt","617","5"
"cnt","617","12"
"cnt","617","11"
"cnt","617","26"
"cnt","617","14"
"cnt","617","13"
"cnt","617","27"
"cnt","549","13"
"cnt","549","11"
"cnt","603","13"
"cnt","603","14"
"cnt","603","12"
"cnt","567","11"
"cnt","567","6"
"cnt","567","14"
"obj","567","569"
"cnt","75","5"
"cnt","75","6"
"cnt","75","11"
"cnt","75","13"
"cnt","75","14"
"cnt","75","12"
"cnt","75","26"
"cnt","75","27"
"cnt","773","11"
"cnt","773","13"
"cnt","773","14"
"cnt","485","6"
"cnt","485","11"
"cnt","485","13"
"cnt","485","14"
"cnt","485","27"
"cnt","642","11"
"cnt","642","6"
"cnt","642","5"
"cnt","642","12"
"cnt","642","26"
"cnt","642","27"
"cnt","770","14"
"cnt","770","13"
"cnt","770","11"
"cnt","770","6"
"cnt","770","5"
"cnt","770","12"
"cnt","770","26"
"cnt","770","27"
"obj","801","588"
"obj","801","591"
"obj","801","54"
"obj","801","575"
"cnt","801","6"
"cnt","801","11"
"cnt","801","13"
"cnt","801","14"
"cnt","801","5"
"cnt","801","12"
"cnt","801","26"
"cnt","801","27"
"cnt","72","11"
"cnt","72","13"
"cnt","72","14"
"obj","72","734"
"obj","72","141"
"obj","72","49"
"obj","72","469"
"obj","72","1185"
"obj","72","436"
"obj","72","867"
"obj","72","74"
"obj","72","347"
"obj","72","885"
"obj","72","888"
"obj","72","1206"
"obj","72","439"
"obj","72","586"
"obj","72","482"
"obj","72","71"
"obj","72","479"
"obj","72","481"
"obj","72","913"
"obj","913","857"
"obj","913","811"
"obj","913","767"
"cnt","76","13"
"cnt","76","11"
"cnt","76","6"
"cnt","76","5"
"obj","4","639"
"obj","4","76"
"obj","4","82"
"cnt","4","6"
"cnt","4","5"
"cnt","4","11"
"cnt","4","13"
"cnt","4","14"
"cnt","1094","6"
"cnt","1094","11"
"cnt","1094","14"
"cnt","1094","13"
"cnt","1094","27"
"cnt","895","5"
"cnt","895","12"
"cnt","895","26"
"cnt","895","27"
"cnt","764","6"
"cnt","764","11"
"cnt","764","13"
"cnt","764","14"
"cnt","908","14"
"cnt","908","13"
"cnt","908","11"
"cnt","908","6"
"obj","59","465"
"obj","59","60"
"obj","59","921"
"obj","59","872"
"obj","59","579"
"obj","59","922"
"cnt","1059","6"
"cnt","1059","5"
"cnt","1059","12"
"cnt","1059","11"
"cnt","1059","26"
"cnt","1059","14"
"cnt","1059","13"
"cnt","1059","27"
"cnt","1213","5"
"cnt","1213","6"
"obj","1213","1084"
"obj","1213","170"
"obj","1213","333"
"obj","1213","933"
"cnt","1214","13"
"cnt","1214","14"
"cnt","1214","6"
"cnt","1216","13"
"cnt","1216","27"
"obj","1216","538"
"obj","1216","339"
"obj","1216","452"
"obj","1216","802"
"cnt","1217","27"
"cnt","1217","13"
"cnt","1217","14"
"cnt","1217","26"
"cnt","1217","11"
"cnt","1217","12"
"cnt","1217","6"
"cnt","1218","6"
"obj","1218","50"
"obj","1218","52"
"obj","1218","854"
"cnt","1219","6"
"cnt","1219","11"
"cnt","1219","14"
"cnt","1219","13"
"cnt","1219","27"
"cnt","1220","6"
"cnt","1220","12"
"cnt","1220","11"
"cnt","1220","26"
"cnt","1220","14"
"cnt","1220","13"
"cnt","1220","27"
"cnt","1221","6"
"cnt","1221","11"
"cnt","1221","13"
"cnt","1221","27"
"cnt","1222","27"
"cnt","1222","13"
"cnt","1222","14"
"cnt","1222","26"
"cnt","1222","11"
"cnt","1222","12"
"cnt","1222","6"
"cnt","1223","27"
"cnt","1223","6"
"cnt","1223","11"
"cnt","1223","26"
"cnt","1223","13"
"cnt","1224","6"
"cnt","1224","11"
"cnt","1224","14"
"cnt","1224","13"
"cnt","1224","27"
"obj","1226","425"
"obj","1226","1052"
"obj","1226","58"
"obj","1226","57"
"cnt","1228","6"
"cnt","1228","12"
"cnt","1228","11"
"cnt","1228","26"
"cnt","1228","14"
"cnt","1228","13"
"cnt","1228","27"
"cnt","1229","6"
"cnt","1229","12"
"cnt","1229","11"
"cnt","1229","14"
"cnt","1229","13"
"cnt","1229","27"
"cnt","1230","27"
"cnt","1230","13"
"cnt","1230","14"
"cnt","1230","11"
"cnt","1230","12"
"cnt","1230","6"
"cnt","1231","6"
"cnt","1231","12"
"cnt","1231","11"
"cnt","1231","26"
"cnt","1231","14"
"cnt","1231","13"
"cnt","1231","27"
"cnt","1232","6"
"cnt","1232","11"
"cnt","1232","13"
"cnt","1232","27"
"cnt","1233","13"
"cnt","1233","27"
"obj","1233","478"
"obj","1233","880"
"obj","1234","617"
"obj","1234","600"
"obj","1234","570"
"obj","1234","598"
"cnt","1235","13"
"cnt","1235","14"
"cnt","1235","11"
"cnt","1235","6"
"cnt","1236","6"
"cnt","1236","11"
"cnt","1236","13"
"cnt","1238","6"
"cnt","1238","12"
"cnt","1238","11"
"cnt","1238","26"
"cnt","1238","14"
"cnt","1238","13"
"cnt","1238","27"
"cnt","1239","27"
"cnt","1239","13"
"cnt","1239","14"
"cnt","1239","11"
"cnt","1239","6"
"cnt","1240","6"
"cnt","1240","11"
"cnt","1240","14"
"cnt","1240","13"
"cnt","1240","27"
"cnt","1241","6"
"cnt","1241","12"
"cnt","1241","11"
"cnt","1241","26"
"cnt","1241","27"
"cnt","1241","13"
"cnt","1241","14"
"cnt","1242","14"
"cnt","1242","11"
"cnt","1242","6"
"obj","1242","1085"
"obj","1242","483"
"cnt","1243","27"
"obj","1243","581"
"obj","1243","97"
"obj","1243","597"
"obj","1243","856"
"obj","1243","1078"
"obj","1243","1079"
"cnt","1244","27"
"cnt","1244","13"
"cnt","1244","11"
"cnt","1244","6"
"cnt","1245","11"
"cnt","1245","6"
"obj","1245","947"
"obj","1245","333"
"cnt","1246","6"
"cnt","1246","11"
"cnt","1246","14"
"cnt","1246","13"
"cnt","1247","6"
"cnt","1247","11"
"cnt","1247","14"
"cnt","1247","13"
"cnt","1247","27"
"cnt","1249","27"
"cnt","1249","13"
"cnt","1249","11"
"cnt","1249","6"
"cnt","1250","6"
"cnt","1250","11"
"cnt","1250","13"
"cnt","1250","27"
"cnt","1251","6"
"obj","1251","564"
"obj","1251","814"
"obj","1251","825"
"cnt","1256","11"
"cnt","1256","6"
"obj","1256","876"
"obj","1256","1240"
"cnt","1257","27"
"cnt","1257","13"
"cnt","1257","11"
"cnt","1257","6"
"cnt","1259","27"
"cnt","1259","13"
"cnt","1259","11"
"cnt","1259","6"
"cnt","1262","27"
"cnt","1262","13"
"cnt","1262","11"
"cnt","1262","6"
"cnt","1263","6"
"cnt","1263","5"
"cnt","1263","11"
"cnt","1263","14"
"cnt","1263","13"
"cnt","1263","27"
"cnt","1256","13"
"cnt","1256","27"
"cnt","1251","11"
"cnt","1251","13"
"cnt","1251","27"
"obj","1250","882"
"obj","1250","394"
"obj","1250","1210"
"obj","1250","564"
"obj","1249","940"
"obj","1249","811"
"obj","1249","478"
"cnt","1243","13"
"cnt","1243","14"
"cnt","1243","26"
"cnt","1243","11"
"cnt","1243","12"
"cnt","1243","6"
"cnt","1242","13"
"cnt","1242","27"
"obj","1241","97"
"obj","1241","648"
"obj","1241","642"
"obj","1241","586"
"obj","1239","1185"
"obj","1239","586"
"obj","1239","479"
"obj","1239","71"
"obj","1239","482"
"obj","1234","602"
"obj","1234","1094"
"obj","1234","466"
"obj","1234","509"
"obj","1234","557"
"cnt","1234","6"
"cnt","1234","11"
"cnt","1234","13"
"cnt","1234","27"
"cnt","1233","11"
"cnt","1233","6"
"cnt","1216","14"
"cnt","1216","26"
"cnt","1216","11"
"cnt","1216","6"
"cnt","1264","27"
"cnt","1264","13"
"cnt","1264","14"
"cnt","1264","26"
"cnt","1264","11"
"cnt","1264","12"
"cnt","1264","5"
"cnt","1264","6"
"cnt","1265","26"
"cnt","1265","11"
"cnt","1265","12"
"cnt","1265","5"
"cnt","1265","6"
"obj","1265","36"
"obj","1265","1078"
"obj","1265","1230"
"cnt","1266","6"
"obj","1266","575"
"obj","1266","54"
"obj","1266","591"
"obj","1266","588"
"obj","1266","475"
"obj","1266","447"
"obj","1266","1267"
"obj","1267","1266"
"cnt","1267","6"
"cnt","1267","5"
"cnt","1267","12"
"cnt","1267","11"
"cnt","1267","26"
"cnt","1267","14"
"cnt","1267","13"
"cnt","1267","27"
"cnt","1268","27"
"cnt","1268","13"
"cnt","1268","14"
"cnt","1268","26"
"cnt","1268","6"
"cnt","1268","5"
"cnt","1268","12"
"cnt","1268","11"
"cnt","1270","5"
"cnt","1272","11"
"cnt","1272","26"
"cnt","1272","14"
"cnt","1272","13"
"cnt","1272","27"
"obj","1272","575"
"obj","1272","591"
"cnt","1273","27"
"cnt","1273","6"
"cnt","1273","12"
"cnt","1273","11"
"cnt","1273","26"
"cnt","1273","14"
"cnt","1273","13"
"obj","1274","1273"
"obj","1273","1274"
"obj","1275","599"
"obj","1275","609"
"cnt","1276","27"
"cnt","1276","13"
"cnt","1276","14"
"cnt","1276","26"
"cnt","1276","11"
"cnt","1276","12"
"cnt","1276","6"
"obj","1277","1223"
"cnt","1277","6"
"cnt","1277","5"
"cnt","1277","12"
"cnt","1277","11"
"cnt","1277","26"
"cnt","1277","14"
"cnt","1277","13"
"cnt","1277","27"
"obj","1223","1277"
"cnt","1278","27"
"cnt","1278","13"
"cnt","1278","14"
"cnt","1278","26"
"cnt","1278","11"
"cnt","1278","12"
"cnt","1278","5"
"cnt","1278","6"
"cnt","1281","27"
"cnt","1281","13"
"cnt","1281","14"
"cnt","1281","26"
"cnt","1281","11"
"cnt","1281","12"
"cnt","1281","5"
"cnt","1281","6"
"cnt","1283","6"
"cnt","1283","5"
"cnt","1283","12"
"cnt","1283","11"
"cnt","1283","26"
"cnt","1283","14"
"cnt","1283","13"
"cnt","1283","27"
"cnt","1284","5"
"cnt","1284","6"
"obj","1284","485"
"obj","1284","638"
"obj","1284","1310"
"obj","1284","448"
"obj","1284","367"
"obj","1284","597"
"cnt","1285","27"
"cnt","1285","13"
"cnt","1285","14"
"cnt","1285","26"
"cnt","1285","11"
"cnt","1285","12"
"cnt","1285","5"
"cnt","1285","6"
"obj","1285","907"
"obj","1285","418"
"obj","1285","449"
"obj","1285","446"
"obj","1285","1098"
"obj","1285","644"
"obj","1285","84"
"cnt","1286","27"
"cnt","1286","13"
"cnt","1286","14"
"cnt","1286","26"
"cnt","1286","11"
"cnt","1286","12"
"cnt","1286","5"
"cnt","1286","6"
"obj","1286","907"
"obj","1286","418"
"obj","1286","449"
"obj","1286","446"
"obj","1286","1098"
"obj","1286","644"
"obj","1286","84"
"obj","1286","1285"
"cnt","1287","13"
"cnt","1287","14"
"cnt","1287","11"
"cnt","1287","5"
"cnt","1287","6"
"cnt","1288","13"
"cnt","1288","14"
"cnt","1288","11"
"cnt","1288","5"
"cnt","1288","6"
"cnt","1289","6"
"cnt","1289","5"
"cnt","1289","11"
"cnt","1289","14"
"cnt","1289","13"
"cnt","1292","6"
"cnt","1292","5"
"cnt","1292","12"
"cnt","1292","11"
"cnt","1292","26"
"cnt","1292","14"
"cnt","1292","13"
"cnt","1292","27"
"cnt","1293","6"
"cnt","1293","5"
"cnt","1293","12"
"cnt","1293","11"
"cnt","1293","26"
"cnt","1293","14"
"cnt","1293","13"
"cnt","1293","27"
"cnt","1294","27"
"cnt","1294","13"
"cnt","1294","14"
"cnt","1294","26"
"cnt","1294","11"
"cnt","1294","12"
"cnt","1294","5"
"cnt","1294","6"
"cnt","1842","13"
"cnt","1842","6"
"cnt","1842","11"
"cnt","1841","13"
"cnt","1841","14"
"cnt","1841","11"
"cnt","1841","6"
"cnt","1840","27"
"cnt","1840","13"
"cnt","1840","11"
"cnt","1840","6"
"cnt","1839","13"
"cnt","1839","14"
"cnt","1839","6"
"cnt","1838","13"
"cnt","1838","27"
"cnt","1838","6"
"cnt","1296","5"
"cnt","1296","6"
"obj","1296","1206"
"obj","1296","439"
"obj","1296","586"
"obj","1296","72"
"obj","1296","479"
"obj","1296","71"
"cnt","1298","26"
"cnt","1298","11"
"cnt","1298","12"
"cnt","1298","5"
"cnt","1298","6"
"obj","1298","563"
"obj","1298","564"
"obj","1298","1293"
"cnt","1298","14"
"cnt","1298","13"
"cnt","1298","27"
"obj","1268","55"
"obj","1268","56"
"obj","1268","763"
"obj","1268","701"
"cnt","1226","6"
"cnt","1226","11"
"cnt","1226","13"
"cnt","1226","27"
"cnt","1272","12"
"cnt","1272","6"
"obj","1221","764"
"obj","1221","769"
"obj","1221","898"
"obj","1221","796"
"obj","1221","623"
"cnt","1218","11"
"cnt","1218","13"
"cnt","1218","27"
"cnt","1300","27"
"cnt","1300","13"
"cnt","1300","14"
"cnt","1300","26"
"cnt","1300","11"
"cnt","1300","12"
"cnt","1300","6"
"cnt","1301","26"
"cnt","1301","11"
"cnt","1301","12"
"cnt","1301","6"
"obj","1301","1305"
"obj","1301","597"
"obj","1301","1230"
"cnt","1302","6"
"cnt","1302","5"
"cnt","1302","12"
"cnt","1302","11"
"cnt","1302","26"
"cnt","1302","14"
"cnt","1302","13"
"cnt","1302","27"
"cnt","1303","6"
"cnt","1303","5"
"cnt","1303","11"
"cnt","1303","14"
"cnt","1303","13"
"cnt","1799","11"
"cnt","1799","6"
"cnt","1798","13"
"cnt","1798","6"
"cnt","1305","11"
"cnt","1305","12"
"cnt","1305","5"
"cnt","1305","6"
"obj","1305","655"
"obj","1305","597"
"obj","1305","1079"
"obj","1305","1265"
"cnt","1306","27"
"cnt","1306","13"
"cnt","1306","14"
"cnt","1306","26"
"cnt","1306","11"
"cnt","1306","12"
"cnt","1306","5"
"cnt","1306","6"
"cnt","1307","12"
"cnt","1307","5"
"cnt","1307","6"
"obj","1307","435"
"obj","1307","455"
"obj","1307","420"
"obj","1307","1302"
"obj","1307","634"
"cnt","1308","27"
"cnt","1308","13"
"cnt","1308","14"
"cnt","1308","26"
"cnt","1308","11"
"cnt","1308","12"
"cnt","1308","5"
"cnt","1308","6"
"cnt","1309","27"
"cnt","1309","13"
"cnt","1309","14"
"cnt","1309","26"
"cnt","1309","11"
"cnt","1309","12"
"cnt","1309","5"
"cnt","1309","6"
"cnt","1310","27"
"cnt","1310","13"
"cnt","1310","14"
"cnt","1310","26"
"cnt","1310","11"
"cnt","1310","12"
"cnt","1310","5"
"cnt","1310","6"
"cnt","1823","13"
"cnt","1823","11"
"cnt","1823","6"
"cnt","1822","13"
"cnt","1822","11"
"cnt","1822","6"
"cnt","1821","13"
"cnt","1821","11"
"cnt","1312","6"
"cnt","1312","5"
"cnt","1312","11"
"cnt","1312","14"
"cnt","1312","13"
"cnt","1313","6"
"cnt","1313","12"
"cnt","1313","11"
"cnt","1313","26"
"cnt","1313","14"
"cnt","1313","13"
"cnt","1313","27"
"cnt","1314","6"
"cnt","1314","5"
"cnt","1314","12"
"cnt","1314","11"
"cnt","1314","26"
"cnt","1314","14"
"cnt","1314","13"
"cnt","1314","27"
"cnt","1821","6"
"cnt","1820","27"
"cnt","1820","13"
"cnt","1307","11"
"cnt","1307","26"
"cnt","1307","14"
"cnt","1307","13"
"cnt","1307","27"
"cnt","1266","5"
"cnt","1266","12"
"cnt","1266","11"
"cnt","1266","26"
"cnt","1266","14"
"cnt","1266","13"
"cnt","1266","27"
"cnt","1305","26"
"cnt","1305","14"
"cnt","1305","13"
"cnt","1305","27"
"cnt","1301","14"
"cnt","1301","13"
"cnt","1301","27"
"cnt","1296","12"
"cnt","1296","11"
"cnt","1296","26"
"cnt","1296","14"
"cnt","1296","13"
"cnt","1296","27"
"cnt","1284","12"
"cnt","1284","11"
"cnt","1284","26"
"cnt","1284","14"
"cnt","1284","13"
"cnt","1284","27"
"cnt","1265","14"
"cnt","1265","13"
"cnt","1265","27"
"cnt","1184","6"
"obj","572","600"
"obj","572","545"
"obj","572","818"
"cnt","572","14"
"cnt","572","13"
"cnt","572","11"
"cnt","572","6"
"cnt","863","13"
"cnt","863","14"
"obj","866","868"
"obj","866","821"
"cnt","866","14"
"cnt","866","13"
"cnt","866","11"
"cnt","866","6"
"obj","611","1257"
"cnt","1316","6"
"cnt","1316","5"
"cnt","1316","12"
"cnt","1316","11"
"cnt","1316","26"
"cnt","1316","14"
"cnt","1316","13"
"cnt","1316","27"
"cnt","1317","27"
"cnt","1317","13"
"cnt","1317","14"
"cnt","1317","26"
"cnt","1317","11"
"cnt","1317","12"
"cnt","1317","5"
"cnt","1317","6"
"cnt","1318","6"
"cnt","1318","12"
"cnt","1318","11"
"cnt","1318","26"
"cnt","1318","14"
"cnt","1318","13"
"cnt","1318","27"
"cnt","1319","27"
"cnt","1319","13"
"cnt","1319","14"
"cnt","1319","26"
"cnt","1319","11"
"cnt","1319","12"
"cnt","1319","6"
"cnt","1321","27"
"cnt","1321","13"
"cnt","1321","14"
"cnt","1321","26"
"cnt","1321","11"
"cnt","1321","12"
"cnt","1321","6"
"cnt","1322","27"
"cnt","1322","13"
"cnt","1322","14"
"cnt","1322","26"
"cnt","1322","11"
"cnt","1322","12"
"cnt","1322","6"
"cnt","1323","6"
"cnt","1323","12"
"cnt","1323","11"
"cnt","1323","26"
"cnt","1323","14"
"cnt","1323","13"
"cnt","1323","27"
"cnt","1324","6"
"cnt","1324","12"
"cnt","1324","11"
"cnt","1324","26"
"cnt","1324","14"
"cnt","1324","13"
"cnt","1324","27"
"cnt","1325","6"
"cnt","1325","12"
"cnt","1325","11"
"cnt","1325","26"
"cnt","1325","14"
"cnt","1325","13"
"cnt","1325","27"
"cnt","1326","27"
"cnt","1326","13"
"cnt","1326","14"
"cnt","1326","26"
"cnt","1326","11"
"cnt","1326","12"
"cnt","1326","6"
"cnt","1327","6"
"cnt","1327","11"
"cnt","1327","14"
"cnt","1327","13"
"cnt","1328","13"
"cnt","1328","14"
"cnt","1328","11"
"cnt","1328","6"
"cnt","1329","6"
"cnt","1329","12"
"cnt","1329","11"
"cnt","1329","26"
"cnt","1329","14"
"cnt","1329","13"
"cnt","1329","27"
"cnt","1330","27"
"cnt","1330","13"
"cnt","1330","14"
"cnt","1330","26"
"cnt","1330","11"
"cnt","1330","12"
"cnt","1330","6"
"cnt","1331","27"
"cnt","1331","6"
"cnt","1331","12"
"cnt","1331","11"
"cnt","1331","26"
"cnt","1331","14"
"cnt","1331","13"
"cnt","1332","6"
"obj","1332","436"
"obj","1332","867"
"obj","1332","74"
"obj","1332","347"
"obj","1332","885"
"obj","1332","1408"
"cnt","1333","6"
"cnt","1333","12"
"cnt","1333","11"
"cnt","1333","26"
"cnt","1333","14"
"cnt","1333","13"
"cnt","1333","27"
"cnt","1334","6"
"cnt","1334","12"
"cnt","1334","11"
"cnt","1334","26"
"cnt","1334","14"
"cnt","1334","13"
"cnt","1334","27"
"cnt","1335","27"
"cnt","1335","13"
"cnt","1335","14"
"cnt","1335","26"
"cnt","1335","11"
"cnt","1335","12"
"cnt","1335","6"
"cnt","1336","27"
"cnt","1336","13"
"cnt","1336","14"
"cnt","1336","26"
"cnt","1336","11"
"cnt","1336","12"
"cnt","1336","6"
"cnt","1337","6"
"cnt","1337","12"
"cnt","1337","11"
"cnt","1337","26"
"cnt","1337","14"
"cnt","1337","13"
"cnt","1337","27"
"cnt","1338","6"
"cnt","1338","12"
"cnt","1338","11"
"cnt","1338","26"
"cnt","1338","14"
"cnt","1338","13"
"cnt","1338","27"
"cnt","1339","27"
"cnt","1339","13"
"cnt","1339","14"
"cnt","1339","26"
"cnt","1339","11"
"cnt","1339","12"
"cnt","1339","6"
"cnt","1340","27"
"cnt","1340","13"
"cnt","1340","14"
"cnt","1340","26"
"cnt","1340","11"
"cnt","1340","12"
"cnt","1340","6"
"cnt","1341","6"
"cnt","1341","12"
"cnt","1341","11"
"cnt","1341","26"
"cnt","1341","14"
"cnt","1341","13"
"cnt","1341","27"
"cnt","1342","6"
"cnt","1342","12"
"cnt","1342","11"
"cnt","1342","26"
"cnt","1342","14"
"cnt","1342","13"
"cnt","1342","27"
"cnt","1343","27"
"cnt","1343","13"
"cnt","1343","14"
"cnt","1343","26"
"cnt","1343","11"
"cnt","1343","12"
"cnt","1343","6"
"cnt","1345","27"
"cnt","1345","13"
"cnt","1345","14"
"cnt","1345","26"
"cnt","1345","11"
"cnt","1345","12"
"cnt","1345","6"
"cnt","1346","27"
"cnt","1346","13"
"cnt","1346","14"
"cnt","1346","26"
"cnt","1346","11"
"cnt","1346","12"
"cnt","1346","6"
"cnt","1347","6"
"cnt","1347","11"
"cnt","1347","26"
"cnt","1347","14"
"cnt","1347","13"
"cnt","1347","27"
"obj","1348","40"
"obj","1348","706"
"obj","1348","587"
"obj","1348","708"
"obj","1348","939"
"obj","1348","759"
"obj","1348","761"
"cnt","1349","6"
"cnt","1349","12"
"cnt","1349","11"
"cnt","1349","26"
"cnt","1349","14"
"cnt","1349","13"
"cnt","1349","27"
"cnt","1350","27"
"cnt","1350","13"
"cnt","1350","14"
"cnt","1350","26"
"cnt","1350","11"
"cnt","1350","12"
"cnt","1350","6"
"cnt","1351","13"
"cnt","1351","14"
"cnt","1351","11"
"cnt","1351","6"
"cnt","1352","13"
"cnt","1352","6"
"cnt","1352","11"
"cnt","1352","14"
"cnt","1353","6"
"cnt","1353","11"
"cnt","1353","14"
"cnt","1353","13"
"cnt","1354","13"
"cnt","1354","14"
"cnt","1354","11"
"cnt","1354","6"
"cnt","1355","6"
"cnt","1355","11"
"cnt","1355","14"
"cnt","1355","13"
"cnt","1368","27"
"cnt","1368","13"
"cnt","1368","14"
"cnt","1368","26"
"cnt","1368","11"
"cnt","1368","12"
"cnt","1368","6"
"cnt","1369","27"
"cnt","1369","13"
"cnt","1369","14"
"cnt","1369","26"
"cnt","1369","11"
"cnt","1369","12"
"cnt","1369","6"
"cnt","1370","27"
"cnt","1370","13"
"cnt","1370","14"
"cnt","1370","26"
"cnt","1370","11"
"cnt","1370","12"
"cnt","1370","6"
"cnt","1371","27"
"cnt","1371","13"
"cnt","1371","14"
"cnt","1371","26"
"cnt","1371","11"
"cnt","1371","12"
"cnt","1371","6"
"cnt","1372","6"
"cnt","1372","12"
"cnt","1372","11"
"cnt","1372","26"
"cnt","1372","14"
"cnt","1372","13"
"cnt","1372","27"
"cnt","1373","6"
"cnt","1373","5"
"cnt","1373","27"
"cnt","1373","13"
"cnt","1373","14"
"cnt","1373","26"
"cnt","1373","11"
"cnt","1373","12"
"cnt","1374","27"
"cnt","1374","13"
"cnt","1374","14"
"cnt","1374","26"
"cnt","1374","11"
"cnt","1374","12"
"cnt","1374","5"
"cnt","1374","6"
"cnt","1375","27"
"cnt","1375","13"
"cnt","1375","14"
"cnt","1375","26"
"cnt","1375","11"
"cnt","1375","12"
"cnt","1375","6"
"cnt","1376","6"
"obj","1376","885"
"obj","1376","888"
"obj","1376","1408"
"obj","1376","1206"
"obj","1376","439"
"obj","1376","586"
"cnt","1377","27"
"cnt","1377","13"
"cnt","1377","14"
"cnt","1377","26"
"cnt","1377","11"
"cnt","1377","12"
"cnt","1377","6"
"cnt","1378","27"
"cnt","1378","13"
"cnt","1378","14"
"cnt","1378","26"
"cnt","1378","11"
"cnt","1378","12"
"cnt","1378","6"
"cnt","1379","27"
"cnt","1379","13"
"cnt","1379","14"
"cnt","1379","26"
"cnt","1379","11"
"cnt","1379","12"
"cnt","1379","6"
"cnt","1380","27"
"cnt","1380","13"
"cnt","1380","14"
"cnt","1380","26"
"cnt","1380","11"
"cnt","1380","12"
"cnt","1380","6"
"cnt","1381","6"
"cnt","1381","12"
"cnt","1381","11"
"cnt","1381","26"
"cnt","1381","14"
"cnt","1381","13"
"cnt","1381","27"
"cnt","1382","27"
"cnt","1382","13"
"cnt","1382","14"
"cnt","1382","26"
"cnt","1382","11"
"cnt","1382","12"
"cnt","1382","6"
"cnt","1383","27"
"cnt","1383","13"
"cnt","1383","14"
"cnt","1383","26"
"cnt","1383","11"
"cnt","1383","12"
"cnt","1383","6"
"cnt","1384","27"
"cnt","1384","13"
"cnt","1384","14"
"cnt","1384","26"
"cnt","1384","11"
"cnt","1384","12"
"cnt","1384","6"
"cnt","1385","6"
"cnt","1385","12"
"cnt","1385","11"
"cnt","1385","26"
"cnt","1385","14"
"cnt","1385","13"
"cnt","1385","27"
"cnt","1386","6"
"cnt","1386","12"
"cnt","1386","11"
"cnt","1386","26"
"cnt","1386","14"
"cnt","1386","13"
"cnt","1386","27"
"cnt","1387","27"
"obj","1387","105"
"obj","1387","104"
"obj","1387","103"
"obj","1387","1063"
"obj","1387","869"
"obj","1387","1071"
"cnt","1388","27"
"cnt","1388","13"
"cnt","1388","14"
"cnt","1388","26"
"cnt","1388","11"
"cnt","1388","12"
"cnt","1388","6"
"cnt","1389","27"
"cnt","1389","13"
"cnt","1389","14"
"cnt","1389","26"
"cnt","1389","11"
"cnt","1389","12"
"cnt","1389","6"
"cnt","1390","27"
"cnt","1390","13"
"cnt","1390","14"
"cnt","1390","26"
"cnt","1390","11"
"cnt","1390","12"
"cnt","1390","6"
"cnt","1391","27"
"cnt","1391","13"
"cnt","1391","14"
"cnt","1391","26"
"cnt","1391","11"
"cnt","1391","12"
"cnt","1391","6"
"cnt","1392","13"
"cnt","1392","14"
"cnt","1392","26"
"cnt","1392","11"
"cnt","1392","12"
"cnt","1392","6"
"obj","1392","567"
"cnt","1393","6"
"cnt","1393","12"
"cnt","1393","11"
"cnt","1393","26"
"cnt","1393","14"
"cnt","1393","13"
"cnt","1393","27"
"cnt","1394","27"
"cnt","1394","13"
"cnt","1394","14"
"cnt","1394","26"
"cnt","1394","11"
"cnt","1394","12"
"cnt","1394","6"
"cnt","1395","27"
"cnt","1395","13"
"cnt","1395","14"
"cnt","1395","26"
"cnt","1395","11"
"cnt","1395","12"
"cnt","1395","6"
"cnt","1396","27"
"cnt","1396","13"
"cnt","1396","14"
"cnt","1396","26"
"cnt","1396","11"
"cnt","1396","12"
"cnt","1396","6"
"cnt","1397","27"
"cnt","1397","13"
"cnt","1397","14"
"cnt","1397","26"
"cnt","1397","11"
"cnt","1397","12"
"cnt","1397","6"
"cnt","1398","27"
"cnt","1398","13"
"cnt","1398","14"
"cnt","1398","26"
"cnt","1398","11"
"cnt","1398","12"
"cnt","1398","6"
"cnt","1399","6"
"cnt","1399","12"
"cnt","1399","11"
"cnt","1399","26"
"cnt","1399","14"
"cnt","1399","13"
"cnt","1399","27"
"cnt","1400","27"
"cnt","1400","13"
"cnt","1400","14"
"cnt","1400","6"
"cnt","1400","12"
"cnt","1400","11"
"cnt","1400","26"
"cnt","1401","27"
"cnt","1401","13"
"cnt","1401","14"
"cnt","1401","26"
"cnt","1401","11"
"cnt","1401","12"
"cnt","1401","6"
"cnt","1402","27"
"cnt","1402","13"
"cnt","1402","14"
"cnt","1402","26"
"cnt","1402","11"
"cnt","1402","12"
"cnt","1402","6"
"cnt","1403","27"
"cnt","1403","13"
"cnt","1403","14"
"cnt","1403","26"
"cnt","1403","11"
"cnt","1403","12"
"cnt","1403","6"
"cnt","1404","13"
"cnt","1404","27"
"obj","1404","875"
"obj","1404","812"
"obj","1404","819"
"obj","1404","866"
"obj","1404","1382"
"cnt","1405","27"
"cnt","1405","13"
"cnt","1405","14"
"cnt","1405","26"
"cnt","1405","11"
"cnt","1405","12"
"cnt","1405","6"
"cnt","1406","27"
"cnt","1406","13"
"cnt","1406","14"
"cnt","1406","26"
"cnt","1406","11"
"cnt","1406","12"
"cnt","1406","5"
"cnt","1406","6"
"cnt","1407","6"
"cnt","1407","12"
"cnt","1407","11"
"cnt","1407","26"
"cnt","1407","14"
"cnt","1407","13"
"cnt","1407","27"
"cnt","1408","12"
"cnt","1408","6"
"obj","1408","940"
"obj","1408","583"
"obj","1408","1060"
"obj","1408","1062"
"obj","1408","1068"
"cnt","1409","13"
"cnt","1409","14"
"cnt","1409","11"
"cnt","1409","6"
"cnt","1410","27"
"cnt","1410","13"
"cnt","1410","14"
"cnt","1410","26"
"cnt","1410","11"
"cnt","1410","12"
"cnt","1410","6"
"cnt","1411","6"
"cnt","1411","12"
"cnt","1411","11"
"cnt","1411","26"
"cnt","1411","14"
"cnt","1411","13"
"cnt","1411","27"
"cnt","1412","6"
"cnt","1412","12"
"cnt","1412","11"
"cnt","1412","26"
"cnt","1412","14"
"cnt","1412","13"
"cnt","1412","27"
"cnt","1413","27"
"cnt","1413","13"
"cnt","1413","14"
"cnt","1413","26"
"cnt","1413","11"
"cnt","1413","12"
"cnt","1413","6"
"cnt","1414","6"
"cnt","1414","12"
"cnt","1414","11"
"cnt","1414","26"
"cnt","1414","14"
"cnt","1414","13"
"cnt","1414","27"
"obj","1400","447"
"obj","1400","475"
"obj","1400","452"
"cnt","1392","27"
"cnt","1171","14"
"cnt","1171","11"
"cnt","1171","6"
"cnt","1348","6"
"cnt","1348","12"
"cnt","1348","11"
"cnt","1348","26"
"cnt","1348","14"
"cnt","1348","13"
"cnt","1348","27"
"cnt","1408","11"
"cnt","1408","26"
"cnt","1408","14"
"cnt","1408","13"
"cnt","1408","27"
"cnt","1376","12"
"cnt","1376","11"
"cnt","1376","26"
"cnt","1376","14"
"cnt","1376","13"
"cnt","1376","27"
"cnt","1332","12"
"cnt","1332","11"
"cnt","1332","26"
"cnt","1332","14"
"cnt","1332","13"
"cnt","1332","27"
"obj","1331","1241"
"obj","1373","1374"
"obj","1373","852"
"cnt","1829","13"
"cnt","1829","27"
"cnt","1417","27"
"cnt","1417","13"
"cnt","1417","14"
"cnt","1417","11"
"cnt","1417","6"
"cnt","1417","12"
"obj","1418","1060"
"obj","1418","1062"
"obj","1418","1068"
"obj","1418","1265"
"obj","1418","1078"
"cnt","1419","27"
"cnt","1419","13"
"cnt","1419","14"
"cnt","1419","11"
"cnt","1419","6"
"cnt","1420","6"
"cnt","1420","11"
"cnt","1420","14"
"cnt","1420","13"
"cnt","1420","27"
"cnt","1421","27"
"cnt","1421","13"
"cnt","1421","14"
"cnt","1421","11"
"cnt","1421","6"
"cnt","1422","27"
"cnt","1422","13"
"cnt","1422","14"
"cnt","1422","11"
"cnt","1422","6"
"cnt","1423","27"
"cnt","1423","13"
"cnt","1423","14"
"cnt","1423","11"
"cnt","1423","6"
"cnt","1424","6"
"cnt","1424","5"
"cnt","1424","11"
"cnt","1424","14"
"cnt","1424","13"
"cnt","1424","27"
"cnt","1425","27"
"cnt","1425","13"
"cnt","1425","14"
"cnt","1425","11"
"cnt","1425","6"
"cnt","1426","27"
"cnt","1426","13"
"cnt","1426","14"
"cnt","1426","11"
"cnt","1426","6"
"cnt","1427","27"
"cnt","1427","13"
"cnt","1427","14"
"cnt","1427","11"
"cnt","1427","6"
"cnt","1428","6"
"cnt","1428","11"
"cnt","1428","14"
"cnt","1428","13"
"cnt","1428","27"
"obj","1428","1427"
"cnt","1429","6"
"cnt","1429","11"
"cnt","1429","14"
"cnt","1429","13"
"cnt","1429","27"
"cnt","1430","6"
"cnt","1430","11"
"cnt","1430","14"
"cnt","1430","13"
"cnt","1430","27"
"cnt","1431","27"
"cnt","1431","13"
"cnt","1431","14"
"cnt","1431","11"
"cnt","1431","6"
"cnt","1432","27"
"cnt","1432","13"
"cnt","1432","14"
"cnt","1432","11"
"cnt","1432","6"
"cnt","1433","27"
"cnt","1433","13"
"cnt","1433","14"
"cnt","1433","11"
"cnt","1433","6"
"cnt","1434","6"
"cnt","1434","11"
"cnt","1434","14"
"cnt","1434","13"
"cnt","1434","27"
"obj","1434","1428"
"obj","1434","1427"
"cnt","1435","27"
"cnt","1435","13"
"cnt","1435","14"
"cnt","1435","11"
"cnt","1435","6"
"cnt","1436","6"
"cnt","1436","11"
"cnt","1436","14"
"cnt","1436","13"
"cnt","1436","27"
"cnt","1437","27"
"cnt","1437","13"
"cnt","1437","14"
"cnt","1437","11"
"cnt","1437","6"
"obj","1437","1436"
"cnt","1438","27"
"cnt","1438","13"
"cnt","1438","11"
"cnt","1438","6"
"cnt","1439","27"
"cnt","1439","13"
"cnt","1439","14"
"cnt","1439","11"
"cnt","1439","6"
"cnt","1440","27"
"cnt","1440","13"
"cnt","1440","14"
"cnt","1440","11"
"cnt","1440","6"
"obj","1440","1433"
"cnt","1441","27"
"cnt","1441","13"
"cnt","1441","14"
"cnt","1441","11"
"cnt","1441","6"
"cnt","1442","6"
"cnt","1442","11"
"cnt","1442","14"
"cnt","1442","13"
"cnt","1442","27"
"cnt","1443","6"
"cnt","1443","11"
"cnt","1443","14"
"cnt","1443","13"
"cnt","1443","27"
"cnt","1418","6"
"cnt","1418","11"
"cnt","1418","14"
"cnt","1418","13"
"cnt","1418","27"
"cnt","1387","13"
"cnt","1387","14"
"cnt","1387","26"
"cnt","1387","11"
"cnt","1387","12"
"cnt","1387","6"
"cnt","1404","14"
"cnt","1404","26"
"cnt","1404","11"
"cnt","1404","12"
"cnt","1404","6"
"obj","1442","16"
"obj","1442","857"
"obj","1442","903"
"obj","1442","1085"
"obj","1352","1351"
"obj","1351","925"
"obj","1351","1352"
"obj","1351","749"
"obj","1351","174"
"obj","1351","180"
"obj","1354","729"
"obj","1354","150"
"obj","1354","735"
"obj","1354","789"
"obj","1354","154"
"obj","164","359"
"obj","164","1214"
"obj","164","243"
"obj","164","244"
"cnt","1245","13"
"cnt","1245","27"
"obj","1235","358"
"obj","1235","1430"
"obj","1235","1062"
"obj","1235","731"
"obj","1235","697"
"obj","1193","144"
"obj","1193","935"
"obj","1193","810"
"obj","335","174"
"obj","335","353"
"obj","335","336"
"obj","335","171"
"obj","335","1144"
"obj","916","180"
"obj","916","925"
"obj","742","181"
"obj","742","789"
"obj","742","736"
"obj","742","354"
"cnt","1444","6"
"cnt","1444","11"
"cnt","1444","14"
"cnt","1444","13"
"cnt","1446","13"
"cnt","1446","14"
"cnt","1446","11"
"cnt","1446","5"
"cnt","1447","13"
"cnt","1447","14"
"cnt","1447","11"
"cnt","1447","6"
"cnt","1449","13"
"cnt","1449","14"
"cnt","1449","11"
"cnt","1449","6"
"cnt","1452","6"
"cnt","1452","11"
"cnt","1452","14"
"cnt","1452","13"
"cnt","1453","5"
"cnt","1453","11"
"cnt","1453","13"
"cnt","1453","27"
"cnt","1454","27"
"cnt","1454","13"
"cnt","1454","11"
"cnt","1454","5"
"cnt","1455","13"
"cnt","1455","14"
"cnt","1455","11"
"cnt","1455","6"
"cnt","1456","13"
"cnt","1456","6"
"cnt","1456","11"
"cnt","1456","14"
"cnt","1457","6"
"cnt","1457","11"
"cnt","1457","13"
"cnt","1458","6"
"cnt","1458","11"
"cnt","1458","13"
"cnt","1459","6"
"cnt","1459","11"
"cnt","1459","13"
"cnt","1460","13"
"cnt","1460","11"
"cnt","1460","6"
"cnt","1461","13"
"cnt","1461","11"
"cnt","1461","6"
"cnt","1462","13"
"cnt","1462","11"
"cnt","1462","6"
"cnt","1463","13"
"cnt","1463","11"
"cnt","1463","6"
"cnt","1464","13"
"cnt","1464","14"
"cnt","1464","11"
"cnt","1464","6"
"cnt","1465","6"
"cnt","1465","11"
"cnt","1465","14"
"cnt","1465","13"
"cnt","1468","13"
"cnt","1468","14"
"cnt","1468","11"
"cnt","1468","6"
"cnt","1469","13"
"cnt","1469","14"
"cnt","1469","11"
"cnt","1469","5"
"cnt","1469","6"
"cnt","1470","13"
"cnt","1470","14"
"cnt","1470","11"
"cnt","1470","6"
"cnt","1472","13"
"cnt","1472","11"
"cnt","1472","6"
"cnt","1473","6"
"cnt","1473","11"
"cnt","1473","13"
"cnt","1474","6"
"cnt","1474","11"
"cnt","1474","14"
"cnt","1474","13"
"cnt","1476","6"
"cnt","1476","11"
"cnt","1476","14"
"cnt","1476","13"
"cnt","1477","6"
"cnt","1477","11"
"cnt","1477","13"
"cnt","1478","6"
"cnt","1478","12"
"cnt","1478","11"
"cnt","1478","14"
"cnt","1478","13"
"cnt","1478","27"
"cnt","1479","13"
"cnt","1479","14"
"cnt","1479","11"
"cnt","1479","6"
"cnt","1479","27"
"cnt","1811","11"
"cnt","1811","6"
"cnt","1810","13"
"cnt","1810","6"
"cnt","1809","6"
"cnt","1481","6"
"cnt","1481","11"
"cnt","1481","26"
"cnt","1481","14"
"cnt","1481","13"
"cnt","1481","27"
"cnt","1482","6"
"cnt","1482","11"
"cnt","1482","13"
"cnt","1482","27"
"cnt","1483","27"
"cnt","1483","13"
"cnt","1483","14"
"cnt","1483","11"
"cnt","1483","6"
"cnt","1484","27"
"cnt","1484","13"
"cnt","1484","14"
"cnt","1484","11"
"cnt","1484","6"
"cnt","1485","6"
"cnt","1485","11"
"cnt","1485","13"
"cnt","1485","27"
"cnt","1486","6"
"cnt","1486","11"
"cnt","1486","14"
"cnt","1486","13"
"cnt","1486","27"
"cnt","1487","27"
"cnt","1487","13"
"cnt","1487","11"
"cnt","1487","6"
"cnt","1488","6"
"cnt","1488","11"
"cnt","1488","13"
"cnt","1488","27"
"cnt","1489","6"
"cnt","1489","11"
"cnt","1489","14"
"cnt","1489","13"
"cnt","1489","27"
"cnt","1490","6"
"cnt","1490","11"
"cnt","1490","13"
"cnt","1490","27"
"cnt","1491","27"
"cnt","1491","13"
"cnt","1491","14"
"cnt","1491","11"
"cnt","1491","6"
"cnt","1492","27"
"cnt","1492","13"
"cnt","1492","14"
"cnt","1492","11"
"cnt","1492","6"
"cnt","1493","6"
"cnt","1493","11"
"cnt","1493","14"
"cnt","1493","13"
"cnt","1493","27"
"cnt","1494","6"
"cnt","1494","11"
"cnt","1494","14"
"cnt","1494","13"
"cnt","1494","27"
"cnt","1495","6"
"cnt","1495","12"
"cnt","1495","11"
"cnt","1495","26"
"cnt","1495","14"
"cnt","1495","13"
"cnt","1495","27"
"cnt","1496","6"
"cnt","1496","11"
"cnt","1496","13"
"cnt","1496","27"
"cnt","1497","27"
"cnt","1497","13"
"cnt","1497","11"
"cnt","1497","6"
"cnt","1498","6"
"cnt","1498","11"
"cnt","1498","13"
"cnt","1498","27"
"cnt","1499","6"
"cnt","1499","11"
"cnt","1499","14"
"cnt","1499","13"
"cnt","1499","27"
"cnt","1500","27"
"cnt","1500","13"
"cnt","1500","14"
"cnt","1500","11"
"cnt","1500","6"
"cnt","1501","6"
"cnt","1501","11"
"cnt","1501","14"
"cnt","1501","13"
"cnt","1501","27"
"cnt","1502","6"
"cnt","1502","11"
"cnt","1502","14"
"cnt","1502","13"
"cnt","1503","6"
"cnt","1503","11"
"cnt","1503","26"
"cnt","1503","14"
"cnt","1503","13"
"cnt","1503","27"
"cnt","1504","6"
"cnt","1504","11"
"cnt","1504","14"
"cnt","1504","13"
"cnt","1505","6"
"cnt","1505","12"
"cnt","1505","11"
"cnt","1505","26"
"cnt","1505","14"
"cnt","1505","13"
"cnt","1505","27"
"cnt","1506","6"
"cnt","1506","12"
"cnt","1506","11"
"cnt","1506","26"
"cnt","1506","14"
"cnt","1506","13"
"cnt","1506","27"
"cnt","1507","6"
"cnt","1507","11"
"cnt","1507","13"
"cnt","1507","27"
"cnt","1508","6"
"cnt","1508","11"
"cnt","1508","13"
"cnt","1508","27"
"cnt","1509","13"
"cnt","1509","14"
"cnt","1509","11"
"cnt","1509","6"
"cnt","1511","6"
"cnt","1511","11"
"cnt","1511","13"
"cnt","1511","27"
"cnt","1512","13"
"cnt","1512","14"
"cnt","1512","11"
"cnt","1512","6"
"cnt","1513","6"
"cnt","1513","11"
"cnt","1513","13"
"cnt","1513","27"
"cnt","1514","13"
"cnt","1514","11"
"cnt","1514","6"
"cnt","1515","13"
"cnt","1515","11"
"cnt","1515","6"
"cnt","1516","13"
"cnt","1516","11"
"cnt","1516","6"
"cnt","1517","6"
"cnt","1517","11"
"cnt","1517","14"
"cnt","1517","13"
"cnt","1517","27"
"cnt","1527","6"
"cnt","1527","13"
"obj","1527","676"
"obj","1527","624"
"obj","1527","1154"
"obj","1527","1057"
"obj","1527","670"
"obj","1528","665"
"obj","1528","666"
"obj","1528","668"
"cnt","1528","6"
"cnt","1528","13"
"obj","1529","671"
"obj","1529","666"
"obj","1529","791"
"cnt","1529","13"
"cnt","1529","6"
"obj","1530","624"
"obj","1530","1527"
"obj","1530","1057"
"obj","1530","670"
"cnt","1530","6"
"cnt","1530","13"
"obj","1531","229"
"obj","1531","682"
"cnt","1531","6"
"cnt","1531","13"
"obj","1532","791"
"obj","1532","671"
"obj","1532","651"
"obj","1532","675"
"cnt","1532","6"
"cnt","1532","13"
"cnt","1533","27"
"cnt","1533","13"
"cnt","1533","14"
"cnt","1533","11"
"cnt","1533","6"
"cnt","1534","27"
"cnt","1534","13"
"cnt","1534","14"
"cnt","1534","26"
"cnt","1534","11"
"cnt","1534","12"
"cnt","1534","6"
"cnt","1535","27"
"cnt","1535","13"
"cnt","1535","11"
"cnt","1535","6"
"cnt","1536","13"
"cnt","1536","14"
"cnt","1536","6"
"cnt","1537","13"
"cnt","1537","14"
"cnt","1537","6"
"cnt","1538","13"
"cnt","1538","6"
"cnt","1539","13"
"cnt","1539","14"
"cnt","1539","6"
"cnt","1540","6"
"cnt","1540","13"
"obj","1198","830"
"obj","1198","403"
"obj","1198","369"
"obj","1198","391"
"obj","1198","822"
"obj","1198","824"
"obj","1198","698"
"obj","1198","831"
"obj","1198","1190"
"obj","1198","1183"
"obj","1198","441"
"obj","1198","1205"
"obj","1198","829"
"obj","1198","849"
"obj","1198","395"
"obj","1198","393"
"obj","1198","828"
"obj","1198","445"
"cnt","1808","13"
"cnt","1808","11"
"cnt","1808","6"
"cnt","1807","6"
"obj","1194","390"
"obj","1194","822"
"obj","1194","824"
"obj","1194","389"
"obj","1194","391"
"obj","1194","823"
"obj","1194","1207"
"obj","1194","369"
"obj","1194","830"
"cnt","1541","6"
"cnt","1541","11"
"cnt","1541","13"
"cnt","1541","27"
"cnt","1542","27"
"cnt","1542","13"
"cnt","1542","11"
"cnt","1542","6"
"cnt","1543","27"
"cnt","1543","13"
"cnt","1543","11"
"cnt","1543","6"
"obj","1544","1543"
"cnt","1544","6"
"cnt","1544","11"
"cnt","1544","13"
"cnt","1544","27"
"cnt","1545","27"
"cnt","1545","13"
"cnt","1545","11"
"cnt","1545","6"
"cnt","1546","27"
"cnt","1546","13"
"cnt","1546","11"
"cnt","1546","6"
"cnt","1547","6"
"cnt","1547","11"
"cnt","1547","13"
"cnt","1547","27"
"cnt","1548","27"
"cnt","1548","13"
"cnt","1548","11"
"cnt","1548","6"
"cnt","1549","27"
"cnt","1549","13"
"cnt","1549","11"
"cnt","1549","6"
"cnt","1550","6"
"cnt","1550","11"
"cnt","1550","13"
"cnt","1550","27"
"cnt","1551","27"
"cnt","1551","13"
"cnt","1551","11"
"cnt","1551","6"
"cnt","1552","27"
"cnt","1552","13"
"cnt","1552","11"
"cnt","1552","6"
"cnt","1553","27"
"cnt","1553","13"
"cnt","1553","11"
"cnt","1553","6"
"cnt","1554","6"
"cnt","1554","11"
"cnt","1554","13"
"cnt","1554","27"
"cnt","1555","6"
"cnt","1555","11"
"cnt","1555","13"
"cnt","1555","27"
"cnt","1556","6"
"cnt","1556","11"
"cnt","1556","13"
"cnt","1556","27"
"cnt","1557","27"
"cnt","1557","13"
"cnt","1557","11"
"cnt","1557","6"
"cnt","1558","6"
"cnt","1558","11"
"cnt","1558","13"
"cnt","1558","27"
"cnt","1559","6"
"cnt","1559","11"
"cnt","1559","13"
"cnt","1559","27"
"cnt","1560","27"
"cnt","1560","13"
"cnt","1560","11"
"cnt","1560","6"
"cnt","1561","6"
"cnt","1561","11"
"cnt","1561","13"
"cnt","1561","27"
"cnt","1562","6"
"cnt","1562","11"
"cnt","1562","13"
"cnt","1562","27"
"cnt","1563","27"
"cnt","1563","13"
"cnt","1563","11"
"cnt","1563","6"
"cnt","1564","6"
"cnt","1564","11"
"cnt","1564","13"
"cnt","1564","27"
"cnt","1565","27"
"cnt","1565","13"
"cnt","1565","11"
"cnt","1565","6"
"cnt","1566","6"
"cnt","1566","11"
"cnt","1566","13"
"cnt","1566","27"
"cnt","1567","6"
"cnt","1567","11"
"cnt","1567","13"
"cnt","1567","27"
"cnt","1568","6"
"cnt","1568","11"
"cnt","1568","13"
"cnt","1568","27"
"cnt","1569","6"
"cnt","1569","11"
"cnt","1569","13"
"cnt","1569","27"
"cnt","1570","6"
"cnt","1570","11"
"cnt","1570","13"
"cnt","1570","27"
"cnt","1571","6"
"cnt","1571","11"
"cnt","1571","13"
"cnt","1571","27"
"cnt","1572","6"
"cnt","1572","11"
"cnt","1572","13"
"cnt","1572","27"
"cnt","1573","6"
"cnt","1573","11"
"cnt","1573","13"
"cnt","1573","27"
"cnt","1574","27"
"cnt","1574","13"
"cnt","1574","11"
"cnt","1574","6"
"cnt","1575","27"
"cnt","1575","13"
"cnt","1575","11"
"cnt","1575","6"
"cnt","1576","27"
"cnt","1576","13"
"cnt","1576","11"
"cnt","1576","6"
"cnt","1577","6"
"cnt","1577","11"
"cnt","1577","13"
"cnt","1577","27"
"cnt","1578","6"
"cnt","1578","11"
"cnt","1578","13"
"cnt","1578","27"
"cnt","1579","6"
"cnt","1579","11"
"cnt","1579","13"
"cnt","1579","27"
"cnt","1580","5"
"cnt","1580","11"
"cnt","1580","13"
"cnt","1580","27"
"cnt","1581","6"
"cnt","1581","11"
"cnt","1581","13"
"cnt","1581","27"
"cnt","1583","27"
"cnt","1583","13"
"cnt","1583","11"
"cnt","1583","6"
"cnt","1584","27"
"cnt","1584","13"
"cnt","1584","11"
"cnt","1584","6"
"cnt","1585","6"
"cnt","1585","11"
"cnt","1585","13"
"cnt","1585","27"
"cnt","1587","6"
"cnt","1587","11"
"cnt","1587","13"
"cnt","1587","27"
"cnt","1588","6"
"cnt","1588","11"
"cnt","1588","13"
"cnt","1588","27"
"cnt","1589","6"
"cnt","1589","11"
"cnt","1589","13"
"cnt","1589","27"
"cnt","1590","27"
"cnt","1590","13"
"cnt","1590","11"
"cnt","1590","6"
"cnt","1591","6"
"cnt","1591","11"
"cnt","1591","13"
"cnt","1591","27"
"cnt","1592","6"
"cnt","1592","11"
"cnt","1592","13"
"cnt","1592","27"
"cnt","1594","6"
"cnt","1594","11"
"cnt","1594","13"
"cnt","1594","27"
"cnt","1595","6"
"cnt","1595","11"
"cnt","1595","13"
"cnt","1595","27"
"cnt","1596","6"
"cnt","1596","11"
"cnt","1596","13"
"cnt","1596","27"
"cnt","1597","27"
"cnt","1597","13"
"cnt","1597","11"
"cnt","1597","6"
"cnt","1598","13"
"cnt","1598","11"
"cnt","1598","6"
"obj","1598","1599"
"obj","1599","1598"
"cnt","1599","6"
"cnt","1599","11"
"cnt","1599","13"
"cnt","1599","27"
"cnt","1598","27"
"cnt","1603","27"
"cnt","1603","13"
"cnt","1603","11"
"cnt","1603","6"
"cnt","1604","27"
"cnt","1604","13"
"cnt","1604","11"
"cnt","1604","6"
"cnt","1605","6"
"cnt","1605","11"
"cnt","1605","13"
"cnt","1606","6"
"cnt","1606","11"
"cnt","1606","13"
"cnt","1606","27"
"cnt","1608","13"
"cnt","1608","14"
"cnt","1608","6"
"cnt","1609","6"
"cnt","1609","11"
"cnt","1609","13"
"cnt","1609","27"
"cnt","1610","27"
"cnt","1610","13"
"cnt","1610","11"
"cnt","1610","6"
"cnt","1611","6"
"cnt","1611","11"
"cnt","1611","13"
"cnt","1611","27"
"cnt","1612","27"
"cnt","1612","13"
"cnt","1612","11"
"cnt","1612","12"
"cnt","1612","6"
"cnt","1613","27"
"cnt","1613","13"
"cnt","1613","11"
"cnt","1613","6"
"cnt","1617","27"
"cnt","1617","13"
"cnt","1617","11"
"cnt","1617","6"
"cnt","1618","27"
"cnt","1618","13"
"cnt","1618","11"
"cnt","1618","6"
"cnt","1619","6"
"cnt","1619","11"
"cnt","1619","13"
"cnt","1619","27"
"cnt","1620","27"
"cnt","1620","13"
"cnt","1620","11"
"cnt","1620","6"
"cnt","1621","6"
"cnt","1621","11"
"cnt","1621","13"
"cnt","1622","27"
"cnt","1622","13"
"cnt","1622","11"
"cnt","1622","6"
"cnt","1623","27"
"cnt","1623","13"
"cnt","1623","11"
"cnt","1623","6"
"cnt","1624","6"
"cnt","1624","11"
"cnt","1624","13"
"cnt","1624","27"
"obj","1625","1623"
"cnt","1625","6"
"cnt","1625","11"
"cnt","1625","13"
"cnt","1625","27"
"cnt","1626","27"
"cnt","1626","13"
"cnt","1626","11"
"cnt","1626","6"
"cnt","1627","27"
"cnt","1627","13"
"cnt","1627","11"
"cnt","1627","6"
"obj","1627","1623"
"obj","1627","1625"
"cnt","1628","27"
"cnt","1628","13"
"cnt","1628","11"
"cnt","1628","6"
"obj","1628","1627"
"obj","1628","1626"
"cnt","1629","12"
"cnt","1629","27"
"cnt","1629","13"
"cnt","1629","11"
"cnt","1629","6"
"obj","1629","1626"
"obj","1629","1628"
"cnt","1630","6"
"cnt","1630","12"
"cnt","1630","11"
"cnt","1630","14"
"cnt","1630","13"
"cnt","1630","27"
"cnt","1631","27"
"cnt","1631","13"
"cnt","1631","6"
"cnt","1631","12"
"cnt","1631","11"
"cnt","1631","26"
"cnt","1631","14"
"obj","1632","1628"
"obj","1632","1629"
"obj","1632","1626"
"cnt","1632","6"
"cnt","1632","12"
"cnt","1632","11"
"cnt","1632","26"
"cnt","1632","14"
"cnt","1632","13"
"cnt","1632","27"
"cnt","1633","6"
"cnt","1633","12"
"cnt","1633","11"
"cnt","1633","26"
"cnt","1633","14"
"cnt","1633","13"
"cnt","1633","27"
"cnt","1634","6"
"cnt","1634","12"
"cnt","1634","11"
"cnt","1634","26"
"cnt","1634","14"
"cnt","1634","13"
"cnt","1634","27"
"obj","1635","1627"
"obj","1635","1623"
"cnt","1635","6"
"cnt","1635","12"
"cnt","1635","11"
"cnt","1635","26"
"cnt","1635","14"
"cnt","1635","13"
"cnt","1635","27"
"cnt","1636","5"
"cnt","1637","6"
"cnt","1637","12"
"cnt","1637","11"
"cnt","1637","26"
"cnt","1637","14"
"cnt","1637","13"
"cnt","1637","27"
"cnt","1638","6"
"cnt","1638","11"
"cnt","1638","26"
"cnt","1638","14"
"cnt","1638","13"
"cnt","1638","27"
"cnt","1639","6"
"cnt","1639","5"
"cnt","1639","11"
"cnt","1639","14"
"cnt","1639","13"
"cnt","1640","6"
"cnt","1640","12"
"cnt","1640","11"
"cnt","1640","26"
"cnt","1640","14"
"cnt","1640","13"
"cnt","1641","6"
"cnt","1641","11"
"cnt","1641","14"
"cnt","1641","13"
"cnt","1641","27"
"cnt","1642","6"
"cnt","1642","12"
"cnt","1642","11"
"cnt","1642","26"
"cnt","1642","14"
"cnt","1642","13"
"cnt","1643","6"
"cnt","1643","11"
"cnt","1643","13"
"cnt","1643","27"
"cnt","1644","6"
"cnt","1644","12"
"cnt","1644","11"
"cnt","1644","26"
"cnt","1644","14"
"cnt","1644","13"
"cnt","1645","6"
"cnt","1645","12"
"cnt","1645","11"
"cnt","1645","26"
"cnt","1645","14"
"cnt","1645","13"
"cnt","1645","27"
"cnt","1646","6"
"cnt","1646","12"
"cnt","1646","11"
"cnt","1646","26"
"cnt","1646","14"
"cnt","1646","13"
"cnt","1647","27"
"cnt","1647","13"
"cnt","1647","14"
"cnt","1647","26"
"cnt","1647","11"
"cnt","1647","12"
"cnt","1647","6"
"cnt","1648","6"
"cnt","1649","6"
"cnt","1650","6"
"cnt","1652","6"
"cnt","1652","12"
"cnt","1652","11"
"cnt","1652","26"
"cnt","1652","14"
"cnt","1652","13"
"cnt","1653","6"
"cnt","1653","11"
"cnt","1653","13"
"cnt","1654","27"
"cnt","1654","13"
"cnt","1654","11"
"cnt","1654","6"
"cnt","1655","27"
"cnt","1655","13"
"cnt","1655","11"
"cnt","1655","6"
"cnt","1657","13"
"cnt","1657","11"
"cnt","1657","6"
"cnt","1658","6"
"cnt","1658","11"
"cnt","1658","13"
"cnt","1659","6"
"cnt","1661","6"
"cnt","1662","13"
"cnt","1662","11"
"cnt","1662","6"
"cnt","1663","27"
"cnt","1663","13"
"cnt","1663","11"
"cnt","1663","6"
"cnt","1664","6"
"cnt","1665","27"
"cnt","1665","13"
"cnt","1665","11"
"cnt","1665","6"
"cnt","1666","27"
"cnt","1666","13"
"cnt","1666","11"
"cnt","1666","6"
"cnt","1667","27"
"cnt","1667","13"
"cnt","1667","11"
"cnt","1667","6"
"cnt","1668","27"
"cnt","1668","13"
"cnt","1668","11"
"cnt","1668","6"
"cnt","1669","6"
"cnt","1669","12"
"cnt","1669","11"
"cnt","1669","26"
"cnt","1669","14"
"cnt","1669","13"
"cnt","1669","27"
"cnt","1670","6"
"cnt","1670","11"
"cnt","1670","13"
"cnt","1670","27"
"cnt","1672","6"
"cnt","1672","11"
"cnt","1672","13"
"cnt","1672","27"
"cnt","1673","6"
"cnt","1673","11"
"cnt","1673","13"
"cnt","1673","27"
"cnt","1676","26"
"cnt","1677","27"
"cnt","1677","13"
"cnt","1677","11"
"cnt","1677","6"
"cnt","1678","26"
"cnt","1679","6"
"cnt","1680","6"
"cnt","1681","27"
"cnt","1681","13"
"cnt","1681","11"
"cnt","1681","6"
"cnt","1682","13"
"cnt","1682","11"
"cnt","1682","6"
"cnt","1683","6"
"cnt","1683","11"
"cnt","1683","13"
"cnt","1685","27"
"cnt","1685","13"
"cnt","1685","14"
"cnt","1685","11"
"cnt","1685","6"
"cnt","1686","27"
"cnt","1686","13"
"cnt","1686","11"
"cnt","1686","6"
"cnt","1687","6"
"cnt","1687","11"
"cnt","1687","13"
"cnt","1687","27"
"cnt","1688","6"
"cnt","1688","11"
"cnt","1688","13"
"cnt","1688","27"
"cnt","1689","13"
"cnt","1689","14"
"cnt","1689","11"
"cnt","1689","6"
"cnt","1690","13"
"cnt","1690","14"
"cnt","1690","11"
"cnt","1690","6"
"cnt","1691","13"
"cnt","1691","11"
"cnt","1691","6"
"cnt","1692","6"
"cnt","1692","11"
"cnt","1692","13"
"cnt","1692","27"
"cnt","1800","13"
"cnt","1800","11"
"cnt","1800","6"
"cnt","1799","13"
"cnt","1696","6"
"cnt","1696","11"
"cnt","1696","13"
"cnt","1696","27"
"cnt","1697","6"
"cnt","1697","11"
"cnt","1697","13"
"cnt","1697","27"
"cnt","1698","27"
"cnt","1698","13"
"cnt","1698","11"
"cnt","1698","6"
"cnt","1699","6"
"cnt","1699","11"
"cnt","1699","13"
"cnt","1699","27"
"cnt","1700","6"
"cnt","1700","11"
"cnt","1700","13"
"cnt","1700","27"
"cnt","1701","6"
"cnt","1701","11"
"cnt","1701","13"
"cnt","1701","27"
"cnt","1702","6"
"cnt","1702","11"
"cnt","1702","14"
"cnt","1702","13"
"cnt","1703","6"
"cnt","1703","11"
"cnt","1703","13"
"cnt","1703","27"
"cnt","1704","6"
"cnt","1704","11"
"cnt","1704","13"
"cnt","1704","27"
"cnt","1705","13"
"cnt","1705","14"
"cnt","1705","11"
"cnt","1705","6"
"cnt","1706","6"
"cnt","1706","11"
"cnt","1706","14"
"cnt","1706","13"
"cnt","1708","6"
"cnt","1708","11"
"cnt","1708","13"
"cnt","1708","27"
"cnt","1709","6"
"cnt","1709","11"
"cnt","1709","13"
"cnt","1709","27"
"cnt","1711","6"
"cnt","1711","11"
"cnt","1711","13"
"cnt","1711","27"
"cnt","1712","6"
"cnt","1712","11"
"cnt","1712","14"
"cnt","1712","13"
"cnt","1713","6"
"cnt","1713","11"
"cnt","1713","13"
"cnt","1713","27"
"cnt","1714","6"
"cnt","1714","11"
"cnt","1714","13"
"cnt","1714","27"
"cnt","1715","6"
"cnt","1715","11"
"cnt","1715","14"
"cnt","1715","13"
"cnt","1716","13"
"cnt","1716","14"
"cnt","1716","11"
"cnt","1716","6"
"cnt","1717","6"
"cnt","1717","11"
"cnt","1717","14"
"cnt","1717","13"
"cnt","1718","13"
"cnt","1718","11"
"cnt","1718","6"
"cnt","1719","13"
"cnt","1719","14"
"cnt","1719","11"
"cnt","1719","6"
"cnt","1720","13"
"cnt","1720","14"
"cnt","1720","11"
"cnt","1720","6"
"cnt","1722","6"
"cnt","1722","11"
"cnt","1722","14"
"cnt","1722","13"
"cnt","1723","13"
"cnt","1723","14"
"cnt","1723","11"
"cnt","1723","5"
"cnt","1723","6"
"cnt","1724","6"
"cnt","1724","14"
"cnt","1724","13"
"cnt","1725","13"
"cnt","1725","14"
"cnt","1725","6"
"cnt","1727","13"
"cnt","1727","14"
"cnt","1727","5"
"cnt","1727","6"
"cnt","1728","13"
"cnt","1728","14"
"cnt","1728","6"
"cnt","1729","13"
"cnt","1729","11"
"cnt","1729","6"
"cnt","1730","6"
"cnt","1730","13"
"cnt","1731","11"
"cnt","1731","13"
"cnt","1731","6"
"cnt","1732","13"
"cnt","1732","11"
"cnt","1732","6"
"cnt","1733","13"
"cnt","1733","11"
"cnt","1733","6"
"cnt","1734","27"
"cnt","1734","13"
"cnt","1734","11"
"cnt","1734","6"
"cnt","1735","6"
"cnt","1735","11"
"cnt","1735","13"
"cnt","1735","27"
"cnt","1736","27"
"cnt","1736","13"
"cnt","1736","11"
"cnt","1736","6"
"cnt","1737","27"
"cnt","1737","13"
"cnt","1737","11"
"cnt","1737","6"
"cnt","1738","6"
"cnt","1738","5"
"cnt","1738","12"
"cnt","1738","11"
"cnt","1738","26"
"cnt","1738","14"
"cnt","1738","13"
"cnt","1738","27"
"cnt","1739","6"
"cnt","1739","11"
"cnt","1739","13"
"cnt","1739","27"
"cnt","1740","6"
"cnt","1740","11"
"cnt","1740","13"
"cnt","1740","27"
"cnt","1741","6"
"cnt","1741","12"
"cnt","1741","11"
"cnt","1741","26"
"cnt","1741","14"
"cnt","1741","13"
"cnt","1741","27"
"cnt","1742","6"
"cnt","1742","11"
"cnt","1742","13"
"cnt","1742","27"
"cnt","1743","27"
"cnt","1743","13"
"cnt","1743","11"
"cnt","1743","6"
"cnt","1744","6"
"cnt","1744","11"
"cnt","1744","13"
"cnt","1744","27"
"cnt","1745","6"
"cnt","1745","11"
"cnt","1745","13"
"cnt","1745","27"
"cnt","1746","6"
"cnt","1746","12"
"cnt","1746","11"
"cnt","1746","26"
"cnt","1746","14"
"cnt","1746","13"
"cnt","1746","27"
"cnt","1747","6"
"cnt","1747","11"
"cnt","1747","13"
"cnt","1747","27"
"cnt","1748","27"
"cnt","1748","13"
"cnt","1748","11"
"cnt","1748","6"
"cnt","1749","6"
"cnt","1749","11"
"cnt","1749","14"
"cnt","1749","13"
"cnt","1750","6"
"cnt","1750","11"
"cnt","1750","14"
"cnt","1750","13"
"cnt","1751","27"
"cnt","1751","13"
"cnt","1751","11"
"cnt","1751","6"
"obj","1752","1751"
"cnt","1752","6"
"cnt","1752","11"
"cnt","1752","14"
"cnt","1752","13"
"cnt","1753","13"
"cnt","1753","14"
"cnt","1753","6"
"cnt","1755","6"
"cnt","1755","13"
"cnt","1756","6"
"cnt","1756","13"
"cnt","1756","27"
"cnt","1757","6"
"cnt","1757","11"
"cnt","1757","13"
"cnt","1758","6"
"cnt","1758","13"
"cnt","1758","27"
"cnt","1760","6"
"cnt","1761","6"
"cnt","1761","13"
"cnt","1803","11"
"cnt","1803","6"
"cnt","1767","6"
"cnt","1767","13"
"cnt","1767","27"
"cnt","1767","11"
"cnt","1768","14"
"cnt","1768","13"
"cnt","1768","11"
"cnt","1768","6"
"cnt","1769","13"
"cnt","1769","11"
"cnt","1769","6"
"cnt","1770","6"
"cnt","1770","11"
"cnt","1770","14"
"cnt","1770","13"
"cnt","1771","27"
"cnt","1771","13"
"cnt","1771","11"
"cnt","1771","6"
"cnt","1772","6"
"cnt","1772","11"
"cnt","1772","13"
"cnt","1772","27"
"cnt","1773","6"
"cnt","1773","11"
"cnt","1773","13"
"cnt","1773","27"
"cnt","1774","6"
"cnt","1774","11"
"cnt","1774","13"
"cnt","1774","27"
"cnt","1775","27"
"cnt","1775","13"
"cnt","1775","11"
"cnt","1775","6"
"cnt","1828","13"
"cnt","1828","11"
"cnt","1828","6"
"cnt","1823","27"
"cnt","1777","6"
"cnt","1777","11"
"cnt","1777","13"
"cnt","1778","6"
"cnt","1778","11"
"cnt","1778","13"
"cnt","1780","6"
"cnt","1780","11"
"cnt","1780","13"
"cnt","1781","13"
"cnt","1781","11"
"cnt","1781","6"
"cnt","1782","27"
"cnt","1782","13"
"cnt","1782","11"
"cnt","1782","6"
"cnt","1802","6"
"cnt","1801","13"
"cnt","1801","11"
"cnt","1801","6"
"cnt","1784","6"
"cnt","1784","11"
"cnt","1784","13"
"cnt","1784","27"
"cnt","1786","27"
"cnt","1786","13"
"cnt","1786","11"
"cnt","1786","6"
"cnt","1787","14"
"cnt","1787","11"
"cnt","1787","6"
"cnt","1788","14"
"cnt","1788","11"
"cnt","1788","6"
"cnt","1789","6"
"cnt","1789","11"
"cnt","1789","14"
"cnt","1790","6"
"cnt","1790","11"
"cnt","1790","14"
"cnt","1791","13"
"cnt","1791","11"
"cnt","1791","6"
"cnt","1792","6"
"cnt","1792","11"
"cnt","1792","13"
"cnt","1792","27"
"cnt","1793","27"
"cnt","1793","13"
"cnt","1793","11"
"cnt","1793","6"
"cnt","1794","27"
"cnt","1794","13"
"cnt","1794","11"
"cnt","1794","6"
"cnt","1795","27"
"cnt","1795","13"
"cnt","1795","11"
"cnt","1795","6"
"cnt","1813","6"
"cnt","1813","11"
"cnt","1813","14"
"cnt","1813","13"
"cnt","1842","14"
"cnt","1843","27"
"cnt","1843","13"
"cnt","1843","11"
"cnt","1843","6"
"cnt","1844","13"
"cnt","1844","14"
"cnt","1844","11"
"cnt","1844","6"
"cnt","1845","13"
"cnt","1845","14"
"cnt","1845","11"
"cnt","1845","6"
"cnt","1846","6"
"cnt","1846","11"
"cnt","1846","13"
"cnt","1847","13"
"cnt","1847","11"
"cnt","1847","6"
"cnt","1848","27"
"cnt","1848","13"
"cnt","1848","11"
"cnt","1848","6"
"cnt","1849","13"
"cnt","1849","6"
"cnt","1850","13"
"cnt","1850","14"
"cnt","1850","11"
"cnt","1851","13"
"cnt","1851","14"
"cnt","1851","11"
"cnt","1851","6"
"cnt","1852","6"
"cnt","1852","11"
"cnt","1852","13"
"cnt","1853","27"
"cnt","1853","6"
"cnt","1853","11"
"cnt","1853","13"
"obj","1854","1853"
"cnt","1854","6"
"cnt","1854","11"
"cnt","1854","13"
"cnt","1854","27"
"obj","1853","1854"
"cnt","1855","27"
"cnt","1855","13"
"cnt","1855","11"
"cnt","1855","6"
"cnt","1856","11"
"cnt","1856","13"
"cnt","1856","27"
"obj","1856","1857"
"obj","1857","1856"
"cnt","1857","6"
"cnt","1857","11"
"cnt","1857","13"
"cnt","1857","27"
"cnt","1856","6"
"cnt","1858","27"
"cnt","1858","13"
"cnt","1858","11"
"cnt","1858","6"
"cnt","1859","6"
"cnt","1859","13"
"cnt","1860","6"
"cnt","1860","13"
"cnt","1860","27"
"cnt","1861","13"
"cnt","1861","6"
"cnt","1862","6"
"cnt","1862","5"
"cnt","1862","14"
"cnt","1862","13"
"cnt","1863","27"
"cnt","1863","13"
"cnt","1863","14"
"cnt","1863","6"
"cnt","1864","13"
"cnt","1864","6"
"cnt","1865","6"
"cnt","1865","13"
"cnt","1866","13"
"cnt","1866","14"
"cnt","1866","6"
"obj","1866","745"
"obj","1866","1355"
"obj","1866","1779"
"obj","1867","1789"
"obj","1867","1473"
"obj","1867","733"
"obj","1867","11"
"cnt","1867","6"
"cnt","1867","13"
"cnt","1867","14"
"obj","1868","1303"
"obj","1868","736"
"obj","1868","836"
"cnt","1868","6"
"cnt","1868","14"
"cnt","1868","13"
"cnt","1869","6"
"obj","1869","749"
"obj","1869","1460"
"obj","1869","135"
"obj","1869","838"
"cnt","1870","13"
"cnt","1870","14"
"cnt","1870","5"
"cnt","1870","6"
"obj","1870","1800"
"obj","1870","1701"
"obj","1870","1842"
"cnt","1871","6"
"cnt","1871","14"
"cnt","1871","13"
"obj","1872","1758"
"obj","1872","1563"
"obj","1872","1774"
"cnt","1872","6"
"cnt","1872","5"
"cnt","1872","14"
"cnt","1872","13"
"cnt","1873","27"
"cnt","1873","13"
"cnt","1873","6"
"obj","1873","47"
"obj","1873","580"
"obj","1873","794"
"obj","1874","1576"
"obj","1874","1813"
"cnt","1874","13"
"cnt","1874","14"
"cnt","1874","5"
"cnt","1874","6"
"cnt","1874","27"
"cnt","1875","6"
"cnt","1875","5"
"cnt","1875","12"
"cnt","1875","11"
"cnt","1875","26"
"cnt","1875","14"
"cnt","1875","13"
"cnt","1876","5"
"cnt","1876","12"
"cnt","1876","11"
"cnt","1876","14"
"cnt","1877","6"
"cnt","1877","13"
"cnt","1878","6"
"cnt","1879","6"
"cnt","1879","5"
"cnt","1879","14"
"cnt","1879","13"
"cnt","1879","27"
"cnt","1880","11"
"cnt","1880","13"
"cnt","1880","6"
"cnt","1881","6"
"cnt","1881","5"
"cnt","1881","12"
"cnt","1881","26"
"cnt","1881","14"
"cnt","1881","13"
"cnt","1882","6"
"cnt","1882","13"
"cnt","1882","27"
"cnt","1883","13"
"cnt","1883","6"
"cnt","1884","5"
"cnt","1884","12"
"cnt","1884","11"
"cnt","1884","14"
"cnt","1884","13"
"cnt","1885","6"
"cnt","1885","13"
"cnt","1886","6"
"cnt","1886","13"
"cnt","1886","27"
"obj","1887","1886"
"cnt","1887","6"
"cnt","1887","13"
"cnt","1887","27"
"cnt","1888","6"
"cnt","1888","13"
"cnt","1889","13"
"cnt","1889","6"
"cnt","1889","27"
"cnt","1890","6"
"cnt","1890","11"
"cnt","1890","14"
"cnt","1890","13"
"cnt","1890","27"
"cnt","1891","13"
"cnt","1891","27"
"cnt","1891","6"
"cnt","1892","6"
"cnt","1892","13"
"cnt","1892","27"
"cnt","1893","13"
"cnt","1893","27"
"cnt","1893","6"
"cnt","1894","6"
"cnt","1894","27"
"cnt","1894","13"
"cnt","1895","6"
"cnt","1895","13"
"cnt","1895","27"
"cnt","1896","27"
"cnt","1896","13"
"cnt","1896","14"
"cnt","1896","6"
"cnt","1897","6"
"cnt","1897","13"
"cnt","1898","6"
"cnt","1898","13"
"cnt","1899","6"
"cnt","1899","13"
"cnt","1899","27"
"cnt","1900","14"
"cnt","1900","13"
"cnt","1900","6"
"cnt","1901","6"
"cnt","1901","13"
"cnt","1902","13"
"cnt","1902","6"
"cnt","1903","27"
"cnt","1903","13"
"cnt","1903","6"
"cnt","1904","6"
"cnt","1904","13"
"cnt","1905","6"
"cnt","1905","13"
"cnt","1905","27"
"cnt","1906","6"
"cnt","1906","13"
"cnt","1907","6"
"cnt","1907","13"
"cnt","1908","6"
"cnt","1908","13"
"cnt","1908","27"
"cnt","1909","6"
"cnt","1909","13"
"cnt","1909","27"
"cnt","1910","6"
"cnt","1910","11"
"cnt","1910","13"
"cnt","1910","27"
"cnt","1911","6"
"cnt","1911","5"
"cnt","1911","14"
"cnt","1911","13"
"cnt","1911","27"
"cnt","1912","6"
"cnt","1912","14"
"cnt","1912","13"
"cnt","1913","27"
"cnt","1913","13"
"cnt","1913","14"
"cnt","1913","26"
"cnt","1913","11"
"cnt","1913","12"
"cnt","1913","5"
"cnt","1914","6"
"cnt","1914","5"
"cnt","1914","14"
"cnt","1914","13"
"cnt","1915","6"
"cnt","1915","14"
"cnt","1915","13"
"cnt","1915","27"
"cnt","1916","27"
"cnt","1916","13"
"cnt","1916","14"
"cnt","1916","6"
"cnt","1917","6"
"cnt","1917","14"
"cnt","1917","13"
"cnt","1918","27"
"cnt","1918","13"
"cnt","1918","14"
"cnt","1918","6"
"cnt","1919","27"
"cnt","1919","13"
"cnt","1919","14"
"cnt","1919","5"
"cnt","1919","6"
"cnt","1920","6"
"cnt","1920","14"
"cnt","1920","13"
"cnt","1920","27"
"cnt","1921","6"
"cnt","1921","5"
"cnt","1921","14"
"cnt","1921","27"
"cnt","1921","13"
"cnt","1922","6"
"cnt","1922","14"
"cnt","1922","27"
"cnt","1922","13"
"cnt","1923","6"
"cnt","1923","5"
"cnt","1923","14"
"cnt","1923","11"
"cnt","1923","27"
"cnt","1923","13"
"cnt","1924","6"
"cnt","1924","5"
"cnt","1924","12"
"cnt","1924","14"
"cnt","1924","26"
"cnt","1924","13"
"cnt","1925","6"
"cnt","1925","12"
"cnt","1925","26"
"cnt","1925","14"
"cnt","1925","13"
"cnt","1926","6"
"cnt","1926","14"
"cnt","1926","27"
"cnt","1927","6"
"cnt","1927","13"
"cnt","1927","27"
"cnt","1928","6"
"cnt","1928","13"
"cnt","1928","27"
"cnt","1929","6"
"cnt","1929","13"
"cnt","1930","13"
"cnt","1930","14"
"cnt","1930","5"
"cnt","1930","6"
"cnt","1931","13"
"cnt","1931","6"
"cnt","1932","6"
"cnt","1932","13"
"cnt","1933","6"
"cnt","1933","11"
"cnt","1933","27"
"cnt","1933","13"
"cnt","1933","14"
"cnt","1934","13"
"cnt","1934","14"
"cnt","1934","5"
"cnt","1934","6"
"cnt","1935","6"
"cnt","1935","5"
"cnt","1935","14"
"cnt","1935","13"
"cnt","1936","6"
"cnt","1936","5"
"cnt","1936","14"
"cnt","1936","13"
"cnt","1937","13"
"cnt","1937","14"
"cnt","1937","5"
"cnt","1937","6"
"cnt","1938","6"
"cnt","1938","5"
"cnt","1938","14"
"cnt","1938","13"
"cnt","1939","27"
"cnt","1939","13"
"cnt","1939","14"
"cnt","1939","11"
"cnt","1939","5"
"cnt","1939","6"
"cnt","1940","6"
"cnt","1941","6"
"cnt","1941","5"
"cnt","1941","14"
"cnt","1941","13"
"cnt","1942","6"
"cnt","1942","5"
"cnt","1942","14"
"cnt","1942","13"
"cnt","1943","6"
"cnt","1943","5"
"cnt","1943","26"
"cnt","1943","14"
"cnt","1943","13"
"cnt","1943","27"
"cnt","1944","6"
"cnt","1945","6"
"cnt","1946","6"
"cnt","1946","5"
"cnt","1946","26"
"cnt","1946","14"
"cnt","1946","13"
"cnt","1946","27"
"cnt","1947","6"
"cnt","1947","5"
"cnt","1947","14"
"cnt","1947","13"
"cnt","1948","13"
"cnt","1948","14"
"cnt","1948","5"
"cnt","1948","6"
"cnt","1949","6"
"cnt","1949","5"
"cnt","1949","14"
"cnt","1949","13"
"cnt","1950","13"
"cnt","1950","14"
"cnt","1950","5"
"cnt","1950","6"
"cnt","1951","13"
"cnt","1951","14"
"cnt","1951","5"
"cnt","1951","6"
"cnt","1952","6"
"cnt","1952","5"
"cnt","1952","14"
"cnt","1952","13"
"cnt","1953","13"
"cnt","1953","14"
"cnt","1953","26"
"cnt","1953","11"
"cnt","1953","5"
"cnt","1953","6"
"cnt","1954","6"
"cnt","1954","5"
"cnt","1954","14"
"cnt","1954","13"
"cnt","1955","13"
"cnt","1955","14"
"cnt","1955","5"
"cnt","1955","6"
"cnt","1956","13"
"cnt","1956","14"
"cnt","1956","5"
"cnt","1956","6"
"cnt","1957","6"
"cnt","1957","5"
"cnt","1957","14"
"cnt","1957","13"
"cnt","1958","13"
"cnt","1958","14"
"cnt","1958","26"
"cnt","1958","5"
"cnt","1958","6"
"obj","1958","946"
"cnt","1959","5"
"cnt","1959","14"
"cnt","1959","13"
"cnt","1960","14"
"cnt","1960","5"
"cnt","1960","6"
"cnt","1961","14"
"cnt","1961","13"
"cnt","1961","5"
"cnt","1961","6"
"cnt","1962","27"
"cnt","1962","13"
"cnt","1962","14"
"cnt","1962","5"
"cnt","1962","6"
"cnt","1963","6"
"cnt","1963","13"
"cnt","1964","6"
"cnt","1964","14"
"cnt","1964","13"
"cnt","383","5"
"obj","383","382"
"obj","383","380"
"obj","383","378"
"cnt","1966","13"
"cnt","1966","14"
"cnt","1966","11"
"cnt","1966","5"
"cnt","1966","6"
"cnt","1967","6"
"cnt","1967","5"
"cnt","1967","14"
"cnt","1967","13"
"cnt","1968","13"
"cnt","1968","14"
"cnt","1968","5"
"cnt","1968","6"
"cnt","1969","13"
"cnt","1969","14"
"cnt","1969","5"
"cnt","1969","6"
"cnt","1970","6"
"cnt","1971","6"
"cnt","1971","5"
"cnt","1971","14"
"cnt","1971","13"
"cnt","1973","6"
"cnt","1973","5"
"cnt","1973","14"
"cnt","1973","13"
"cnt","1974","6"
"cnt","1974","5"
"cnt","1974","14"
"cnt","1974","13"
"cnt","1975","6"
"cnt","1975","5"
"cnt","1975","14"
"cnt","1975","13"
"cnt","1976","13"
"cnt","1976","14"
"cnt","1976","5"
"cnt","1976","6"
"cnt","1977","6"
"cnt","1977","5"
"cnt","1977","14"
"cnt","1977","13"
"cnt","1978","6"
"cnt","1979","13"
"cnt","1979","14"
"cnt","1979","5"
"cnt","1979","6"
"cnt","1980","6"
"cnt","1980","5"
"cnt","1980","14"
"cnt","1980","13"
"cnt","1981","6"
"cnt","1981","5"
"cnt","1981","14"
"cnt","1981","13"
"cnt","1982","13"
"cnt","1982","14"
"cnt","1982","5"
"cnt","1982","6"
"cnt","1983","6"
"cnt","1983","5"
"cnt","1983","14"
"cnt","1983","13"
"cnt","1984","13"
"cnt","1984","6"
"cnt","1985","6"
"cnt","1985","13"
"cnt","1985","14"
"cnt","1986","6"
"cnt","1986","5"
"cnt","1986","14"
"cnt","1986","13"
"cnt","1987","6"
"cnt","1987","5"
"cnt","1987","14"
"cnt","1987","13"
"cnt","1988","6"
"cnt","1988","5"
"cnt","1988","14"
"cnt","1988","13"
"cnt","1989","13"
"cnt","1989","14"
"cnt","1989","5"
"cnt","1989","6"
"cnt","1990","6"
"cnt","1990","5"
"cnt","1990","14"
"cnt","1990","13"
"cnt","1991","6"
"cnt","1991","5"
"cnt","1991","14"
"cnt","1991","13"
"cnt","1992","6"
"cnt","1992","5"
"cnt","1992","14"
"cnt","1992","13"
"cnt","1993","6"
"cnt","1993","5"
"cnt","1993","14"
"cnt","1993","13"
"cnt","1994","13"
"cnt","1994","14"
"cnt","1994","5"
"cnt","1994","6"
"cnt","1995","6"
"cnt","1995","5"
"cnt","1995","14"
"cnt","1995","13"
"cnt","1996","13"
"cnt","1996","14"
"cnt","1996","5"
"cnt","1996","6"
"cnt","1997","6"
"cnt","1997","5"
"cnt","1997","14"
"cnt","1997","13"
"cnt","1998","6"
"cnt","1998","5"
"cnt","1998","14"
"cnt","1998","13"
"cnt","1999","6"
"cnt","1999","5"
"cnt","1999","14"
"cnt","1999","13"
"cnt","2000","6"
"cnt","2000","5"
"cnt","2000","14"
"cnt","2000","13"
"cnt","2001","6"
"cnt","2001","5"
"cnt","2001","14"
"cnt","2001","13"
"cnt","2002","6"
"cnt","2002","5"
"cnt","2002","12"
"cnt","2002","11"
"cnt","2002","26"
"cnt","2002","14"
"cnt","2002","13"
"cnt","2002","27"
"cnt","2003","27"
"cnt","2003","13"
"cnt","2003","14"
"cnt","2003","5"
"cnt","2003","6"
"cnt","2004","6"
"cnt","2004","5"
"cnt","2004","14"
"cnt","2004","13"
"cnt","2005","6"
"cnt","2005","5"
"cnt","2005","26"
"cnt","2005","14"
"cnt","2005","13"
"cnt","2006","13"
"cnt","2006","14"
"cnt","2006","26"
"cnt","2006","5"
"cnt","2006","6"
"cnt","2007","6"
"cnt","2007","5"
"cnt","2007","11"
"cnt","2007","26"
"cnt","2007","14"
"cnt","2007","13"
"cnt","2007","27"
"cnt","2008","14"
"cnt","2008","26"
"cnt","2008","11"
"cnt","2008","5"
"cnt","2008","6"
"cnt","2008","13"
"cnt","2008","27"
"cnt","2009","6"
"cnt","2009","5"
"cnt","2009","14"
"cnt","2009","13"
"cnt","2010","6"
"cnt","2010","5"
"cnt","2010","26"
"cnt","2010","14"
"cnt","2010","13"
"cnt","2010","27"
"cnt","2011","13"
"cnt","2011","14"
"cnt","2011","5"
"cnt","2011","6"
"cnt","2012","6"
"cnt","2012","5"
"cnt","2012","14"
"cnt","2012","13"
"cnt","2013","6"
"cnt","2013","5"
"cnt","2013","14"
"cnt","2013","13"
"cnt","2014","6"
"cnt","2014","5"
"cnt","2014","14"
"cnt","2014","13"
"cnt","2014","27"
"cnt","2015","6"
"cnt","2015","5"
"cnt","2015","14"
"cnt","2015","13"
"cnt","2016","6"
"cnt","2016","5"
"cnt","2016","14"
"cnt","2016","13"
