"tip","ass_bid","ass_tid"
"cnt","2","6"
"cnt","2","5"
"cnt","3","14"
"cnt","3","13"
"obj","4","773"
"obj","4","485"
"cnt","5","13"
"cnt","5","11"
"cnt","6","6"
"cnt","6","11"
"cnt","6","13"
"cnt","7","5"
"cnt","7","6"
"cnt","7","11"
"cnt","7","13"
"cnt","7","14"
"cnt","8","14"
"cnt","8","13"
"cnt","8","11"
"cnt","8","6"
"cnt","8","5"
"cnt","9","6"
"cnt","9","11"
"cnt","9","13"
"cnt","9","14"
"cnt","10","6"
"cnt","10","14"
"cnt","10","13"
"cnt","10","11"
"cnt","11","14"
"cnt","11","13"
"cnt","11","11"
"cnt","11","6"
"cnt","11","5"
"cnt","13","5"
"cnt","13","6"
"cnt","13","11"
"cnt","13","13"
"cnt","13","14"
"cnt","14","14"
"cnt","14","13"
"cnt","14","11"
"cnt","14","6"
"cnt","14","5"
"cnt","15","14"
"cnt","15","13"
"cnt","15","11"
"cnt","15","6"
"cnt","15","5"
"cnt","16","13"
"cnt","16","14"
"cnt","16","6"
"cnt","16","11"
"cnt","17","14"
"cnt","17","13"
"cnt","17","11"
"cnt","17","6"
"cnt","17","5"
"obj","17","16"
"obj","4","920"
"obj","4","583"
"obj","4","1075"
"cnt","2","11"
"cnt","2","14"
"cnt","2","13"
"cnt","3","6"
"cnt","3","5"
"cnt","3","11"
"obj","16","19"
"cnt","5","5"
"cnt","5","6"
"obj","5","29"
"cnt","6","14"
"obj","9","3"
"cnt","18","6"
"cnt","18","14"
"cnt","18","13"
"cnt","18","11"
"cnt","19","14"
"cnt","19","13"
"cnt","19","11"
"cnt","19","6"
"cnt","19","5"
"obj","19","17"
"obj","19","16"
"cnt","20","6"
"cnt","20","14"
"cnt","20","13"
"cnt","20","11"
"cnt","21","6"
"cnt","21","14"
"cnt","21","13"
"cnt","21","11"
"cnt","22","6"
"cnt","22","11"
"cnt","22","13"
"cnt","22","14"
"cnt","23","6"
"cnt","23","11"
"cnt","23","13"
"cnt","23","14"
"cnt","24","14"
"cnt","24","13"
"cnt","24","11"
"cnt","24","6"
"cnt","25","6"
"cnt","25","11"
"cnt","25","13"
"cnt","25","14"
"cnt","26","14"
"cnt","26","11"
"cnt","26","13"
"cnt","27","11"
"cnt","27","13"
"cnt","27","14"
"obj","27","26"
"cnt","116","5"
"cnt","28","11"
"cnt","28","13"
"cnt","29","6"
"cnt","29","14"
"cnt","29","13"
"cnt","29","11"
"obj","29","5"
"cnt","30","6"
"cnt","30","14"
"cnt","30","13"
"cnt","30","11"
"cnt","31","6"
"cnt","31","14"
"cnt","31","13"
"cnt","31","11"
"cnt","1806","6"
"cnt","1804","6"
"cnt","1803","13"
"cnt","33","14"
"cnt","33","13"
"cnt","33","11"
"cnt","33","6"
"cnt","34","5"
"cnt","34","14"
"cnt","34","13"
"cnt","34","12"
"cnt","34","11"
"cnt","34","6"
"cnt","35","14"
"cnt","35","13"
"cnt","35","11"
"cnt","35","6"
"cnt","36","11"
"cnt","36","6"
"cnt","36","13"
"cnt","36","14"
"cnt","36","5"
"cnt","37","14"
"cnt","37","5"
"cnt","37","6"
"cnt","37","11"
"cnt","37","12"
"cnt","37","13"
"cnt","38","14"
"cnt","38","13"
"cnt","38","12"
"cnt","38","11"
"cnt","38","6"
"cnt","38","5"
"obj","38","37"
"obj","37","38"
"cnt","39","6"
"cnt","39","11"
"cnt","39","13"
"cnt","39","14"
"cnt","40","14"
"cnt","40","13"
"cnt","40","12"
"cnt","40","11"
"cnt","40","6"
"cnt","41","6"
"cnt","41","11"
"cnt","41","12"
"cnt","41","13"
"cnt","41","14"
"cnt","42","14"
"cnt","42","13"
"cnt","42","12"
"cnt","42","11"
"cnt","42","6"
"cnt","43","6"
"cnt","43","11"
"cnt","43","13"
"cnt","43","14"
"cnt","43","12"
"cnt","44","6"
"cnt","44","11"
"cnt","44","12"
"cnt","44","13"
"cnt","44","14"
"obj","3","9"
"obj","16","17"
"obj","26","27"
"cnt","5","14"
"obj","20","21"
"cnt","45","14"
"cnt","45","13"
"cnt","45","11"
"cnt","45","6"
"cnt","46","6"
"cnt","46","11"
"cnt","46","13"
"cnt","46","14"
"cnt","47","6"
"cnt","47","11"
"cnt","47","14"
"cnt","47","13"
"cnt","48","6"
"cnt","48","11"
"cnt","48","13"
"cnt","48","14"
"cnt","49","13"
"cnt","49","6"
"cnt","49","11"
"cnt","49","14"
"obj","49","20"
"obj","49","21"
"obj","49","22"
"obj","50","4"
"cnt","50","11"
"cnt","50","13"
"cnt","50","6"
"cnt","51","13"
"cnt","51","11"
"cnt","51","6"
"cnt","52","14"
"cnt","52","6"
"cnt","52","11"
"cnt","52","13"
"cnt","53","14"
"cnt","53","13"
"obj","53","266"
"cnt","54","11"
"cnt","54","13"
"obj","54","575"
"obj","54","576"
"cnt","55","13"
"cnt","55","11"
"cnt","55","6"
"cnt","56","14"
"cnt","56","6"
"cnt","56","11"
"cnt","56","13"
"cnt","57","13"
"cnt","57","11"
"cnt","57","6"
"cnt","57","14"
"cnt","58","13"
"cnt","58","11"
"cnt","58","6"
"cnt","58","14"
"cnt","59","14"
"cnt","59","6"
"cnt","59","11"
"cnt","59","13"
"cnt","60","14"
"cnt","60","6"
"cnt","60","11"
"cnt","60","13"
"cnt","61","11"
"cnt","61","13"
"cnt","61","14"
"cnt","61","6"
"cnt","62","5"
"cnt","62","6"
"cnt","62","11"
"cnt","62","12"
"cnt","62","13"
"cnt","62","14"
"cnt","63","14"
"cnt","63","13"
"cnt","63","12"
"cnt","63","11"
"cnt","63","6"
"cnt","63","5"
"cnt","64","14"
"cnt","64","13"
"cnt","64","12"
"cnt","64","11"
"cnt","64","6"
"cnt","64","5"
"cnt","65","13"
"cnt","65","6"
"cnt","65","11"
"cnt","66","13"
"cnt","66","11"
"cnt","66","14"
"cnt","66","6"
"cnt","67","13"
"cnt","67","11"
"cnt","67","6"
"obj","67","65"
"cnt","68","13"
"cnt","68","14"
"cnt","68","12"
"obj","65","67"
"cnt","69","13"
"cnt","69","11"
"cnt","69","6"
"cnt","69","5"
"cnt","69","14"
"cnt","70","14"
"cnt","70","13"
"cnt","70","11"
"cnt","70","6"
"cnt","70","5"
"obj","70","69"
"obj","69","70"
"cnt","72","27"
"cnt","72","26"
"cnt","72","12"
"cnt","72","5"
"cnt","72","6"
"cnt","73","6"
"cnt","73","11"
"cnt","73","14"
"cnt","73","12"
"cnt","73","13"
"cnt","74","14"
"cnt","74","13"
"cnt","74","11"
"cnt","74","6"
"cnt","74","5"
"obj","75","69"
"obj","75","564"
"obj","75","485"
"obj","75","1060"
"obj","75","877"
"cnt","76","14"
"obj","76","106"
"obj","76","107"
"obj","76","1060"
"obj","76","485"
"cnt","77","14"
"cnt","77","13"
"cnt","77","11"
"cnt","77","6"
"cnt","77","5"
"cnt","78","13"
"cnt","78","11"
"cnt","78","6"
"cnt","78","14"
"obj","78","3"
"obj","78","9"
"cnt","79","14"
"cnt","79","13"
"cnt","79","11"
"cnt","79","6"
"cnt","79","5"
"cnt","80","14"
"cnt","80","13"
"cnt","80","11"
"cnt","80","6"
"cnt","80","5"
"cnt","81","14"
"cnt","81","5"
"cnt","81","13"
"cnt","81","11"
"cnt","82","5"
"cnt","82","6"
"cnt","82","11"
"cnt","82","13"
"cnt","82","14"
"cnt","83","5"
"cnt","83","6"
"cnt","83","11"
"cnt","83","13"
"cnt","83","14"
"cnt","84","11"
"cnt","84","6"
"cnt","84","14"
"cnt","84","13"
"obj","85","84"
"cnt","85","13"
"cnt","85","14"
"cnt","85","11"
"cnt","85","6"
"cnt","86","6"
"cnt","86","13"
"cnt","86","14"
"cnt","86","11"
"cnt","87","6"
"cnt","87","13"
"cnt","87","14"
"cnt","87","12"
"cnt","87","11"
"cnt","88","14"
"cnt","88","13"
"cnt","88","6"
"cnt","88","11"
"cnt","89","14"
"cnt","89","13"
"cnt","89","11"
"cnt","89","6"
"cnt","90","14"
"cnt","90","13"
"cnt","90","6"
"cnt","90","5"
"cnt","91","14"
"cnt","91","13"
"cnt","91","11"
"cnt","91","6"
"cnt","92","11"
"cnt","92","13"
"cnt","92","6"
"cnt","92","14"
"cnt","93","6"
"cnt","93","11"
"cnt","93","13"
"cnt","94","13"
"cnt","94","11"
"cnt","94","6"
"cnt","95","5"
"cnt","95","6"
"cnt","95","11"
"cnt","95","13"
"cnt","95","14"
"obj","96","40"
"obj","96","42"
"cnt","96","6"
"cnt","96","11"
"cnt","96","13"
"cnt","97","11"
"cnt","97","12"
"cnt","97","14"
"cnt","97","5"
"cnt","97","6"
"cnt","97","13"
"obj","97","88"
"obj","98","97"
"cnt","98","11"
"cnt","98","13"
"cnt","98","6"
"cnt","98","12"
"cnt","98","14"
"cnt","99","11"
"cnt","99","13"
"cnt","99","5"
"cnt","99","6"
"cnt","100","13"
"cnt","100","11"
"cnt","100","5"
"cnt","100","6"
"cnt","100","14"
"cnt","101","13"
"cnt","101","14"
"cnt","101","11"
"cnt","101","6"
"cnt","101","5"
"cnt","102","14"
"cnt","102","13"
"cnt","102","11"
"cnt","102","6"
"cnt","103","5"
"cnt","103","6"
"cnt","103","11"
"cnt","103","13"
"cnt","103","14"
"cnt","104","5"
"cnt","104","6"
"cnt","104","11"
"cnt","104","13"
"cnt","104","14"
"cnt","105","5"
"cnt","105","6"
"cnt","105","11"
"cnt","105","13"
"cnt","105","14"
"cnt","106","5"
"cnt","106","6"
"cnt","106","11"
"cnt","106","13"
"cnt","106","14"
"cnt","107","14"
"cnt","107","13"
"cnt","107","11"
"cnt","107","6"
"cnt","107","5"
"cnt","108","14"
"cnt","108","13"
"cnt","108","11"
"cnt","108","6"
"cnt","108","5"
"cnt","109","14"
"cnt","109","13"
"cnt","109","11"
"cnt","109","6"
"cnt","109","5"
"obj","109","110"
"cnt","110","14"
"cnt","110","13"
"cnt","110","11"
"cnt","110","6"
"cnt","110","5"
"cnt","111","6"
"cnt","111","11"
"cnt","111","13"
"cnt","111","5"
"cnt","111","14"
"cnt","112","13"
"cnt","112","11"
"cnt","112","6"
"cnt","112","5"
"cnt","112","14"
"cnt","113","14"
"cnt","113","13"
"cnt","113","11"
"cnt","113","6"
"cnt","113","5"
"cnt","114","14"
"cnt","114","13"
"cnt","114","11"
"cnt","114","6"
"cnt","114","5"
"cnt","115","14"
"cnt","115","13"
"cnt","115","12"
"cnt","115","6"
"cnt","115","5"
"cnt","116","14"
"cnt","116","13"
"cnt","116","12"
"cnt","116","11"
"cnt","116","6"
"obj","116","54"
"cnt","117","13"
"cnt","117","14"
"cnt","117","5"
"cnt","117","6"
"cnt","117","11"
"obj","118","117"
"cnt","118","14"
"cnt","118","13"
"cnt","118","11"
"cnt","118","6"
"cnt","118","5"
"obj","117","118"
"cnt","119","5"
"cnt","119","6"
"cnt","119","11"
"cnt","119","13"
"cnt","119","14"
"cnt","626","6"
"cnt","625","6"
"cnt","625","11"
"cnt","625","13"
"cnt","625","14"
"obj","625","574"
"cnt","121","5"
"cnt","121","6"
"cnt","121","11"
"cnt","121","13"
"cnt","121","14"
"cnt","122","14"
"cnt","122","13"
"cnt","122","12"
"cnt","122","11"
"cnt","122","6"
"cnt","122","5"
"cnt","123","14"
"cnt","123","13"
"cnt","123","12"
"cnt","123","11"
"cnt","123","6"
"cnt","123","5"
"cnt","124","5"
"cnt","124","6"
"cnt","124","11"
"cnt","124","13"
"cnt","124","14"
"cnt","125","14"
"cnt","125","13"
"cnt","125","11"
"cnt","125","6"
"cnt","125","5"
"cnt","126","5"
"cnt","126","6"
"cnt","126","11"
"cnt","126","12"
"cnt","126","13"
"cnt","126","14"
"cnt","127","5"
"cnt","127","6"
"cnt","127","11"
"cnt","127","13"
"cnt","127","14"
"cnt","128","14"
"cnt","128","13"
"cnt","128","11"
"cnt","128","6"
"cnt","128","5"
"cnt","129","14"
"cnt","129","13"
"cnt","129","11"
"cnt","129","6"
"cnt","129","5"
"cnt","130","14"
"cnt","130","13"
"cnt","130","11"
"cnt","130","6"
"cnt","130","5"
"cnt","131","5"
"cnt","131","6"
"cnt","131","11"
"cnt","131","13"
"cnt","131","14"
"cnt","132","14"
"cnt","132","13"
"cnt","132","11"
"cnt","132","6"
"cnt","132","5"
"cnt","133","5"
"cnt","133","6"
"cnt","133","11"
"cnt","133","13"
"cnt","133","14"
"cnt","134","14"
"cnt","134","13"
"cnt","134","11"
"cnt","134","6"
"cnt","134","5"
"cnt","135","14"
"cnt","135","13"
"cnt","135","11"
"cnt","135","6"
"cnt","135","5"
"cnt","136","14"
"cnt","136","13"
"cnt","136","11"
"cnt","136","6"
"cnt","136","5"
"cnt","137","14"
"cnt","137","13"
"cnt","137","11"
"cnt","137","6"
"cnt","137","5"
"cnt","138","14"
"cnt","138","13"
"cnt","138","11"
"cnt","138","6"
"cnt","138","5"
"cnt","140","5"
"cnt","140","6"
"cnt","140","11"
"cnt","140","13"
"cnt","140","14"
"cnt","143","5"
"cnt","143","6"
"cnt","143","11"
"cnt","143","13"
"cnt","143","14"
"cnt","144","5"
"cnt","144","6"
"cnt","144","11"
"cnt","144","13"
"cnt","144","14"
"cnt","145","14"
"cnt","145","13"
"cnt","145","11"
"cnt","145","6"
"cnt","145","5"
"cnt","147","14"
"cnt","147","13"
"cnt","147","11"
"cnt","147","6"
"cnt","147","5"
"cnt","148","5"
"cnt","148","6"
"cnt","148","11"
"cnt","148","13"
"cnt","148","14"
"cnt","150","5"
"cnt","150","6"
"cnt","150","11"
"cnt","150","13"
"cnt","150","14"
"cnt","151","5"
"cnt","151","6"
"cnt","151","11"
"cnt","151","13"
"cnt","151","14"
"cnt","152","14"
"cnt","152","13"
"cnt","152","11"
"cnt","152","6"
"cnt","152","5"
"cnt","153","5"
"cnt","153","6"
"cnt","153","11"
"cnt","153","13"
"cnt","153","14"
"cnt","154","5"
"cnt","154","6"
"cnt","154","11"
"cnt","154","13"
"cnt","154","14"
"cnt","155","14"
"cnt","155","13"
"cnt","155","11"
"cnt","155","6"
"cnt","155","5"
"cnt","156","14"
"cnt","156","13"
"cnt","156","11"
"cnt","156","6"
"cnt","156","5"
"cnt","157","5"
"cnt","157","6"
"cnt","157","11"
"cnt","157","13"
"cnt","157","14"
"cnt","158","14"
"cnt","158","13"
"cnt","158","11"
"cnt","158","6"
"cnt","158","5"
"cnt","159","5"
"cnt","159","6"
"cnt","159","11"
"cnt","159","13"
"cnt","159","14"
"cnt","160","5"
"cnt","160","6"
"cnt","160","11"
"cnt","160","13"
"cnt","160","14"
"cnt","161","14"
"cnt","161","13"
"cnt","161","11"
"cnt","161","6"
"cnt","161","5"
"cnt","162","5"
"cnt","162","6"
"cnt","162","11"
"cnt","162","13"
"cnt","162","14"
"cnt","163","5"
"cnt","163","6"
"cnt","163","11"
"cnt","163","13"
"cnt","163","14"
"cnt","164","14"
"cnt","164","13"
"cnt","164","11"
"cnt","164","6"
"cnt","164","5"
"cnt","165","5"
"cnt","165","6"
"cnt","165","11"
"cnt","165","13"
"cnt","165","14"
"cnt","166","14"
"cnt","166","13"
"cnt","166","11"
"cnt","166","6"
"cnt","166","5"
"cnt","167","5"
"cnt","167","6"
"cnt","167","11"
"cnt","167","13"
"cnt","167","14"
"cnt","169","14"
"cnt","169","13"
"cnt","169","11"
"cnt","169","6"
"cnt","169","5"
"cnt","171","5"
"cnt","171","6"
"cnt","171","11"
"cnt","171","13"
"cnt","171","14"
"cnt","172","5"
"cnt","172","14"
"cnt","172","13"
"cnt","172","11"
"cnt","172","6"
"cnt","173","5"
"cnt","173","6"
"cnt","173","11"
"cnt","173","13"
"cnt","173","14"
"cnt","174","14"
"cnt","174","13"
"cnt","174","11"
"cnt","174","6"
"cnt","174","5"
"cnt","175","5"
"cnt","175","6"
"cnt","175","11"
"cnt","175","13"
"cnt","175","14"
"cnt","176","5"
"cnt","176","6"
"cnt","176","11"
"cnt","176","13"
"cnt","176","14"
"cnt","177","5"
"cnt","177","6"
"cnt","177","11"
"cnt","177","13"
"cnt","177","14"
"cnt","179","13"
"cnt","179","11"
"cnt","179","6"
"cnt","179","5"
"obj","179","180"
"cnt","180","14"
"cnt","180","13"
"cnt","180","11"
"cnt","180","6"
"cnt","180","5"
"obj","180","179"
"cnt","179","14"
"cnt","181","5"
"cnt","181","6"
"cnt","181","11"
"cnt","181","13"
"cnt","181","14"
"cnt","182","14"
"cnt","182","5"
"cnt","182","6"
"cnt","182","11"
"cnt","182","13"
"obj","183","182"
"cnt","183","5"
"cnt","183","6"
"cnt","183","11"
"cnt","183","13"
"cnt","183","14"
"obj","182","183"
"cnt","184","5"
"cnt","184","11"
"cnt","184","13"
"cnt","184","14"
"cnt","184","6"
"cnt","185","5"
"cnt","185","6"
"cnt","185","11"
"cnt","185","13"
"cnt","185","14"
"cnt","186","5"
"cnt","186","6"
"cnt","186","11"
"cnt","186","13"
"cnt","186","14"
"cnt","187","13"
"cnt","187","11"
"cnt","187","6"
"cnt","187","5"
"cnt","187","14"
"cnt","188","14"
"cnt","188","13"
"cnt","188","11"
"cnt","188","6"
"cnt","188","5"
"obj","188","187"
"obj","187","188"
"cnt","189","14"
"cnt","189","13"
"cnt","189","6"
"cnt","189","5"
"cnt","189","11"
"cnt","190","14"
"cnt","190","5"
"cnt","190","6"
"cnt","190","11"
"cnt","190","13"
"obj","190","189"
"obj","190","179"
"cnt","191","5"
"cnt","191","6"
"cnt","191","11"
"cnt","191","13"
"cnt","191","14"
"obj","191","190"
"obj","191","189"
"obj","191","179"
"obj","189","179"
"obj","189","191"
"obj","189","190"
"obj","190","191"
"obj","192","188"
"obj","192","187"
"obj","192","171"
"obj","192","172"
"cnt","192","5"
"cnt","192","6"
"cnt","192","11"
"cnt","192","13"
"cnt","192","14"
"obj","193","188"
"obj","193","187"
"obj","193","171"
"obj","193","172"
"cnt","193","5"
"cnt","193","6"
"cnt","193","11"
"cnt","193","13"
"cnt","193","14"
"cnt","194","5"
"cnt","194","6"
"cnt","194","11"
"cnt","194","13"
"cnt","194","14"
"cnt","195","14"
"cnt","195","13"
"cnt","195","11"
"cnt","195","6"
"cnt","195","5"
"cnt","196","14"
"cnt","196","13"
"cnt","196","11"
"cnt","196","6"
"cnt","196","5"
"cnt","197","14"
"cnt","197","13"
"cnt","197","11"
"cnt","197","6"
"cnt","197","5"
"cnt","198","14"
"cnt","198","13"
"cnt","198","11"
"cnt","198","6"
"cnt","198","5"
"cnt","199","14"
"cnt","199","13"
"cnt","199","11"
"cnt","199","6"
"cnt","199","5"
"obj","199","74"
"obj","199","2"
"obj","199","71"
"cnt","201","14"
"cnt","200","5"
"cnt","200","6"
"cnt","200","11"
"cnt","200","13"
"cnt","200","14"
"obj","200","34"
"obj","200","108"
"obj","200","121"
"obj","625","348"
"obj","200","127"
"cnt","201","13"
"cnt","201","12"
"cnt","201","11"
"cnt","201","6"
"cnt","201","5"
"cnt","202","5"
"cnt","202","6"
"cnt","202","11"
"cnt","202","12"
"cnt","202","13"
"cnt","202","14"
"cnt","203","14"
"cnt","203","13"
"cnt","203","11"
"cnt","203","6"
"cnt","203","5"
"cnt","204","5"
"cnt","204","6"
"cnt","204","11"
"cnt","204","13"
"cnt","204","14"
"cnt","205","5"
"cnt","205","6"
"cnt","205","11"
"cnt","205","13"
"cnt","205","14"
"cnt","206","5"
"cnt","206","6"
"cnt","206","11"
"cnt","206","13"
"cnt","206","14"
"obj","207","204"
"cnt","207","5"
"cnt","207","6"
"cnt","207","11"
"cnt","207","13"
"cnt","207","14"
"cnt","208","14"
"cnt","208","13"
"cnt","208","11"
"cnt","208","6"
"cnt","208","5"
"cnt","209","14"
"cnt","209","13"
"cnt","209","11"
"cnt","209","6"
"cnt","209","5"
"cnt","210","5"
"cnt","210","6"
"cnt","210","11"
"cnt","210","13"
"cnt","210","14"
"cnt","211","5"
"cnt","211","6"
"cnt","211","11"
"cnt","211","13"
"cnt","211","14"
"cnt","212","5"
"cnt","212","6"
"cnt","212","11"
"cnt","212","13"
"cnt","212","14"
"cnt","213","5"
"cnt","213","6"
"cnt","213","11"
"cnt","213","13"
"cnt","213","14"
"cnt","214","5"
"cnt","214","6"
"cnt","214","11"
"cnt","214","13"
"cnt","214","14"
"cnt","215","14"
"cnt","215","13"
"cnt","215","11"
"cnt","215","6"
"cnt","215","5"
"cnt","216","14"
"cnt","216","5"
"cnt","216","6"
"cnt","216","11"
"cnt","216","13"
"cnt","218","14"
"cnt","218","13"
"cnt","218","11"
"cnt","218","6"
"cnt","218","5"
"obj","218","216"
"obj","216","218"
"cnt","219","5"
"cnt","219","6"
"cnt","219","11"
"cnt","219","13"
"cnt","219","14"
"cnt","220","14"
"cnt","220","13"
"cnt","220","11"
"cnt","220","6"
"cnt","220","5"
"cnt","221","5"
"cnt","221","6"
"cnt","221","11"
"cnt","221","13"
"cnt","221","14"
"cnt","222","5"
"cnt","222","6"
"cnt","222","11"
"cnt","222","13"
"cnt","222","14"
"cnt","223","5"
"cnt","223","6"
"cnt","223","11"
"cnt","223","13"
"cnt","223","14"
"cnt","224","5"
"cnt","224","6"
"cnt","224","11"
"cnt","224","13"
"cnt","224","14"
"obj","225","123"
"cnt","225","14"
"cnt","225","13"
"cnt","225","12"
"cnt","225","11"
"cnt","225","6"
"cnt","225","5"
"obj","226","122"
"obj","226","126"
"cnt","226","5"
"cnt","226","6"
"cnt","226","11"
"cnt","226","13"
"cnt","226","14"
"obj","227","126"
"obj","227","122"
"obj","227","225"
"obj","227","226"
"cnt","227","5"
"cnt","227","6"
"cnt","227","11"
"cnt","227","13"
"cnt","227","14"
"obj","228","122"
"obj","228","123"
"obj","228","126"
"cnt","228","5"
"cnt","228","6"
"cnt","228","11"
"cnt","228","13"
"cnt","228","14"
"cnt","228","12"
"cnt","435","5"
"cnt","449","5"
"cnt","439","14"
"cnt","439","13"
"cnt","439","12"
"obj","232","132"
"obj","232","131"
"obj","232","130"
"obj","232","58"
"obj","233","58"
"obj","233","130"
"obj","233","131"
"obj","233","132"
"obj","234","71"
"obj","234","72"
"obj","234","74"
"obj","234","49"
"obj","234","141"
"obj","234","143"
"obj","234","144"
"cnt","236","11"
"cnt","236","6"
"cnt","236","5"
"obj","236","71"
"obj","236","74"
"obj","236","2"
"cnt","235","14"
"cnt","235","13"
"cnt","235","11"
"cnt","235","6"
"cnt","235","5"
"obj","235","49"
"obj","235","72"
"obj","235","62"
"obj","235","63"
"obj","235","64"
"cnt","236","13"
"cnt","236","14"
"obj","237","169"
"obj","243","164"
"obj","244","243"
"obj","244","164"
"obj","303","121"
"obj","303","122"
"cnt","624","6"
"obj","304","121"
"obj","304","122"
"obj","304","303"
"cnt","624","11"
"obj","305","121"
"obj","305","122"
"obj","305","303"
"cnt","316","14"
"cnt","316","13"
"cnt","316","11"
"cnt","316","6"
"cnt","316","5"
"cnt","317","14"
"cnt","317","13"
"cnt","317","11"
"cnt","317","6"
"cnt","317","5"
"cnt","333","13"
"cnt","333","14"
"cnt","335","6"
"cnt","335","13"
"cnt","335","14"
"cnt","336","6"
"cnt","336","13"
"cnt","336","14"
"cnt","337","13"
"cnt","337","14"
"cnt","338","6"
"cnt","338","13"
"cnt","338","14"
"cnt","339","14"
"cnt","339","13"
"cnt","339","12"
"cnt","339","11"
"cnt","339","5"
"obj","339","118"
"obj","339","117"
"obj","117","339"
"cnt","340","14"
"cnt","340","13"
"cnt","340","11"
"cnt","340","6"
"cnt","340","5"
"cnt","341","5"
"cnt","341","14"
"cnt","341","13"
"cnt","343","5"
"cnt","343","13"
"cnt","343","14"
"cnt","344","14"
"cnt","344","13"
"cnt","344","5"
"cnt","345","12"
"cnt","345","13"
"cnt","345","14"
"cnt","345","6"
"cnt","345","5"
"cnt","346","14"
"cnt","346","13"
"cnt","346","5"
"cnt","347","14"
"cnt","347","13"
"cnt","347","11"
"cnt","347","6"
"obj","347","72"
"obj","347","71"
"obj","347","75"
"obj","347","2"
"cnt","348","14"
"cnt","348","13"
"cnt","348","12"
"cnt","348","11"
"cnt","348","6"
"cnt","348","5"
"obj","348","61"
"obj","61","348"
"cnt","349","6"
"obj","349","49"
"obj","349","45"
"obj","349","39"
"obj","349","35"
"cnt","457","5"
"cnt","350","14"
"cnt","350","13"
"cnt","350","5"
"cnt","350","6"
"cnt","350","11"
"cnt","350","12"
"cnt","351","6"
"cnt","351","14"
"cnt","351","13"
"cnt","352","13"
"cnt","352","12"
"cnt","352","11"
"cnt","352","6"
"cnt","352","14"
"cnt","353","13"
"cnt","353","14"
"cnt","354","14"
"cnt","354","13"
"cnt","354","5"
"cnt","355","13"
"cnt","355","14"
"cnt","356","11"
"cnt","356","14"
"cnt","356","13"
"cnt","356","6"
"obj","356","338"
"cnt","357","6"
"cnt","357","13"
"cnt","357","14"
"obj","357","121"
"obj","357","122"
"obj","357","126"
"cnt","624","13"
"cnt","358","6"
"cnt","358","13"
"cnt","358","14"
"obj","358","139"
"obj","358","140"
"obj","358","141"
"cnt","359","5"
"cnt","359","11"
"cnt","359","13"
"cnt","359","14"
"cnt","434","5"
"cnt","360","14"
"cnt","360","13"
"cnt","360","12"
"cnt","360","11"
"cnt","360","6"
"obj","360","122"
"obj","360","121"
"cnt","361","14"
"cnt","361","13"
"cnt","361","11"
"cnt","361","6"
"obj","362","187"
"obj","362","188"
"cnt","362","11"
"cnt","365","14"
"cnt","365","13"
"cnt","365","11"
"cnt","365","6"
"obj","365","185"
"obj","365","91"
"cnt","366","5"
"cnt","366","6"
"cnt","366","11"
"cnt","366","12"
"cnt","366","13"
"cnt","366","14"
"obj","366","34"
"obj","366","36"
"obj","366","350"
"obj","36","350"
"obj","36","34"
"obj","36","366"
"obj","350","366"
"obj","350","36"
"cnt","367","5"
"cnt","367","6"
"cnt","367","14"
"cnt","367","13"
"cnt","367","12"
"cnt","367","11"
"cnt","368","5"
"cnt","369","5"
"obj","369","461"
"cnt","370","5"
"obj","370","369"
"obj","370","368"
"cnt","371","5"
"obj","371","369"
"obj","371","368"
"cnt","372","5"
"obj","372","368"
"obj","372","369"
"obj","372","370"
"obj","372","371"
"cnt","373","5"
"cnt","375","5"
"obj","375","373"
"cnt","376","5"
"cnt","377","5"
"obj","377","373"
"obj","377","375"
"cnt","378","5"
"obj","378","373"
"obj","378","375"
"obj","378","377"
"cnt","379","5"
"obj","379","373"
"obj","379","375"
"obj","379","378"
"cnt","382","5"
"obj","382","381"
"obj","382","380"
"obj","382","378"
"obj","382","375"
"cnt","1965","14"
"cnt","1965","6"
"obj","1965","1446"
"obj","1965","334"
"cnt","385","5"
"obj","385","379"
"obj","385","380"
"obj","385","381"
"obj","385","384"
"cnt","386","5"
"cnt","386","11"
"cnt","386","13"
"cnt","386","14"
"obj","386","379"
"obj","386","380"
"obj","386","383"
"obj","386","384"
"cnt","1816","6"
"cnt","1814","6"
"cnt","1812","6"
"cnt","1812","11"
"cnt","1812","13"
"cnt","1811","27"
"cnt","1811","13"
"cnt","390","5"
"obj","390","369"
"obj","390","387"
"obj","390","388"
"obj","390","389"
"cnt","391","5"
"obj","391","388"
"obj","391","387"
"obj","391","369"
"obj","391","368"
"cnt","392","5"
"cnt","393","5"
"obj","393","401"
"cnt","394","5"
"obj","394","392"
"obj","394","393"
"cnt","395","5"
"obj","395","394"
"obj","395","393"
"obj","395","392"
"cnt","396","5"
"obj","396","395"
"obj","396","394"
"obj","396","393"
"obj","396","392"
"obj","392","396"
"obj","392","395"
"obj","392","394"
"obj","392","393"
"cnt","398","14"
"cnt","398","13"
"cnt","398","6"
"cnt","398","5"
"cnt","399","5"
"cnt","399","13"
"cnt","399","14"
"cnt","399","6"
"cnt","400","5"
"cnt","400","12"
"cnt","400","13"
"obj","368","401"
"cnt","401","5"
"obj","401","400"
"cnt","918","11"
"obj","401","458"
"cnt","402","5"
"cnt","403","5"
"obj","403","369"
"obj","403","387"
"obj","403","388"
"obj","403","389"
"cnt","404","5"
"obj","404","392"
"obj","404","393"
"obj","404","395"
"obj","404","401"
"cnt","405","5"
"cnt","406","5"
"cnt","407","5"
"obj","407","406"
"obj","407","405"
"cnt","408","5"
"obj","408","390"
"cnt","409","5"
"obj","409","405"
"obj","409","406"
"obj","409","407"
"cnt","411","5"
"cnt","412","5"
"cnt","413","5"
"cnt","414","5"
"cnt","415","5"
"cnt","416","5"
"cnt","417","5"
"cnt","417","6"
"cnt","417","12"
"cnt","417","13"
"cnt","417","14"
"cnt","418","6"
"cnt","418","14"
"cnt","418","13"
"cnt","418","12"
"obj","401","445"
"cnt","419","14"
"cnt","419","13"
"cnt","419","12"
"cnt","420","11"
"cnt","420","6"
"cnt","420","5"
"cnt","420","12"
"cnt","420","13"
"cnt","420","14"
"obj","420","400"
"obj","420","2"
"cnt","423","6"
"cnt","423","11"
"cnt","423","12"
"cnt","423","13"
"cnt","423","14"
"cnt","425","13"
"cnt","425","14"
"cnt","425","6"
"cnt","430","5"
"cnt","431","5"
"cnt","431","6"
"cnt","431","14"
"cnt","431","13"
"cnt","431","12"
"cnt","432","5"
"cnt","434","14"
"cnt","434","12"
"cnt","434","13"
"obj","434","435"
"obj","97","31"
"cnt","28","14"
"obj","28","425"
"cnt","435","6"
"cnt","435","11"
"cnt","435","12"
"cnt","435","13"
"cnt","435","14"
"obj","435","434"
"obj","435","474"
"cnt","436","5"
"cnt","436","6"
"cnt","436","11"
"cnt","436","12"
"cnt","436","13"
"cnt","436","14"
"obj","436","435"
"obj","436","434"
"cnt","437","14"
"cnt","437","13"
"cnt","437","12"
"cnt","437","11"
"cnt","437","6"
"cnt","437","5"
"obj","437","436"
"obj","437","435"
"obj","437","434"
"cnt","438","5"
"cnt","438","6"
"cnt","438","11"
"cnt","438","12"
"cnt","438","13"
"cnt","438","14"
"obj","438","434"
"obj","438","435"
"obj","438","436"
"obj","438","437"
"cnt","439","11"
"cnt","439","6"
"cnt","439","5"
"obj","439","483"
"obj","439","473"
"obj","439","367"
"obj","439","438"
"obj","439","437"
"obj","439","436"
"obj","439","435"
"cnt","440","5"
"cnt","440","6"
"cnt","440","11"
"cnt","440","12"
"cnt","440","13"
"cnt","440","14"
"obj","440","434"
"obj","440","435"
"obj","440","437"
"obj","440","438"
"cnt","441","5"
"cnt","441","6"
"cnt","441","11"
"cnt","441","12"
"cnt","441","13"
"cnt","441","14"
"obj","441","440"
"cnt","442","5"
"obj","442","441"
"obj","442","440"
"cnt","443","5"
"cnt","443","6"
"cnt","443","12"
"cnt","443","13"
"cnt","443","14"
"obj","443","440"
"obj","443","441"
"obj","443","442"
"cnt","444","5"
"obj","444","443"
"obj","444","442"
"obj","444","441"
"obj","444","440"
"cnt","445","5"
"obj","445","440"
"obj","445","441"
"obj","445","442"
"obj","445","444"
"cnt","446","5"
"cnt","446","6"
"cnt","446","12"
"cnt","446","13"
"cnt","446","14"
"obj","446","84"
"obj","446","418"
"obj","446","550"
"obj","446","449"
"cnt","447","5"
"cnt","447","6"
"cnt","447","11"
"cnt","447","12"
"cnt","447","13"
"cnt","447","14"
"obj","447","435"
"obj","447","436"
"obj","447","437"
"obj","447","446"
"cnt","448","5"
"cnt","448","6"
"cnt","448","12"
"cnt","448","13"
"cnt","448","14"
"obj","448","435"
"obj","448","437"
"obj","448","446"
"obj","448","447"
"cnt","449","6"
"cnt","449","12"
"cnt","449","13"
"cnt","449","14"
"obj","449","446"
"obj","449","550"
"obj","449","537"
"obj","449","418"
"obj","449","84"
"cnt","450","5"
"cnt","450","6"
"cnt","450","11"
"cnt","450","12"
"cnt","450","13"
"cnt","450","14"
"obj","450","443"
"obj","450","444"
"obj","450","448"
"obj","450","449"
"cnt","451","5"
"cnt","451","6"
"cnt","451","11"
"cnt","451","12"
"cnt","451","13"
"cnt","451","14"
"obj","451","447"
"obj","451","448"
"obj","451","449"
"obj","451","450"
"cnt","452","5"
"cnt","452","6"
"cnt","452","11"
"cnt","452","12"
"cnt","452","13"
"cnt","452","14"
"obj","452","448"
"obj","452","449"
"obj","452","450"
"obj","452","451"
"cnt","1068","11"
"cnt","1068","26"
"cnt","1186","27"
"cnt","1186","13"
"cnt","940","6"
"cnt","1068","14"
"cnt","1068","13"
"cnt","1068","27"
"cnt","1068","6"
"obj","1068","903"
"cnt","454","14"
"cnt","454","13"
"cnt","454","12"
"cnt","454","11"
"cnt","454","6"
"cnt","454","5"
"cnt","1186","14"
"obj","454","449"
"obj","454","446"
"obj","454","435"
"obj","116","202"
"obj","84","418"
"obj","418","84"
"obj","418","419"
"obj","418","85"
"obj","84","85"
"obj","84","449"
"obj","84","446"
"cnt","109","12"
"obj","393","392"
"obj","393","404"
"obj","352","42"
"obj","420","367"
"obj","420","392"
"obj","367","439"
"obj","367","448"
"obj","400","392"
"obj","400","395"
"obj","2","481"
"obj","2","74"
"obj","2","474"
"cnt","455","14"
"cnt","455","13"
"cnt","455","12"
"cnt","455","11"
"cnt","455","6"
"cnt","455","5"
"obj","455","454"
"obj","455","447"
"obj","455","437"
"obj","455","435"
"obj","425","28"
"cnt","1209","6"
"cnt","1209","26"
"cnt","1209","14"
"cnt","1055","27"
"cnt","937","14"
"cnt","937","11"
"cnt","1209","13"
"cnt","1209","27"
"cnt","1209","5"
"cnt","1209","12"
"obj","457","440"
"obj","457","441"
"obj","457","442"
"cnt","458","5"
"obj","458","440"
"obj","458","441"
"obj","458","443"
"cnt","459","5"
"obj","459","444"
"obj","459","458"
"obj","459","457"
"obj","459","445"
"cnt","1055","11"
"cnt","1055","13"
"cnt","918","13"
"cnt","918","27"
"cnt","918","6"
"cnt","461","5"
"obj","461","440"
"obj","461","441"
"obj","461","442"
"obj","461","443"
"obj","401","441"
"obj","401","442"
"obj","401","457"
"obj","401","459"
"obj","401","393"
"obj","401","461"
"obj","401","440"
"obj","368","369"
"obj","368","387"
"obj","368","388"
"obj","368","389"
"obj","368","372"
"obj","368","416"
"obj","112","820"
"cnt","1827","27"
"cnt","1827","6"
"cnt","1826","27"
"cnt","1826","13"
"cnt","1826","6"
"cnt","1825","27"
"cnt","1825","13"
"cnt","1825","6"
"cnt","1828","27"
"cnt","463","14"
"cnt","463","13"
"cnt","463","11"
"cnt","463","6"
"obj","463","50"
"obj","463","49"
"obj","463","32"
"obj","463","187"
"cnt","464","14"
"cnt","464","13"
"cnt","464","12"
"cnt","464","11"
"cnt","464","6"
"obj","464","70"
"obj","464","67"
"obj","464","59"
"obj","464","58"
"cnt","465","14"
"cnt","465","13"
"cnt","465","11"
"cnt","465","6"
"obj","465","365"
"obj","465","350"
"obj","465","348"
"obj","465","27"
"cnt","466","14"
"cnt","466","13"
"cnt","466","11"
"cnt","466","6"
"obj","466","463"
"obj","466","462"
"obj","466","425"
"obj","466","359"
"cnt","467","6"
"cnt","467","11"
"cnt","467","13"
"cnt","467","14"
"obj","467","59"
"obj","467","60"
"obj","467","62"
"obj","467","70"
"cnt","468","14"
"cnt","468","13"
"cnt","468","11"
"cnt","468","6"
"obj","468","67"
"obj","468","60"
"obj","468","55"
"obj","468","61"
"cnt","469","6"
"cnt","469","11"
"cnt","469","13"
"cnt","469","14"
"obj","469","91"
"obj","469","27"
"obj","469","25"
"obj","469","218"
"cnt","470","14"
"cnt","470","13"
"cnt","470","12"
"cnt","470","11"
"cnt","470","6"
"cnt","470","5"
"obj","470","71"
"obj","470","29"
"obj","470","367"
"obj","470","97"
"cnt","471","11"
"cnt","471","6"
"cnt","471","5"
"cnt","471","12"
"cnt","471","13"
"cnt","471","14"
"obj","471","56"
"obj","471","450"
"obj","471","125"
"obj","471","124"
"cnt","472","5"
"cnt","472","6"
"cnt","472","11"
"cnt","472","12"
"cnt","472","13"
"cnt","472","14"
"obj","472","451"
"cnt","1055","14"
"obj","472","437"
"obj","472","434"
"cnt","473","5"
"cnt","473","6"
"cnt","473","11"
"cnt","473","12"
"cnt","473","13"
"cnt","473","14"
"cnt","474","14"
"cnt","474","5"
"cnt","474","6"
"cnt","474","11"
"cnt","474","12"
"cnt","474","13"
"obj","474","435"
"obj","474","434"
"obj","474","438"
"obj","474","450"
"cnt","475","12"
"cnt","475","11"
"cnt","475","6"
"cnt","475","5"
"cnt","475","13"
"cnt","475","14"
"obj","475","87"
"obj","475","24"
"obj","475","447"
"obj","475","474"
"obj","475","473"
"cnt","476","14"
"cnt","476","13"
"cnt","476","12"
"cnt","476","11"
"cnt","476","6"
"cnt","476","5"
"obj","476","475"
"obj","476","474"
"obj","476","472"
"obj","476","471"
"cnt","477","14"
"cnt","477","5"
"cnt","477","6"
"cnt","477","11"
"cnt","477","12"
"cnt","477","13"
"obj","477","394"
"obj","477","396"
"obj","477","420"
"obj","477","418"
"cnt","478","6"
"cnt","478","11"
"cnt","478","13"
"cnt","478","14"
"obj","478","28"
"obj","478","26"
"obj","478","69"
"obj","478","72"
"cnt","479","6"
"cnt","479","11"
"cnt","479","12"
"cnt","479","13"
"cnt","479","14"
"obj","480","438"
"obj","480","104"
"obj","480","103"
"obj","480","2"
"obj","471","437"
"cnt","1186","6"
"obj","471","438"
"cnt","481","6"
"cnt","481","11"
"cnt","481","13"
"cnt","481","14"
"cnt","482","14"
"cnt","482","13"
"cnt","482","11"
"cnt","482","6"
"cnt","483","13"
"cnt","483","12"
"cnt","483","11"
"cnt","483","6"
"cnt","483","14"
"cnt","484","6"
"cnt","484","11"
"cnt","484","13"
"cnt","484","14"
"obj","485","107"
"obj","485","633"
"obj","485","1066"
"obj","485","773"
"cnt","486","14"
"cnt","486","6"
"cnt","486","11"
"cnt","486","13"
"cnt","487","6"
"cnt","487","11"
"cnt","487","13"
"cnt","487","14"
"cnt","488","6"
"cnt","488","11"
"cnt","488","13"
"cnt","488","14"
"cnt","489","14"
"cnt","489","13"
"cnt","489","11"
"cnt","489","6"
"cnt","480","6"
"cnt","480","11"
"cnt","480","13"
"cnt","480","14"
"cnt","490","14"
"cnt","490","13"
"cnt","490","11"
"cnt","490","6"
"obj","483","109"
"cnt","491","6"
"cnt","491","11"
"cnt","491","13"
"cnt","491","14"
"cnt","492","6"
"cnt","492","11"
"cnt","492","13"
"cnt","492","14"
"obj","477","97"
"cnt","493","14"
"cnt","493","13"
"cnt","493","11"
"cnt","493","6"
"cnt","494","14"
"cnt","494","13"
"cnt","494","11"
"cnt","494","6"
"cnt","937","13"
"obj","482","71"
"obj","482","479"
"obj","482","72"
"obj","482","74"
"obj","474","455"
"obj","475","472"
"obj","475","471"
"obj","486","466"
"obj","394","123"
"obj","111","29"
"obj","2","436"
"obj","2","454"
"obj","2","439"
"cnt","501","6"
"cnt","501","11"
"cnt","501","12"
"cnt","501","13"
"cnt","501","14"
"obj","501","121"
"obj","501","122"
"obj","434","472"
"cnt","537","14"
"cnt","537","13"
"cnt","537","11"
"cnt","537","6"
"obj","537","309"
"obj","537","446"
"cnt","538","6"
"cnt","538","11"
"cnt","538","13"
"cnt","538","14"
"cnt","538","5"
"cnt","538","12"
"cnt","538","26"
"cnt","539","6"
"cnt","539","11"
"cnt","539","13"
"cnt","539","14"
"obj","539","82"
"obj","539","40"
"obj","539","39"
"cnt","540","14"
"cnt","540","5"
"cnt","540","6"
"cnt","540","11"
"cnt","540","13"
"obj","541","540"
"obj","540","541"
"obj","543","499"
"obj","543","511"
"obj","511","543"
"obj","511","499"
"obj","499","543"
"obj","499","511"
"cnt","545","6"
"cnt","545","11"
"cnt","545","13"
"cnt","545","14"
"obj","545","466"
"cnt","549","14"
"obj","549","894"
"obj","549","906"
"obj","550","84"
"obj","550","418"
"obj","550","446"
"obj","551","359"
"cnt","552","6"
"cnt","552","11"
"cnt","552","13"
"cnt","552","14"
"obj","552","359"
"obj","359","552"
"obj","359","243"
"obj","359","244"
"cnt","553","14"
"cnt","553","13"
"cnt","553","11"
"cnt","553","6"
"obj","553","551"
"obj","553","244"
"obj","553","359"
"obj","553","552"
"cnt","554","13"
"cnt","554","11"
"cnt","554","6"
"obj","554","164"
"obj","554","244"
"obj","554","243"
"cnt","555","6"
"cnt","555","11"
"cnt","555","13"
"cnt","555","14"
"obj","555","156"
"cnt","556","14"
"cnt","556","13"
"cnt","556","11"
"cnt","556","6"
"obj","556","130"
"obj","557","466"
"obj","557","545"
"cnt","561","14"
"cnt","561","13"
"cnt","561","11"
"cnt","561","6"
"obj","562","499"
"cnt","563","13"
"cnt","563","11"
"cnt","563","6"
"cnt","563","14"
"cnt","564","6"
"cnt","564","11"
"cnt","564","13"
"cnt","564","14"
"obj","564","563"
"obj","563","564"
"cnt","567","27"
"cnt","567","26"
"cnt","567","12"
"cnt","567","5"
"cnt","568","27"
"cnt","568","26"
"cnt","568","12"
"cnt","568","5"
"obj","569","567"
"cnt","567","13"
"cnt","570","14"
"cnt","570","13"
"cnt","570","11"
"cnt","570","6"
"obj","570","14"
"obj","572","598"
"obj","572","1200"
"obj","572","1234"
"obj","572","1240"
"cnt","574","27"
"cnt","574","26"
"cnt","574","5"
"cnt","574","6"
"cnt","574","11"
"cnt","575","14"
"cnt","575","13"
"cnt","575","11"
"cnt","575","6"
"obj","575","54"
"obj","575","507"
"obj","575","475"
"obj","576","54"
"cnt","54","6"
"cnt","54","14"
"obj","577","53"
"obj","508","72"
"obj","508","74"
"obj","508","467"
"obj","508","49"
"cnt","518","5"
"cnt","518","6"
"cnt","518","11"
"cnt","518","12"
"cnt","518","14"
"cnt","518","13"
"cnt","578","13"
"cnt","578","14"
"cnt","578","12"
"obj","578","499"
"obj","578","502"
"obj","578","509"
"obj","578","511"
"obj","578","543"
"obj","578","562"
"cnt","579","14"
"cnt","579","5"
"cnt","579","6"
"cnt","579","11"
"cnt","579","12"
"cnt","579","13"
"obj","579","59"
"obj","579","60"
"obj","579","465"
"obj","579","473"
"cnt","580","11"
"cnt","580","6"
"cnt","580","5"
"obj","580","721"
"obj","580","268"
"obj","580","483"
"obj","581","112"
"obj","581","2"
"obj","581","478"
"obj","581","97"
"cnt","581","14"
"cnt","581","13"
"cnt","581","12"
"cnt","581","11"
"cnt","581","6"
"cnt","581","5"
"cnt","582","5"
"cnt","582","6"
"cnt","582","11"
"cnt","582","12"
"cnt","582","13"
"cnt","582","14"
"cnt","583","14"
"cnt","583","13"
"cnt","583","12"
"cnt","583","11"
"cnt","583","6"
"cnt","583","5"
"obj","583","539"
"cnt","584","5"
"cnt","584","6"
"cnt","584","11"
"cnt","584","12"
"cnt","584","13"
"cnt","584","14"
"obj","585","249"
"cnt","585","5"
"cnt","585","6"
"cnt","585","11"
"cnt","585","12"
"cnt","585","13"
"cnt","585","14"
"cnt","586","5"
"cnt","586","6"
"cnt","586","11"
"cnt","586","12"
"cnt","586","13"
"cnt","586","14"
"obj","586","199"
"obj","586","584"
"cnt","587","14"
"cnt","587","13"
"cnt","587","12"
"cnt","587","11"
"cnt","587","6"
"cnt","587","5"
"cnt","588","14"
"cnt","588","13"
"cnt","588","12"
"cnt","588","11"
"cnt","588","6"
"cnt","588","5"
"obj","588","576"
"obj","588","54"
"obj","588","116"
"cnt","591","14"
"cnt","591","13"
"cnt","591","11"
"cnt","591","6"
"obj","591","575"
"obj","591","538"
"obj","591","464"
"obj","592","361"
"obj","592","51"
"obj","592","563"
"cnt","593","6"
"cnt","593","11"
"cnt","593","13"
"cnt","593","14"
"obj","593","469"
"obj","593","467"
"obj","593","49"
"obj","593","349"
"cnt","595","14"
"cnt","595","13"
"cnt","595","11"
"cnt","595","6"
"obj","595","153"
"cnt","596","14"
"cnt","596","13"
"cnt","596","11"
"cnt","596","6"
"obj","596","338"
"obj","596","556"
"obj","596","488"
"cnt","597","14"
"cnt","597","13"
"cnt","597","12"
"cnt","597","11"
"cnt","597","5"
"cnt","597","6"
"obj","597","34"
"obj","598","545"
"obj","598","486"
"obj","598","572"
"obj","598","570"
"cnt","598","6"
"cnt","598","11"
"cnt","598","13"
"cnt","598","14"
"obj","599","29"
"cnt","599","6"
"cnt","599","11"
"cnt","599","13"
"cnt","599","14"
"obj","600","598"
"obj","600","570"
"obj","600","572"
"obj","600","545"
"cnt","600","6"
"cnt","600","11"
"cnt","600","13"
"cnt","600","14"
"cnt","602","6"
"cnt","602","11"
"cnt","602","13"
"cnt","602","14"
"obj","602","540"
"obj","602","466"
"cnt","603","11"
"cnt","603","6"
"obj","603","872"
"obj","603","811"
"obj","603","921"
"cnt","604","14"
"cnt","604","13"
"cnt","604","11"
"cnt","604","6"
"obj","604","112"
"obj","604","484"
"obj","604","28"
"cnt","605","14"
"cnt","605","13"
"cnt","605","11"
"cnt","605","6"
"cnt","606","6"
"obj","606","366"
"obj","606","352"
"obj","606","188"
"obj","606","97"
"cnt","607","14"
"cnt","607","13"
"cnt","607","11"
"cnt","607","6"
"cnt","609","6"
"cnt","609","11"
"cnt","609","13"
"cnt","609","14"
"obj","609","599"
"obj","609","564"
"cnt","611","6"
"cnt","611","14"
"cnt","611","13"
"cnt","611","11"
"cnt","615","14"
"cnt","615","13"
"cnt","615","11"
"cnt","615","6"
"cnt","616","14"
"cnt","616","13"
"cnt","616","11"
"cnt","616","6"
"cnt","621","14"
"cnt","621","13"
"cnt","621","11"
"cnt","621","6"
"cnt","626","11"
"cnt","626","13"
"cnt","626","14"
"obj","626","563"
"cnt","627","6"
"cnt","627","11"
"cnt","627","13"
"cnt","627","14"
"cnt","631","14"
"cnt","631","6"
"cnt","631","11"
"cnt","631","12"
"cnt","631","13"
"obj","631","97"
"cnt","632","6"
"cnt","632","11"
"cnt","632","13"
"cnt","632","14"
"cnt","633","27"
"cnt","633","26"
"cnt","633","12"
"cnt","633","5"
"cnt","633","14"
"cnt","634","13"
"cnt","634","11"
"cnt","634","6"
"cnt","634","14"
"cnt","635","14"
"cnt","635","13"
"cnt","635","11"
"cnt","635","6"
"obj","635","45"
"obj","635","587"
"obj","635","35"
"cnt","636","6"
"cnt","636","11"
"cnt","636","13"
"cnt","636","14"
"obj","636","633"
"obj","636","79"
"cnt","638","14"
"cnt","638","6"
"cnt","638","11"
"cnt","638","13"
"obj","638","367"
"obj","638","448"
"obj","638","485"
"cnt","639","14"
"cnt","639","13"
"cnt","639","11"
"cnt","639","6"
"obj","639","633"
"obj","639","79"
"cnt","640","14"
"cnt","640","13"
"cnt","640","11"
"cnt","640","6"
"cnt","642","13"
"cnt","642","14"
"obj","642","648"
"obj","642","814"
"obj","642","631"
"obj","642","97"
"obj","631","642"
"cnt","643","6"
"cnt","643","11"
"cnt","643","13"
"cnt","643","14"
"obj","643","593"
"obj","643","467"
"obj","643","49"
"cnt","644","14"
"cnt","644","13"
"cnt","644","12"
"cnt","644","11"
"cnt","644","6"
"obj","644","418"
"obj","644","449"
"obj","644","446"
"obj","644","84"
"cnt","645","11"
"cnt","645","6"
"obj","645","34"
"obj","645","773"
"cnt","646","14"
"cnt","646","13"
"cnt","646","11"
"cnt","646","6"
"obj","646","583"
"cnt","648","6"
"cnt","648","11"
"cnt","648","12"
"cnt","648","13"
"cnt","648","14"
"obj","648","97"
"obj","648","642"
"cnt","649","27"
"cnt","649","26"
"cnt","649","12"
"cnt","649","5"
"cnt","649","14"
"cnt","649","13"
"cnt","649","11"
"cnt","655","14"
"cnt","655","13"
"cnt","655","11"
"cnt","655","6"
"obj","655","640"
"obj","655","638"
"obj","655","367"
"obj","638","655"
"obj","686","634"
"obj","634","686"
"cnt","694","6"
"cnt","694","11"
"cnt","694","13"
"cnt","694","14"
"cnt","695","6"
"cnt","695","11"
"cnt","695","13"
"cnt","695","14"
"obj","695","335"
"cnt","696","14"
"cnt","696","13"
"cnt","696","11"
"cnt","696","6"
"cnt","697","6"
"cnt","697","11"
"cnt","697","13"
"cnt","697","14"
"obj","697","139"
"obj","697","140"
"obj","697","143"
"cnt","698","14"
"cnt","698","13"
"cnt","698","12"
"cnt","698","11"
"cnt","698","6"
"cnt","698","5"
"cnt","699","6"
"cnt","699","11"
"cnt","699","12"
"cnt","699","13"
"cnt","699","14"
"obj","699","501"
"obj","699","121"
"obj","699","122"
"cnt","701","14"
"cnt","701","13"
"cnt","701","11"
"cnt","701","6"
"obj","701","622"
"cnt","622","5"
"cnt","702","14"
"cnt","702","13"
"cnt","702","11"
"cnt","702","6"
"cnt","703","11"
"cnt","703","13"
"cnt","703","6"
"cnt","703","14"
"obj","703","705"
"obj","704","703"
"obj","703","682"
"cnt","705","14"
"cnt","705","13"
"cnt","705","11"
"cnt","705","6"
"obj","705","682"
"obj","705","704"
"obj","705","702"
"obj","705","703"
"obj","703","45"
"obj","703","704"
"cnt","1833","27"
"cnt","1833","13"
"cnt","1833","14"
"cnt","1833","26"
"cnt","1833","11"
"cnt","1833","12"
"cnt","1833","6"
"cnt","1832","13"
"cnt","1832","14"
"cnt","708","14"
"cnt","708","13"
"cnt","708","11"
"cnt","708","6"
"obj","708","706"
"obj","708","44"
"obj","708","42"
"obj","708","41"
"obj","708","40"
"obj","708","39"
"obj","708","587"
"cnt","725","13"
"cnt","725","11"
"cnt","725","6"
"cnt","729","6"
"cnt","729","11"
"cnt","729","13"
"cnt","729","14"
"cnt","730","14"
"cnt","730","13"
"cnt","730","11"
"cnt","730","6"
"cnt","731","14"
"cnt","731","13"
"cnt","731","11"
"cnt","731","6"
"cnt","732","6"
"cnt","732","11"
"cnt","732","13"
"cnt","732","14"
"cnt","733","14"
"cnt","733","13"
"cnt","733","11"
"cnt","733","6"
"cnt","734","14"
"cnt","734","13"
"cnt","734","11"
"cnt","734","6"
"cnt","735","6"
"cnt","735","11"
"cnt","735","13"
"cnt","735","14"
"cnt","736","6"
"cnt","736","11"
"cnt","736","13"
"cnt","736","14"
"cnt","737","6"
"cnt","737","11"
"cnt","737","13"
"cnt","737","14"
"cnt","738","14"
"cnt","738","13"
"cnt","738","11"
"cnt","738","6"
"cnt","740","6"
"cnt","740","11"
"cnt","740","13"
"cnt","740","14"
"cnt","742","14"
"cnt","742","13"
"cnt","742","11"
"cnt","742","6"
"cnt","743","14"
"cnt","743","13"
"cnt","743","11"
"cnt","743","6"
"cnt","744","6"
"cnt","744","11"
"cnt","744","13"
"cnt","744","14"
"cnt","745","14"
"cnt","745","13"
"cnt","745","11"
"cnt","745","6"
"cnt","746","6"
"cnt","746","11"
"cnt","746","13"
"cnt","746","14"
"cnt","747","6"
"cnt","747","11"
"cnt","747","13"
"cnt","747","14"
"cnt","748","14"
"cnt","748","13"
"cnt","748","11"
"cnt","748","6"
"cnt","749","6"
"cnt","749","11"
"cnt","749","13"
"cnt","749","14"
"cnt","750","6"
"cnt","750","11"
"cnt","750","13"
"cnt","750","14"
"cnt","751","6"
"cnt","751","11"
"cnt","751","13"
"cnt","751","14"
"cnt","752","6"
"cnt","752","11"
"cnt","752","13"
"cnt","752","14"
"cnt","753","14"
"cnt","753","13"
"cnt","753","11"
"cnt","753","6"
"cnt","754","6"
"cnt","754","11"
"cnt","754","13"
"cnt","754","14"
"cnt","755","6"
"cnt","755","11"
"cnt","755","13"
"cnt","755","14"
"cnt","756","13"
"cnt","756","11"
"cnt","756","6"
"obj","756","65"
"cnt","757","14"
"cnt","757","13"
"cnt","757","11"
"cnt","757","6"
"cnt","758","27"
"cnt","758","26"
"cnt","758","12"
"cnt","758","5"
"cnt","759","14"
"cnt","759","13"
"cnt","759","11"
"cnt","759","6"
"obj","760","79"
"obj","760","108"
"obj","760","105"
"obj","760","103"
"cnt","761","14"
"cnt","761","13"
"cnt","761","11"
"cnt","761","6"
"cnt","762","6"
"cnt","762","11"
"cnt","762","13"
"cnt","762","14"
"cnt","763","14"
"cnt","763","13"
"cnt","763","11"
"cnt","763","6"
"cnt","764","27"
"cnt","764","26"
"cnt","764","12"
"cnt","764","5"
"cnt","765","14"
"cnt","765","13"
"cnt","765","11"
"cnt","765","6"
"cnt","766","6"
"cnt","766","11"
"cnt","766","13"
"cnt","766","14"
"cnt","767","6"
"cnt","767","14"
"cnt","767","13"
"cnt","767","11"
"cnt","768","14"
"cnt","768","13"
"cnt","768","11"
"cnt","768","6"
"cnt","769","13"
"cnt","769","14"
"cnt","769","11"
"cnt","769","6"
"obj","770","475"
"obj","770","447"
"obj","770","801"
"obj","770","892"
"cnt","771","14"
"cnt","771","13"
"cnt","771","11"
"cnt","771","6"
"cnt","772","14"
"cnt","772","13"
"cnt","772","11"
"cnt","772","6"
"cnt","773","6"
"obj","773","108"
"obj","773","76"
"obj","773","645"
"cnt","774","14"
"cnt","774","13"
"cnt","774","11"
"cnt","774","6"
"cnt","775","6"
"cnt","775","11"
"cnt","775","13"
"cnt","775","14"
"cnt","776","14"
"cnt","776","13"
"cnt","776","11"
"cnt","776","6"
"cnt","779","6"
"cnt","779","11"
"cnt","779","13"
"cnt","779","14"
"cnt","780","6"
"cnt","780","11"
"cnt","780","13"
"cnt","780","14"
"cnt","781","13"
"cnt","781","11"
"cnt","781","6"
"obj","781","780"
"cnt","782","14"
"cnt","782","13"
"cnt","782","11"
"cnt","782","6"
"cnt","783","6"
"cnt","783","11"
"cnt","783","13"
"cnt","783","14"
"obj","769","61"
"obj","769","189"
"cnt","784","6"
"cnt","784","11"
"cnt","784","13"
"cnt","784","14"
"obj","785","125"
"obj","785","471"
"obj","785","124"
"obj","785","877"
"cnt","786","13"
"cnt","786","11"
"cnt","786","6"
"obj","786","901"
"cnt","787","14"
"cnt","787","13"
"cnt","787","11"
"cnt","787","6"
"cnt","788","6"
"cnt","788","11"
"cnt","788","13"
"cnt","788","14"
"cnt","789","6"
"cnt","789","11"
"cnt","789","13"
"cnt","789","14"
"cnt","790","14"
"cnt","790","13"
"cnt","790","11"
"cnt","790","6"
"cnt","793","14"
"cnt","793","13"
"cnt","793","11"
"cnt","793","6"
"cnt","794","6"
"cnt","794","11"
"cnt","794","13"
"cnt","794","14"
"cnt","796","14"
"cnt","796","13"
"cnt","796","11"
"cnt","796","6"
"cnt","797","14"
"cnt","797","13"
"cnt","797","11"
"cnt","797","6"
"cnt","798","14"
"cnt","798","13"
"cnt","798","11"
"cnt","798","6"
"cnt","799","6"
"cnt","799","11"
"cnt","799","13"
"cnt","799","14"
"cnt","800","14"
"cnt","800","13"
"cnt","800","11"
"cnt","800","6"
"obj","801","452"
"obj","801","475"
"obj","801","447"
"obj","801","892"
"obj","802","859"
"obj","802","812"
"obj","802","819"
"obj","802","870"
"cnt","803","14"
"cnt","803","13"
"cnt","803","11"
"cnt","803","6"
"cnt","804","14"
"cnt","804","13"
"cnt","804","11"
"cnt","804","6"
"cnt","805","6"
"cnt","805","11"
"cnt","805","13"
"cnt","805","14"
"cnt","806","6"
"cnt","806","11"
"cnt","806","13"
"cnt","806","14"
"cnt","807","14"
"cnt","807","13"
"cnt","807","11"
"cnt","807","6"
"obj","809","357"
"obj","809","699"
"obj","809","634"
"obj","809","873"
"cnt","810","6"
"cnt","810","11"
"cnt","810","13"
"cnt","810","14"
"cnt","811","11"
"cnt","811","13"
"cnt","811","14"
"obj","811","437"
"cnt","812","6"
"cnt","812","11"
"cnt","812","13"
"cnt","812","14"
"cnt","813","6"
"cnt","813","11"
"cnt","813","13"
"cnt","813","14"
"cnt","814","6"
"cnt","814","11"
"cnt","814","13"
"cnt","814","14"
"cnt","815","6"
"cnt","815","11"
"cnt","815","13"
"cnt","815","14"
"cnt","816","14"
"cnt","816","13"
"cnt","816","11"
"cnt","816","6"
"cnt","818","6"
"cnt","818","11"
"cnt","818","13"
"cnt","818","14"
"cnt","819","6"
"cnt","819","11"
"cnt","819","13"
"cnt","819","14"
"cnt","820","6"
"cnt","820","11"
"cnt","820","13"
"cnt","820","14"
"cnt","821","27"
"cnt","821","26"
"cnt","821","12"
"cnt","821","5"
"obj","369","368"
"obj","369","441"
"obj","369","445"
"obj","369","393"
"obj","369","459"
"cnt","822","5"
"cnt","824","5"
"obj","824","823"
"obj","824","822"
"obj","824","391"
"obj","824","387"
"cnt","825","5"
"obj","825","126"
"obj","825","123"
"obj","825","443"
"obj","825","394"
"obj","825","122"
"cnt","827","5"
"obj","827","440"
"obj","827","457"
"obj","827","395"
"obj","827","441"
"cnt","830","5"
"obj","830","389"
"obj","830","387"
"obj","830","403"
"obj","830","388"
"cnt","831","5"
"obj","831","457"
"obj","831","445"
"obj","831","441"
"obj","831","827"
"cnt","832","5"
"obj","832","831"
"obj","832","824"
"obj","832","823"
"obj","832","822"
"cnt","833","14"
"cnt","833","12"
"cnt","833","5"
"cnt","833","13"
"cnt","833","6"
"cnt","833","11"
"cnt","834","6"
"cnt","834","11"
"cnt","834","13"
"cnt","835","5"
"cnt","836","5"
"cnt","836","6"
"cnt","836","11"
"cnt","836","13"
"cnt","836","14"
"cnt","837","13"
"cnt","838","13"
"cnt","838","11"
"cnt","838","6"
"cnt","838","14"
"cnt","845","5"
"cnt","846","5"
"obj","846","827"
"obj","846","828"
"obj","846","831"
"cnt","847","5"
"obj","847","846"
"obj","847","831"
"obj","847","828"
"obj","847","827"
"cnt","849","5"
"obj","849","848"
"obj","849","847"
"obj","849","846"
"obj","849","831"
"cnt","850","5"
"obj","850","799"
"obj","850","797"
"obj","850","788"
"obj","850","787"
"cnt","851","5"
"obj","851","850"
"obj","851","849"
"obj","851","848"
"obj","851","847"
"cnt","852","5"
"cnt","852","12"
"cnt","852","13"
"cnt","852","14"
"cnt","852","11"
"cnt","852","6"
"obj","852","825"
"obj","852","786"
"obj","852","123"
"obj","852","126"
"obj","796","473"
"obj","796","769"
"obj","796","623"
"obj","796","772"
"obj","834","833"
"obj","834","442"
"obj","834","846"
"obj","834","387"
"obj","834","823"
"obj","834","403"
"obj","834","847"
"obj","834","827"
"obj","834","445"
"obj","834","383"
"obj","834","386"
"obj","833","640"
"obj","833","625"
"obj","833","824"
"cnt","853","13"
"cnt","853","11"
"cnt","853","6"
"cnt","853","14"
"cnt","854","6"
"cnt","854","11"
"cnt","854","13"
"cnt","854","14"
"cnt","855","14"
"cnt","855","13"
"cnt","855","11"
"cnt","855","6"
"cnt","856","6"
"cnt","856","13"
"cnt","856","14"
"cnt","856","11"
"cnt","857","14"
"cnt","857","6"
"cnt","857","11"
"cnt","857","13"
"cnt","858","11"
"cnt","858","6"
"obj","858","777"
"obj","858","853"
"cnt","859","6"
"cnt","859","11"
"cnt","859","13"
"cnt","859","14"
"cnt","860","14"
"cnt","860","13"
"cnt","860","11"
"cnt","860","6"
"cnt","861","14"
"cnt","861","13"
"cnt","861","11"
"cnt","861","6"
"cnt","862","6"
"cnt","862","11"
"cnt","862","13"
"cnt","862","14"
"cnt","863","11"
"cnt","863","6"
"obj","863","809"
"obj","863","648"
"cnt","864","14"
"cnt","864","13"
"cnt","864","11"
"cnt","864","6"
"cnt","865","6"
"cnt","865","11"
"cnt","865","13"
"cnt","865","14"
"obj","866","121"
"obj","866","450"
"obj","866","127"
"obj","866","451"
"cnt","867","14"
"cnt","867","13"
"cnt","867","11"
"cnt","867","6"
"cnt","868","14"
"cnt","868","13"
"cnt","868","11"
"cnt","868","6"
"cnt","869","6"
"cnt","869","11"
"cnt","869","13"
"cnt","869","14"
"cnt","870","6"
"cnt","870","11"
"cnt","870","13"
"cnt","870","14"
"cnt","871","6"
"cnt","871","11"
"cnt","871","13"
"cnt","871","14"
"cnt","872","14"
"cnt","872","13"
"cnt","872","11"
"cnt","872","6"
"cnt","873","14"
"cnt","873","13"
"cnt","873","11"
"cnt","873","6"
"cnt","874","6"
"cnt","874","11"
"cnt","874","13"
"cnt","874","14"
"cnt","875","14"
"cnt","875","13"
"cnt","875","11"
"cnt","875","6"
"cnt","858","13"
"cnt","858","14"
"obj","853","858"
"cnt","53","6"
"obj","778","858"
"obj","778","853"
"obj","777","858"
"cnt","876","14"
"cnt","876","13"
"cnt","876","11"
"cnt","876","6"
"obj","876","545"
"obj","876","600"
"obj","876","598"
"cnt","877","6"
"obj","877","471"
"obj","877","124"
"obj","877","451"
"obj","877","125"
"cnt","880","6"
"obj","880","854"
"obj","880","908"
"obj","880","478"
"cnt","881","14"
"cnt","881","13"
"cnt","881","11"
"cnt","881","6"
"obj","881","537"
"cnt","882","6"
"cnt","882","11"
"cnt","882","13"
"cnt","882","14"
"cnt","883","14"
"cnt","883","13"
"cnt","883","11"
"cnt","883","6"
"obj","885","71"
"obj","885","72"
"obj","885","439"
"obj","885","436"
"obj","885","74"
"obj","885","867"
"cnt","885","6"
"cnt","885","11"
"cnt","885","13"
"cnt","885","14"
"cnt","886","6"
"cnt","886","11"
"cnt","886","13"
"cnt","886","14"
"obj","887","775"
"obj","887","110"
"obj","887","345"
"cnt","887","6"
"cnt","887","11"
"cnt","887","13"
"cnt","887","14"
"obj","888","586"
"obj","888","439"
"obj","888","347"
"obj","888","74"
"obj","888","867"
"obj","888","436"
"cnt","888","6"
"cnt","888","11"
"cnt","888","13"
"cnt","888","14"
"cnt","889","14"
"cnt","889","13"
"cnt","889","11"
"cnt","889","6"
"cnt","890","6"
"cnt","890","11"
"cnt","890","13"
"cnt","890","14"
"cnt","891","14"
"cnt","891","13"
"cnt","891","11"
"cnt","891","6"
"cnt","1820","11"
"cnt","1820","6"
"cnt","1819","12"
"cnt","1819","11"
"cnt","1819","26"
"obj","893","447"
"obj","893","475"
"cnt","893","6"
"cnt","893","11"
"cnt","893","13"
"cnt","893","14"
"cnt","894","13"
"cnt","894","11"
"cnt","894","6"
"obj","894","597"
"cnt","895","6"
"cnt","895","11"
"cnt","895","13"
"cnt","895","14"
"obj","895","61"
"obj","895","348"
"obj","896","890"
"cnt","896","6"
"cnt","896","11"
"cnt","896","13"
"cnt","896","14"
"cnt","897","6"
"cnt","897","11"
"cnt","897","13"
"cnt","897","14"
"obj","897","469"
"obj","897","467"
"obj","897","49"
"cnt","898","14"
"cnt","898","13"
"cnt","898","11"
"cnt","898","6"
"obj","898","881"
"obj","898","537"
"cnt","899","14"
"cnt","899","13"
"cnt","899","6"
"cnt","899","11"
"cnt","900","6"
"cnt","900","11"
"cnt","900","13"
"cnt","900","14"
"cnt","901","14"
"cnt","901","13"
"cnt","901","11"
"cnt","901","6"
"obj","901","890"
"obj","901","896"
"cnt","902","6"
"cnt","902","11"
"cnt","902","13"
"cnt","902","14"
"obj","903","857"
"cnt","904","6"
"cnt","904","11"
"cnt","904","13"
"cnt","904","14"
"cnt","905","14"
"cnt","905","13"
"cnt","905","11"
"cnt","905","6"
"obj","906","475"
"obj","906","447"
"obj","906","893"
"obj","906","892"
"cnt","907","6"
"cnt","907","11"
"cnt","907","13"
"cnt","907","14"
"obj","907","84"
"obj","907","644"
"obj","907","446"
"obj","907","449"
"obj","907","418"
"cnt","908","27"
"cnt","908","26"
"cnt","908","12"
"cnt","908","5"
"cnt","909","6"
"cnt","909","11"
"cnt","909","13"
"cnt","909","14"
"cnt","910","14"
"cnt","910","6"
"cnt","910","11"
"cnt","910","13"
"cnt","1832","11"
"cnt","1832","6"
"cnt","1831","6"
"cnt","1831","11"
"cnt","912","14"
"cnt","912","13"
"cnt","912","11"
"cnt","912","6"
"cnt","913","27"
"cnt","913","12"
"cnt","913","5"
"cnt","913","26"
"cnt","1838","11"
"cnt","1837","6"
"cnt","1837","11"
"cnt","1837","14"
"cnt","915","6"
"cnt","915","11"
"cnt","915","13"
"cnt","915","14"
"cnt","909","26"
"obj","909","420"
"obj","909","581"
"obj","909","97"
"obj","909","2"
"obj","909","642"
"cnt","913","14"
"cnt","913","13"
"cnt","913","11"
"cnt","913","6"
"obj","913","567"
"obj","913","880"
"cnt","880","11"
"cnt","880","13"
"cnt","880","14"
"cnt","877","11"
"cnt","877","13"
"cnt","877","14"
"obj","873","634"
"obj","873","122"
"obj","873","821"
"obj","873","868"
"obj","873","450"
"obj","873","699"
"obj","873","357"
"obj","873","451"
"obj","873","127"
"obj","872","473"
"obj","872","603"
"obj","872","855"
"obj","903","16"
"cnt","903","5"
"cnt","903","6"
"cnt","903","12"
"cnt","903","11"
"cnt","903","26"
"cnt","903","14"
"cnt","903","13"
"cnt","903","27"
"obj","857","16"
"obj","856","2"
"obj","856","586"
"obj","899","119"
"obj","899","470"
"cnt","894","14"
"cnt","901","5"
"cnt","901","12"
"cnt","901","26"
"cnt","901","27"
"obj","882","111"
"obj","882","564"
"obj","882","609"
"obj","882","599"
"obj","882","29"
"cnt","825","6"
"cnt","825","11"
"cnt","825","12"
"cnt","825","13"
"cnt","825","14"
"cnt","811","6"
"obj","809","127"
"obj","809","121"
"obj","809","865"
"obj","809","868"
"obj","809","821"
"obj","809","126"
"cnt","809","6"
"cnt","809","11"
"cnt","809","13"
"cnt","809","14"
"cnt","809","5"
"cnt","809","12"
"cnt","809","26"
"cnt","809","27"
"obj","807","450"
"obj","807","127"
"obj","807","276"
"obj","807","200"
"obj","807","357"
"obj","807","451"
"cnt","1819","14"
"cnt","1819","13"
"cnt","1819","27"
"cnt","1818","13"
"cnt","1818","14"
"cnt","1818","11"
"cnt","1817","13"
"cnt","1817","14"
"cnt","1817","11"
"cnt","1817","5"
"cnt","1817","6"
"obj","802","860"
"obj","802","540"
"cnt","802","6"
"cnt","802","11"
"cnt","802","13"
"cnt","802","14"
"cnt","786","14"
"cnt","786","5"
"cnt","786","12"
"cnt","786","26"
"cnt","786","27"
"obj","785","724"
"obj","785","588"
"obj","785","575"
"obj","785","55"
"obj","785","56"
"cnt","785","6"
"cnt","785","11"
"cnt","785","13"
"cnt","785","14"
"cnt","756","14"
"cnt","756","5"
"cnt","756","12"
"cnt","756","26"
"cnt","756","27"
"cnt","478","5"
"cnt","478","12"
"cnt","478","26"
"cnt","478","27"
"obj","767","858"
"cnt","758","14"
"cnt","758","13"
"cnt","758","11"
"cnt","758","6"
"obj","758","775"
"obj","758","480"
"obj","758","634"
"obj","758","633"
"obj","758","798"
"obj","758","103"
"cnt","645","13"
"cnt","645","14"
"obj","760","813"
"cnt","760","6"
"cnt","760","11"
"cnt","760","13"
"cnt","760","14"
"obj","597","894"
"obj","597","655"
"obj","597","97"
"obj","597","773"
"cnt","606","11"
"cnt","606","13"
"cnt","606","14"
"cnt","606","5"
"cnt","606","12"
"cnt","606","26"
"cnt","606","27"
"cnt","501","5"
"cnt","501","26"
"cnt","501","27"
"cnt","633","13"
"cnt","633","11"
"cnt","633","6"
"obj","633","79"
"cnt","821","14"
"cnt","821","13"
"cnt","821","11"
"cnt","821","6"
"cnt","591","5"
"cnt","591","12"
"cnt","591","26"
"cnt","591","27"
"cnt","649","6"
"obj","649","545"
"obj","649","598"
"obj","649","466"
"cnt","579","26"
"cnt","579","27"
"cnt","580","12"
"cnt","580","13"
"cnt","580","14"
"cnt","574","13"
"cnt","574","14"
"cnt","574","12"
"obj","574","124"
"obj","574","769"
"obj","574","764"
"obj","574","772"
"obj","574","625"
"cnt","622","6"
"cnt","622","12"
"cnt","622","11"
"cnt","622","26"
"cnt","622","14"
"cnt","622","13"
"cnt","622","27"
"obj","622","701"
"cnt","538","27"
"obj","538","470"
"obj","538","464"
"obj","538","339"
"cnt","568","6"
"cnt","568","11"
"cnt","568","13"
"cnt","568","14"
"obj","568","763"
"obj","568","764"
"obj","568","623"
"obj","361","49"
"obj","361","50"
"obj","361","91"
"obj","361","349"
"obj","793","49"
"obj","793","467"
"obj","793","469"
"obj","793","643"
"obj","793","593"
"obj","793","897"
"obj","793","71"
"obj","793","479"
"obj","793","481"
"obj","793","72"
"obj","838","749"
"cnt","747","5"
"cnt","747","26"
"cnt","747","27"
"obj","747","488"
"obj","747","131"
"obj","747","356"
"obj","747","128"
"obj","747","136"
"obj","561","731"
"obj","561","749"
"obj","561","175"
"obj","733","131"
"obj","733","130"
"obj","733","128"
"obj","733","556"
"obj","733","753"
"obj","733","747"
"obj","733","743"
"obj","733","732"
"obj","715","194"
"obj","715","656"
"obj","715","614"
"obj","715","323"
"cnt","715","5"
"cnt","715","6"
"cnt","715","12"
"cnt","715","11"
"cnt","715","26"
"cnt","715","14"
"cnt","715","13"
"cnt","715","27"
"obj","426","597"
"cnt","426","5"
"cnt","426","6"
"cnt","426","12"
"cnt","426","11"
"cnt","426","26"
"cnt","426","14"
"cnt","426","13"
"cnt","426","27"
"obj","524","525"
"obj","524","526"
"obj","524","527"
"obj","524","528"
"obj","524","529"
"obj","524","530"
"cnt","524","5"
"cnt","524","6"
"cnt","524","12"
"cnt","524","11"
"cnt","524","26"
"cnt","524","14"
"cnt","524","13"
"cnt","524","27"
"cnt","781","14"
"cnt","781","5"
"cnt","781","12"
"cnt","781","26"
"cnt","781","27"
"obj","741","769"
"obj","741","715"
"obj","741","714"
"obj","741","713"
"obj","741","712"
"obj","741","658"
"obj","741","656"
"cnt","741","5"
"cnt","741","6"
"cnt","741","12"
"cnt","741","11"
"cnt","741","26"
"cnt","741","14"
"cnt","741","13"
"cnt","741","27"
"obj","612","97"
"obj","612","80"
"obj","612","558"
"cnt","612","5"
"cnt","612","6"
"cnt","612","12"
"cnt","612","11"
"cnt","612","26"
"cnt","612","14"
"cnt","612","13"
"cnt","612","27"
"obj","620","539"
"obj","620","86"
"cnt","620","5"
"cnt","620","6"
"cnt","620","12"
"cnt","620","11"
"cnt","620","26"
"cnt","620","14"
"cnt","620","13"
"cnt","620","27"
"obj","687","786"
"obj","687","637"
"obj","687","8"
"cnt","687","5"
"cnt","687","6"
"cnt","687","12"
"cnt","687","11"
"cnt","687","26"
"cnt","687","14"
"cnt","687","13"
"cnt","687","27"
"cnt","808","5"
"cnt","808","6"
"cnt","808","12"
"cnt","808","11"
"cnt","808","26"
"cnt","808","14"
"cnt","808","13"
"cnt","808","27"
"cnt","569","5"
"cnt","569","6"
"cnt","569","12"
"cnt","569","11"
"cnt","569","26"
"cnt","569","14"
"cnt","569","13"
"cnt","569","27"
"obj","710","687"
"obj","710","8"
"cnt","710","5"
"cnt","710","6"
"cnt","710","12"
"cnt","710","11"
"cnt","710","26"
"cnt","710","14"
"cnt","710","13"
"cnt","710","27"
"cnt","654","5"
"cnt","654","6"
"cnt","654","12"
"cnt","654","11"
"cnt","654","26"
"cnt","654","14"
"cnt","654","13"
"cnt","654","27"
"cnt","554","14"
"cnt","554","5"
"cnt","554","12"
"cnt","554","26"
"cnt","554","27"
"cnt","541","5"
"cnt","541","6"
"cnt","541","12"
"cnt","541","11"
"cnt","541","26"
"cnt","541","14"
"cnt","541","13"
"cnt","541","27"
"obj","709","518"
"obj","709","203"
"obj","709","240"
"cnt","709","5"
"cnt","709","6"
"cnt","709","12"
"cnt","709","11"
"cnt","709","26"
"cnt","709","14"
"cnt","709","13"
"cnt","709","27"
"cnt","915","5"
"cnt","915","12"
"cnt","915","26"
"cnt","915","27"
"obj","915","10"
"obj","915","732"
"obj","915","733"
"obj","915","740"
"obj","915","180"
"obj","915","561"
"obj","915","129"
"obj","915","137"
"cnt","1837","13"
"cnt","1836","27"
"cnt","1836","13"
"cnt","1836","11"
"cnt","1836","6"
"cnt","1835","27"
"cnt","1835","13"
"cnt","1835","11"
"cnt","1835","6"
"cnt","1834","27"
"cnt","1834","13"
"cnt","1834","11"
"cnt","1834","6"
"cnt","1831","14"
"cnt","1831","13"
"cnt","1830","6"
"cnt","1830","11"
"cnt","1830","13"
"cnt","1830","27"
"cnt","1829","6"
"cnt","1829","11"
"cnt","1827","13"
"obj","910","342"
"obj","886","836"
"obj","886","343"
"obj","886","181"
"obj","886","334"
"obj","162","163"
"obj","162","317"
"obj","162","493"
"obj","162","341"
"obj","162","355"
"obj","344","155"
"obj","344","346"
"obj","344","555"
"obj","344","742"
"cnt","837","14"
"cnt","837","6"
"cnt","837","5"
"obj","837","836"
"obj","837","332"
"obj","837","316"
"obj","837","181"
"obj","837","159"
"cnt","354","6"
"obj","354","157"
"obj","354","156"
"obj","354","151"
"obj","175","356"
"obj","175","697"
"obj","175","556"
"obj","175","743"
"obj","175","753"
"obj","175","174"
"obj","175","134"
"obj","175","135"
"obj","810","487"
"obj","810","489"
"obj","810","697"
"obj","810","139"
"obj","810","140"
"obj","810","141"
"obj","810","143"
"obj","810","144"
"obj","810","336"
"obj","810","13"
"obj","810","21"
"obj","810","22"
"obj","810","500"
"obj","810","92"
"obj","810","234"
"obj","171","362"
"obj","171","193"
"obj","171","188"
"obj","171","187"
"obj","171","175"
"obj","171","753"
"obj","171","192"
"cnt","333","5"
"cnt","333","6"
"cnt","333","11"
"obj","333","492"
"obj","333","334"
"obj","333","156"
"obj","333","170"
"obj","333","316"
"obj","749","137"
"obj","749","133"
"obj","749","353"
"obj","749","338"
"obj","753","335"
"obj","753","746"
"obj","753","745"
"obj","753","488"
"obj","753","136"
"cnt","346","6"
"obj","346","337"
"obj","346","494"
"cnt","916","13"
"cnt","916","14"
"cnt","916","6"
"cnt","917","6"
"cnt","917","14"
"cnt","917","13"
"obj","918","435"
"obj","918","1096"
"obj","918","769"
"obj","918","350"
"cnt","919","6"
"cnt","919","11"
"cnt","919","13"
"cnt","919","27"
"cnt","920","6"
"cnt","920","11"
"cnt","920","13"
"cnt","920","27"
"cnt","921","27"
"cnt","921","13"
"cnt","921","14"
"cnt","921","26"
"cnt","921","11"
"cnt","921","12"
"cnt","921","6"
"cnt","922","27"
"cnt","922","13"
"cnt","922","11"
"cnt","922","6"
"cnt","923","27"
"cnt","923","13"
"cnt","923","14"
"cnt","923","11"
"cnt","923","6"
"cnt","924","6"
"cnt","924","11"
"cnt","924","14"
"cnt","924","13"
"cnt","925","6"
"cnt","925","14"
"cnt","925","13"
"cnt","926","27"
"cnt","926","13"
"cnt","926","14"
"cnt","926","11"
"cnt","926","6"
"cnt","928","27"
"cnt","928","13"
"cnt","928","11"
"cnt","928","6"
"cnt","930","27"
"cnt","930","13"
"cnt","930","11"
"cnt","930","6"
"cnt","932","6"
"cnt","932","11"
"cnt","932","14"
"cnt","932","13"
"cnt","933","6"
"cnt","933","11"
"cnt","933","14"
"cnt","933","13"
"cnt","935","6"
"cnt","935","11"
"cnt","935","14"
"cnt","935","13"
"cnt","936","13"
"cnt","936","14"
"cnt","936","11"
"cnt","936","6"
"cnt","937","6"
"obj","937","941"
"obj","937","153"
"obj","937","774"
"cnt","938","27"
"cnt","938","13"
"cnt","938","11"
"cnt","938","6"
"cnt","939","27"
"cnt","939","13"
"cnt","939","11"
"cnt","939","6"
"cnt","940","11"
"cnt","940","13"
"cnt","940","27"
"obj","940","436"
"cnt","941","27"
"cnt","941","13"
"cnt","941","11"
"cnt","941","6"
"cnt","942","6"
"cnt","942","11"
"cnt","942","13"
"cnt","942","27"
"cnt","943","6"
"cnt","943","11"
"cnt","943","13"
"cnt","943","27"
"cnt","944","6"
"cnt","944","11"
"cnt","944","13"
"cnt","944","27"
"cnt","945","27"
"cnt","945","13"
"cnt","945","11"
"cnt","945","6"
"cnt","946","6"
"cnt","946","11"
"cnt","946","13"
"cnt","946","27"
"cnt","1052","27"
"cnt","1052","13"
"cnt","1052","11"
"cnt","1052","6"
"cnt","1053","27"
"cnt","1053","13"
"cnt","1053","14"
"cnt","1053","26"
"cnt","1053","11"
"cnt","1053","6"
"obj","1053","438"
"obj","1053","820"
"obj","1053","604"
"obj","1053","28"
"cnt","1054","27"
"cnt","1054","13"
"cnt","1054","14"
"cnt","1054","11"
"cnt","1054","6"
"cnt","1055","6"
"obj","1055","798"
"obj","1055","75"
"obj","1055","774"
"obj","1055","65"
"obj","1055","634"
"cnt","1056","27"
"cnt","1056","13"
"cnt","1056","11"
"cnt","1056","6"
"cnt","1057","6"
"obj","1059","469"
"obj","1059","467"
"obj","1059","49"
"obj","1059","643"
"cnt","1060","27"
"cnt","1060","13"
"cnt","1060","14"
"cnt","1060","11"
"cnt","1060","6"
"obj","1061","1056"
"obj","1062","885"
"obj","1062","888"
"obj","1062","439"
"obj","1062","586"
"obj","1062","72"
"obj","1062","347"
"obj","1062","74"
"obj","1062","867"
"obj","1062","436"
"cnt","1062","6"
"cnt","1062","11"
"cnt","1062","14"
"cnt","1062","13"
"cnt","1062","27"
"cnt","1063","27"
"cnt","1063","13"
"cnt","1063","14"
"cnt","1063","11"
"cnt","1063","6"
"cnt","1064","6"
"cnt","1064","11"
"cnt","1064","13"
"cnt","1064","27"
"cnt","1065","27"
"cnt","1065","13"
"cnt","1065","11"
"cnt","1065","6"
"obj","1065","1056"
"obj","1065","1061"
"cnt","1066","6"
"cnt","1066","11"
"cnt","1066","13"
"cnt","1066","27"
"obj","1068","811"
"obj","1068","767"
"obj","1068","606"
"obj","1068","65"
"obj","1068","439"
"obj","1068","1097"
"cnt","1069","6"
"cnt","1070","6"
"cnt","1070","11"
"cnt","1070","14"
"cnt","1070","13"
"cnt","1070","27"
"cnt","1071","6"
"cnt","1071","11"
"cnt","1071","14"
"cnt","1071","13"
"cnt","1071","27"
"obj","1071","869"
"obj","1071","103"
"obj","1071","104"
"obj","1071","105"
"cnt","1072","13"
"cnt","1072","14"
"cnt","1072","11"
"cnt","1072","6"
"cnt","1073","13"
"cnt","1073","14"
"cnt","1073","11"
"cnt","1073","6"
"cnt","1074","27"
"cnt","1074","13"
"cnt","1074","11"
"cnt","1074","6"
"cnt","1075","27"
"cnt","1075","13"
"cnt","1075","14"
"cnt","1075","11"
"cnt","1075","6"
"cnt","1077","6"
"cnt","1079","27"
"cnt","1079","6"
"cnt","1079","11"
"cnt","1079","14"
"cnt","1079","13"
"cnt","1080","27"
"cnt","1080","13"
"cnt","1080","11"
"cnt","1080","6"
"cnt","1081","13"
"cnt","1081","11"
"cnt","1081","6"
"cnt","1082","6"
"cnt","1082","11"
"cnt","1082","14"
"cnt","1082","13"
"cnt","1083","6"
"cnt","1083","11"
"cnt","1083","14"
"cnt","1083","13"
"cnt","1083","27"
"cnt","1084","5"
"cnt","1084","12"
"cnt","1084","26"
"cnt","1084","27"
"cnt","1085","27"
"cnt","1085","13"
"cnt","1085","11"
"cnt","1085","6"
"cnt","1086","27"
"cnt","1086","13"
"cnt","1086","14"
"cnt","1086","11"
"cnt","1086","6"
"obj","1086","462"
"cnt","1213","13"
"cnt","1213","14"
"cnt","1213","11"
"cnt","1084","6"
"cnt","1084","11"
"cnt","1088","27"
"cnt","1088","13"
"cnt","1088","14"
"cnt","1088","11"
"cnt","1088","6"
"cnt","1089","27"
"cnt","1089","13"
"cnt","1089","14"
"cnt","1089","11"
"cnt","1089","6"
"obj","1089","1088"
"cnt","1090","27"
"cnt","1090","13"
"cnt","1090","14"
"cnt","1090","26"
"cnt","1090","11"
"cnt","1090","6"
"cnt","1091","6"
"cnt","1091","11"
"cnt","1091","13"
"cnt","1091","27"
"cnt","1092","6"
"cnt","1092","11"
"cnt","1092","13"
"cnt","1092","27"
"cnt","1093","13"
"cnt","1093","14"
"cnt","1093","11"
"cnt","1093","6"
"obj","1094","557"
"obj","1094","509"
"obj","1094","602"
"obj","1094","649"
"obj","1094","486"
"cnt","1095","6"
"cnt","1095","11"
"cnt","1095","14"
"cnt","1095","13"
"cnt","1096","27"
"cnt","1096","13"
"cnt","1096","14"
"cnt","1096","11"
"cnt","1096","6"
"cnt","1097","27"
"cnt","1097","13"
"cnt","1097","14"
"cnt","1097","26"
"cnt","1097","11"
"cnt","1097","12"
"cnt","1097","6"
"cnt","1098","27"
"cnt","1098","13"
"cnt","1098","14"
"cnt","1098","26"
"cnt","1098","11"
"cnt","1098","12"
"cnt","1098","6"
"cnt","1099","27"
"cnt","1099","13"
"cnt","1099","14"
"cnt","1099","26"
"cnt","1099","11"
"cnt","1099","12"
"cnt","1099","6"
"cnt","1100","14"
"cnt","1100","26"
"cnt","1100","11"
"cnt","1100","12"
"cnt","1100","6"
"cnt","1100","13"
"cnt","1100","27"
"cnt","1158","6"
"cnt","1143","13"
"cnt","1143","14"
"cnt","1143","11"
"cnt","1143","6"
"cnt","1144","13"
"cnt","1144","14"
"cnt","1144","11"
"cnt","1144","6"
"cnt","1150","6"
"cnt","1150","11"
"cnt","1150","13"
"cnt","1153","6"
"cnt","1159","6"
"cnt","1160","6"
"cnt","1161","6"
"cnt","1162","6"
"cnt","1163","6"
"cnt","1084","14"
"cnt","1164","6"
"cnt","1164","11"
"cnt","1164","14"
"cnt","1164","13"
"cnt","1164","27"
"obj","1164","50"
"obj","1164","462"
"obj","1164","1086"
"cnt","1166","27"
"cnt","1166","13"
"cnt","1166","14"
"cnt","1166","11"
"cnt","1166","6"
"obj","1166","599"
"obj","1166","29"
"obj","1166","111"
"cnt","1167","13"
"cnt","1167","14"
"cnt","1167","11"
"cnt","1167","6"
"obj","1167","1088"
"cnt","1167","27"
"cnt","1168","6"
"cnt","1168","11"
"cnt","1168","14"
"cnt","1168","13"
"cnt","1168","27"
"obj","1169","1164"
"cnt","1084","13"
"obj","1169","50"
"obj","1169","462"
"obj","1169","1086"
"cnt","1169","6"
"cnt","1169","11"
"cnt","1169","14"
"cnt","1169","13"
"cnt","1169","27"
"cnt","1170","13"
"cnt","1170","14"
"cnt","1170","11"
"cnt","1170","6"
"cnt","1171","13"
"cnt","1171","27"
"obj","1171","189"
"obj","1171","928"
"obj","1171","926"
"cnt","1172","6"
"cnt","1172","11"
"cnt","1172","13"
"cnt","1172","27"
"cnt","1173","27"
"cnt","1173","13"
"cnt","1173","14"
"cnt","1173","11"
"cnt","1173","6"
"cnt","1174","6"
"cnt","1174","11"
"cnt","1174","14"
"cnt","1174","13"
"cnt","1174","27"
"cnt","1175","6"
"cnt","1175","11"
"cnt","1175","14"
"cnt","1175","13"
"cnt","1175","27"
"cnt","1177","27"
"cnt","1177","13"
"cnt","1177","14"
"cnt","1177","11"
"cnt","1177","6"
"cnt","1178","6"
"cnt","1178","11"
"cnt","1178","14"
"cnt","1178","13"
"cnt","1178","27"
"cnt","1179","27"
"cnt","1179","13"
"cnt","1179","14"
"cnt","1179","11"
"cnt","1179","6"
"cnt","1180","27"
"cnt","1180","13"
"cnt","1180","14"
"cnt","1180","11"
"cnt","1180","6"
"cnt","1181","27"
"cnt","1181","13"
"cnt","1181","14"
"cnt","1181","11"
"cnt","1181","6"
"cnt","1183","27"
"cnt","1183","13"
"cnt","1183","11"
"cnt","1183","5"
"cnt","1184","12"
"cnt","1184","11"
"cnt","1184","26"
"cnt","1184","14"
"cnt","1184","13"
"cnt","1184","27"
"obj","1184","1302"
"cnt","1185","27"
"cnt","1185","13"
"cnt","1185","11"
"cnt","1185","6"
"obj","1186","603"
"obj","1186","549"
"obj","1186","817"
"obj","1186","874"
"cnt","1187","6"
"cnt","1187","11"
"cnt","1187","13"
"cnt","1187","27"
"cnt","1192","27"
"cnt","1192","13"
"cnt","1192","5"
"cnt","1193","6"
"cnt","1193","11"
"cnt","1193","14"
"cnt","1193","13"
"cnt","1194","27"
"cnt","1194","11"
"cnt","1194","5"
"cnt","1195","5"
"cnt","1195","27"
"cnt","1196","5"
"cnt","1196","6"
"cnt","1196","12"
"cnt","1196","11"
"cnt","1196","26"
"cnt","1196","14"
"cnt","1196","13"
"cnt","1196","27"
"cnt","1197","5"
"cnt","1198","27"
"cnt","1198","13"
"cnt","1198","14"
"cnt","1198","11"
"cnt","1198","5"
"cnt","1200","14"
"cnt","1200","13"
"cnt","1200","27"
"cnt","1200","11"
"cnt","1200","5"
"cnt","1200","6"
"cnt","1202","6"
"cnt","1202","27"
"cnt","1202","13"
"cnt","1202","14"
"cnt","1202","11"
"cnt","1202","5"
"cnt","1204","27"
"cnt","1204","13"
"cnt","1204","11"
"cnt","1204","5"
"cnt","1204","6"
"cnt","1205","27"
"cnt","1205","13"
"cnt","1205","14"
"cnt","1205","26"
"cnt","1205","11"
"cnt","1205","12"
"cnt","1205","5"
"cnt","1205","6"
"cnt","1206","27"
"cnt","1206","13"
"cnt","1206","14"
"cnt","1206","26"
"cnt","1206","6"
"cnt","1798","11"
"cnt","1208","6"
"cnt","1208","5"
"cnt","1208","12"
"cnt","1208","11"
"cnt","1208","26"
"cnt","1208","14"
"cnt","1208","13"
"cnt","1208","27"
"cnt","1209","11"
"obj","1209","906"
"obj","1209","873"
"obj","1209","785"
"obj","1209","892"
"obj","1209","447"
"obj","1209","476"
"obj","1209","452"
"cnt","1210","27"
"cnt","1210","13"
"cnt","1210","14"
"cnt","1210","26"
"cnt","1210","11"
"cnt","1210","12"
"cnt","1210","5"
"cnt","1210","6"
"cnt","1211","14"
"cnt","1211","26"
"cnt","1211","11"
"cnt","1211","12"
"cnt","1211","5"
"cnt","1211","6"
"obj","1211","1116"
"obj","1211","944"
"cnt","1212","6"
"cnt","1212","5"
"cnt","1212","12"
"cnt","1212","11"
"cnt","1212","26"
"cnt","1212","14"
"cnt","1212","13"
"cnt","1212","27"
"obj","1200","164"
"obj","1200","359"
"obj","1200","943"
"obj","1079","638"
"obj","1079","448"
"obj","1079","367"
"obj","1079","858"
"obj","1079","1078"
"obj","1079","640"
"cnt","1211","13"
"cnt","1211","27"
"obj","1079","655"
"obj","940","74"
"obj","940","347"
"obj","940","885"
"obj","940","439"
"obj","940","72"
"obj","940","1062"
"obj","940","65"
"obj","940","482"
"obj","940","71"
"obj","940","479"
"obj","906","452"
"obj","906","644"
"obj","906","125"
"cnt","906","6"
"cnt","906","11"
"cnt","906","13"
"cnt","906","14"
"obj","856","3"
"obj","902","597"
"obj","902","655"
"obj","902","1078"
"obj","902","894"
"obj","902","856"
"obj","902","903"
"obj","484","112"
"obj","484","438"
"obj","484","28"
"obj","484","1053"
"obj","484","604"
"obj","484","820"
"obj","112","438"
"obj","112","552"
"obj","112","484"
"obj","112","28"
"obj","112","1053"
"obj","112","604"
"obj","621","26"
"obj","621","599"
"obj","621","609"
"obj","621","564"
"obj","621","112"
"obj","621","438"
"obj","621","820"
"obj","621","882"
"obj","621","874"
"obj","621","1053"
"obj","621","604"
"obj","111","609"
"obj","111","599"
"obj","111","26"
"obj","817","943"
"obj","817","478"
"cnt","817","6"
"cnt","817","5"
"cnt","817","12"
"cnt","817","11"
"cnt","817","26"
"cnt","817","14"
"cnt","817","13"
"cnt","817","27"
"obj","617","585"
"obj","617","815"
"cnt","617","6"
"cnt","617","5"
"cnt","617","12"
"cnt","617","11"
"cnt","617","26"
"cnt","617","14"
"cnt","617","13"
"cnt","617","27"
"cnt","549","13"
"cnt","549","11"
"cnt","603","13"
"cnt","603","14"
"cnt","603","12"
"cnt","567","11"
"cnt","567","6"
"cnt","567","14"
"obj","567","569"
"cnt","75","5"
"cnt","75","6"
"cnt","75","11"
"cnt","75","13"
"cnt","75","14"
"cnt","75","12"
"cnt","75","26"
"cnt","75","27"
"cnt","773","11"
"cnt","773","13"
"cnt","773","14"
"cnt","485","6"
"cnt","485","11"
"cnt","485","13"
"cnt","485","14"
"cnt","485","27"
"cnt","642","11"
"cnt","642","6"
"cnt","642","5"
"cnt","642","12"
"cnt","642","26"
"cnt","642","27"
"cnt","770","14"
"cnt","770","13"
"cnt","770","11"
"cnt","770","6"
"cnt","770","5"
"cnt","770","12"
"cnt","770","26"
"cnt","770","27"
"obj","801","588"
"obj","801","591"
"obj","801","54"
"obj","801","575"
"cnt","801","6"
"cnt","801","11"
"cnt","801","13"
"cnt","801","14"
"cnt","801","5"
"cnt","801","12"
"cnt","801","26"
"cnt","801","27"
"cnt","72","11"
"cnt","72","13"
"cnt","72","14"
"obj","72","734"
"obj","72","141"
"obj","72","49"
"obj","72","469"
"obj","72","1185"
"obj","72","436"
"obj","72","867"
"obj","72","74"
"obj","72","347"
"obj","72","885"
"obj","72","888"
"obj","72","1206"
"obj","72","439"
"obj","72","586"
"obj","72","482"
"obj","72","71"
"obj","72","479"
"obj","72","481"
"obj","72","913"
"obj","913","857"
"obj","913","811"
"obj","913","767"
"cnt","76","13"
"cnt","76","11"
"cnt","76","6"
"cnt","76","5"
"obj","4","639"
"obj","4","76"
"obj","4","82"
"cnt","4","6"
"cnt","4","5"
"cnt","4","11"
"cnt","4","13"
"cnt","4","14"
"cnt","1094","6"
"cnt","1094","11"
"cnt","1094","14"
"cnt","1094","13"
"cnt","1094","27"
"cnt","895","5"
"cnt","895","12"
"cnt","895","26"
"cnt","895","27"
"cnt","764","6"
"cnt","764","11"
"cnt","764","13"
"cnt","764","14"
"cnt","908","14"
"cnt","908","13"
"cnt","908","11"
"cnt","908","6"
"obj","59","465"
"obj","59","60"
"obj","59","921"
"obj","59","872"
"obj","59","579"
"obj","59","922"
"cnt","1059","6"
"cnt","1059","5"
"cnt","1059","12"
"cnt","1059","11"
"cnt","1059","26"
"cnt","1059","14"
"cnt","1059","13"
"cnt","1059","27"
"cnt","1213","5"
"cnt","1213","6"
"obj","1213","1084"
"obj","1213","170"
"obj","1213","333"
"obj","1213","933"
"cnt","1214","13"
"cnt","1214","14"
"cnt","1214","6"
"cnt","1216","13"
"cnt","1216","27"
"obj","1216","538"
"obj","1216","339"
"obj","1216","452"
"obj","1216","802"
"cnt","1217","27"
"cnt","1217","13"
"cnt","1217","14"
"cnt","1217","26"
"cnt","1217","11"
"cnt","1217","12"
"cnt","1217","6"
"cnt","1218","6"
"obj","1218","50"
"obj","1218","52"
"obj","1218","854"
"cnt","1219","6"
"cnt","1219","11"
"cnt","1219","14"
"cnt","1219","13"
"cnt","1219","27"
"cnt","1220","6"
"cnt","1220","12"
"cnt","1220","11"
"cnt","1220","26"
"cnt","1220","14"
"cnt","1220","13"
"cnt","1220","27"
"cnt","1221","6"
"cnt","1221","11"
"cnt","1221","13"
"cnt","1221","27"
"cnt","1222","27"
"cnt","1222","13"
"cnt","1222","14"
"cnt","1222","26"
"cnt","1222","11"
"cnt","1222","12"
"cnt","1222","6"
"cnt","1223","27"
"cnt","1223","6"
"cnt","1223","11"
"cnt","1223","26"
"cnt","1223","13"
"cnt","1224","6"
"cnt","1224","11"
"cnt","1224","14"
"cnt","1224","13"
"cnt","1224","27"
"obj","1226","425"
"obj","1226","1052"
"obj","1226","58"
"obj","1226","57"
"cnt","1228","6"
"cnt","1228","12"
"cnt","1228","11"
"cnt","1228","26"
"cnt","1228","14"
"cnt","1228","13"
"cnt","1228","27"
"cnt","1229","6"
"cnt","1229","12"
"cnt","1229","11"
"cnt","1229","14"
"cnt","1229","13"
"cnt","1229","27"
"cnt","1230","27"
"cnt","1230","13"
"cnt","1230","14"
"cnt","1230","11"
"cnt","1230","12"
"cnt","1230","6"
"cnt","1231","6"
"cnt","1231","12"
"cnt","1231","11"
"cnt","1231","26"
"cnt","1231","14"
"cnt","1231","13"
"cnt","1231","27"
"cnt","1232","6"
"cnt","1232","11"
"cnt","1232","13"
"cnt","1232","27"
"cnt","1233","13"
"cnt","1233","27"
"obj","1233","478"
"obj","1233","880"
"obj","1234","617"
"obj","1234","600"
"obj","1234","570"
"obj","1234","598"
"cnt","1235","13"
"cnt","1235","14"
"cnt","1235","11"
"cnt","1235","6"
"cnt","1236","6"
"cnt","1236","11"
"cnt","1236","13"
"cnt","1238","6"
"cnt","1238","12"
"cnt","1238","11"
"cnt","1238","26"
"cnt","1238","14"
"cnt","1238","13"
"cnt","1238","27"
"cnt","1239","27"
"cnt","1239","13"
"cnt","1239","14"
"cnt","1239","11"
"cnt","1239","6"
"cnt","1240","6"
"cnt","1240","11"
"cnt","1240","14"
"cnt","1240","13"
"cnt","1240","27"
"cnt","1241","6"
"cnt","1241","12"
"cnt","1241","11"
"cnt","1241","26"
"cnt","1241","27"
"cnt","1241","13"
"cnt","1241","14"
"cnt","1242","14"
"cnt","1242","11"
"cnt","1242","6"
"obj","1242","1085"
"obj","1242","483"
"cnt","1243","27"
"obj","1243","581"
"obj","1243","97"
"obj","1243","597"
"obj","1243","856"
"obj","1243","1078"
"obj","1243","1079"
"cnt","1244","27"
"cnt","1244","13"
"cnt","1244","11"
"cnt","1244","6"
"cnt","1245","11"
"cnt","1245","6"
"obj","1245","947"
"obj","1245","333"
"cnt","1246","6"
"cnt","1246","11"
"cnt","1246","14"
"cnt","1246","13"
"cnt","1247","6"
"cnt","1247","11"
"cnt","1247","14"
"cnt","1247","13"
"cnt","1247","27"
"cnt","1249","27"
"cnt","1249","13"
"cnt","1249","11"
"cnt","1249","6"
"cnt","1250","6"
"cnt","1250","11"
"cnt","1250","13"
"cnt","1250","27"
"cnt","1251","6"
"obj","1251","564"
"obj","1251","814"
"obj","1251","825"
"cnt","1256","11"
"cnt","1256","6"
"obj","1256","876"
"obj","1256","1240"
"cnt","1257","27"
"cnt","1257","13"
"cnt","1257","11"
"cnt","1257","6"
"cnt","1259","27"
"cnt","1259","13"
"cnt","1259","11"
"cnt","1259","6"
"cnt","1262","27"
"cnt","1262","13"
"cnt","1262","11"
"cnt","1262","6"
"cnt","1263","6"
"cnt","1263","5"
"cnt","1263","11"
"cnt","1263","14"
"cnt","1263","13"
"cnt","1263","27"
"cnt","1256","13"
"cnt","1256","27"
"cnt","1251","11"
"cnt","1251","13"
"cnt","1251","27"
"obj","1250","882"
"obj","1250","394"
"obj","1250","1210"
"obj","1250","564"
"obj","1249","940"
"obj","1249","811"
"obj","1249","478"
"cnt","1243","13"
"cnt","1243","14"
"cnt","1243","26"
"cnt","1243","11"
"cnt","1243","12"
"cnt","1243","6"
"cnt","1242","13"
"cnt","1242","27"
"obj","1241","97"
"obj","1241","648"
"obj","1241","642"
"obj","1241","586"
"obj","1239","1185"
"obj","1239","586"
"obj","1239","479"
"obj","1239","71"
"obj","1239","482"
"obj","1234","602"
"obj","1234","1094"
"obj","1234","466"
"obj","1234","509"
"obj","1234","557"
"cnt","1234","6"
"cnt","1234","11"
"cnt","1234","13"
"cnt","1234","27"
"cnt","1233","11"
"cnt","1233","6"
"cnt","1216","14"
"cnt","1216","26"
"cnt","1216","11"
"cnt","1216","6"
"cnt","1264","27"
"cnt","1264","13"
"cnt","1264","14"
"cnt","1264","26"
"cnt","1264","11"
"cnt","1264","12"
"cnt","1264","5"
"cnt","1264","6"
"cnt","1265","26"
"cnt","1265","11"
"cnt","1265","12"
"cnt","1265","5"
"cnt","1265","6"
"obj","1265","36"
"obj","1265","1078"
"obj","1265","1230"
"cnt","1266","6"
"obj","1266","575"
"obj","1266","54"
"obj","1266","591"
"obj","1266","588"
"obj","1266","475"
"obj","1266","447"
"obj","1266","1267"
"obj","1267","1266"
"cnt","1267","6"
"cnt","1267","5"
"cnt","1267","12"
"cnt","1267","11"
"cnt","1267","26"
"cnt","1267","14"
"cnt","1267","13"
"cnt","1267","27"
"cnt","1268","27"
"cnt","1268","13"
"cnt","1268","14"
"cnt","1268","26"
"cnt","1268","6"
"cnt","1268","5"
"cnt","1268","12"
"cnt","1268","11"
"cnt","1270","5"
"cnt","1272","11"
"cnt","1272","26"
"cnt","1272","14"
"cnt","1272","13"
"cnt","1272","27"
"obj","1272","575"
"obj","1272","591"
"cnt","1273","27"
"cnt","1273","6"
"cnt","1273","12"
"cnt","1273","11"
"cnt","1273","26"
"cnt","1273","14"
"cnt","1273","13"
"obj","1274","1273"
"obj","1273","1274"
"obj","1275","599"
"obj","1275","609"
"cnt","1276","27"
"cnt","1276","13"
"cnt","1276","14"
"cnt","1276","26"
"cnt","1276","11"
"cnt","1276","12"
"cnt","1276","6"
"obj","1277","1223"
"cnt","1277","6"
"cnt","1277","5"
"cnt","1277","12"
"cnt","1277","11"
"cnt","1277","26"
"cnt","1277","14"
"cnt","1277","13"
"cnt","1277","27"
"obj","1223","1277"
"cnt","1278","27"
"cnt","1278","13"
"cnt","1278","14"
"cnt","1278","26"
"cnt","1278","11"
"cnt","1278","12"
"cnt","1278","5"
"cnt","1278","6"
"cnt","1281","27"
"cnt","1281","13"
"cnt","1281","14"
"cnt","1281","26"
"cnt","1281","11"
"cnt","1281","12"
"cnt","1281","5"
"cnt","1281","6"
"cnt","1283","6"
"cnt","1283","5"
"cnt","1283","12"
"cnt","1283","11"
"cnt","1283","26"
"cnt","1283","14"
"cnt","1283","13"
"cnt","1283","27"
"cnt","1284","5"
"cnt","1284","6"
"obj","1284","485"
"obj","1284","638"
"obj","1284","1310"
"obj","1284","448"
"obj","1284","367"
"obj","1284","597"
"cnt","1285","27"
"cnt","1285","13"
"cnt","1285","14"
"cnt","1285","26"
"cnt","1285","11"
"cnt","1285","12"
"cnt","1285","5"
"cnt","1285","6"
"obj","1285","907"
"obj","1285","418"
"obj","1285","449"
"obj","1285","446"
"obj","1285","1098"
"obj","1285","644"
"obj","1285","84"
"cnt","1286","27"
"cnt","1286","13"
"cnt","1286","14"
"cnt","1286","26"
"cnt","1286","11"
"cnt","1286","12"
"cnt","1286","5"
"cnt","1286","6"
"obj","1286","907"
"obj","1286","418"
"obj","1286","449"
"obj","1286","446"
"obj","1286","1098"
"obj","1286","644"
"obj","1286","84"
"obj","1286","1285"
"cnt","1287","13"
"cnt","1287","14"
"cnt","1287","11"
"cnt","1287","5"
"cnt","1287","6"
"cnt","1288","13"
"cnt","1288","14"
"cnt","1288","11"
"cnt","1288","5"
"cnt","1288","6"
"cnt","1289","6"
"cnt","1289","5"
"cnt","1289","11"
"cnt","1289","14"
"cnt","1289","13"
"cnt","1292","6"
"cnt","1292","5"
"cnt","1292","12"
"cnt","1292","11"
"cnt","1292","26"
"cnt","1292","14"
"cnt","1292","13"
"cnt","1292","27"
"cnt","1293","6"
"cnt","1293","5"
"cnt","1293","12"
"cnt","1293","11"
"cnt","1293","26"
"cnt","1293","14"
"cnt","1293","13"
"cnt","1293","27"
"cnt","1294","27"
"cnt","1294","13"
"cnt","1294","14"
"cnt","1294","26"
"cnt","1294","11"
"cnt","1294","12"
"cnt","1294","5"
"cnt","1294","6"
"cnt","1842","13"
"cnt","1842","6"
"cnt","1842","11"
"cnt","1841","13"
"cnt","1841","14"
"cnt","1841","11"
"cnt","1841","6"
"cnt","1840","27"
"cnt","1840","13"
"cnt","1840","11"
"cnt","1840","6"
"cnt","1839","13"
"cnt","1839","14"
"cnt","1839","6"
"cnt","1838","13"
"cnt","1838","27"
"cnt","1838","6"
"cnt","1296","5"
"cnt","1296","6"
"obj","1296","1206"
"obj","1296","439"
"obj","1296","586"
"obj","1296","72"
"obj","1296","479"
"obj","1296","71"
"cnt","1298","26"
"cnt","1298","11"
"cnt","1298","12"
"cnt","1298","5"
"cnt","1298","6"
"obj","1298","563"
"obj","1298","564"
"obj","1298","1293"
"cnt","1298","14"
"cnt","1298","13"
"cnt","1298","27"
"obj","1268","55"
"obj","1268","56"
"obj","1268","763"
"obj","1268","701"
"cnt","1226","6"
"cnt","1226","11"
"cnt","1226","13"
"cnt","1226","27"
"cnt","1272","12"
"cnt","1272","6"
"obj","1221","764"
"obj","1221","769"
"obj","1221","898"
"obj","1221","796"
"obj","1221","623"
"cnt","1218","11"
"cnt","1218","13"
"cnt","1218","27"
"cnt","1300","27"
"cnt","1300","13"
"cnt","1300","14"
"cnt","1300","26"
"cnt","1300","11"
"cnt","1300","12"
"cnt","1300","6"
"cnt","1301","26"
"cnt","1301","11"
"cnt","1301","12"
"cnt","1301","6"
"obj","1301","1305"
"obj","1301","597"
"obj","1301","1230"
"cnt","1302","6"
"cnt","1302","5"
"cnt","1302","12"
"cnt","1302","11"
"cnt","1302","26"
"cnt","1302","14"
"cnt","1302","13"
"cnt","1302","27"
"cnt","1303","6"
"cnt","1303","5"
"cnt","1303","11"
"cnt","1303","14"
"cnt","1303","13"
"cnt","1799","11"
"cnt","1799","6"
"cnt","1798","13"
"cnt","1798","6"
"cnt","1305","11"
"cnt","1305","12"
"cnt","1305","5"
"cnt","1305","6"
"obj","1305","655"
"obj","1305","597"
"obj","1305","1079"
"obj","1305","1265"
"cnt","1306","27"
"cnt","1306","13"
"cnt","1306","14"
"cnt","1306","26"
"cnt","1306","11"
"cnt","1306","12"
"cnt","1306","5"
"cnt","1306","6"
"cnt","1307","12"
"cnt","1307","5"
"cnt","1307","6"
"obj","1307","435"
"obj","1307","455"
"obj","1307","420"
"obj","1307","1302"
"obj","1307","634"
"cnt","1308","27"
"cnt","1308","13"
"cnt","1308","14"
"cnt","1308","26"
"cnt","1308","11"
"cnt","1308","12"
"cnt","1308","5"
"cnt","1308","6"
"cnt","1309","27"
"cnt","1309","13"
"cnt","1309","14"
"cnt","1309","26"
"cnt","1309","11"
"cnt","1309","12"
"cnt","1309","5"
"cnt","1309","6"
"cnt","1310","27"
"cnt","1310","13"
"cnt","1310","14"
"cnt","1310","26"
"cnt","1310","11"
"cnt","1310","12"
"cnt","1310","5"
"cnt","1310","6"
"cnt","1823","13"
"cnt","1823","11"
"cnt","1823","6"
"cnt","1822","13"
"cnt","1822","11"
"cnt","1822","6"
"cnt","1821","13"
"cnt","1821","11"
"cnt","1312","6"
"cnt","1312","5"
"cnt","1312","11"
"cnt","1312","14"
"cnt","1312","13"
"cnt","1313","6"
"cnt","1313","12"
"cnt","1313","11"
"cnt","1313","26"
"cnt","1313","14"
"cnt","1313","13"
"cnt","1313","27"
"cnt","1314","6"
"cnt","1314","5"
"cnt","1314","12"
"cnt","1314","11"
"cnt","1314","26"
"cnt","1314","14"
"cnt","1314","13"
"cnt","1314","27"
"cnt","1821","6"
"cnt","1820","27"
"cnt","1820","13"
"cnt","1307","11"
"cnt","1307","26"
"cnt","1307","14"
"cnt","1307","13"
"cnt","1307","27"
"cnt","1266","5"
"cnt","1266","12"
"cnt","1266","11"
"cnt","1266","26"
"cnt","1266","14"
"cnt","1266","13"
"cnt","1266","27"
"cnt","1305","26"
"cnt","1305","14"
"cnt","1305","13"
"cnt","1305","27"
"cnt","1301","14"
"cnt","1301","13"
"cnt","1301","27"
"cnt","1296","12"
"cnt","1296","11"
"cnt","1296","26"
"cnt","1296","14"
"cnt","1296","13"
"cnt","1296","27"
"cnt","1284","12"
"cnt","1284","11"
"cnt","1284","26"
"cnt","1284","14"
"cnt","1284","13"
"cnt","1284","27"
"cnt","1265","14"
"cnt","1265","13"
"cnt","1265","27"
"cnt","1184","6"
"obj","572","600"
"obj","572","545"
"obj","572","818"
"cnt","572","14"
"cnt","572","13"
"cnt","572","11"
"cnt","572","6"
"cnt","863","13"
"cnt","863","14"
"obj","866","868"
"obj","866","821"
"cnt","866","14"
"cnt","866","13"
"cnt","866","11"
"cnt","866","6"
"obj","611","1257"
"cnt","1316","6"
"cnt","1316","5"
"cnt","1316","12"
"cnt","1316","11"
"cnt","1316","26"
"cnt","1316","14"
"cnt","1316","13"
"cnt","1316","27"
"cnt","1317","27"
"cnt","1317","13"
"cnt","1317","14"
"cnt","1317","26"
"cnt","1317","11"
"cnt","1317","12"
"cnt","1317","5"
"cnt","1317","6"
"cnt","1318","6"
"cnt","1318","12"
"cnt","1318","11"
"cnt","1318","26"
"cnt","1318","14"
"cnt","1318","13"
"cnt","1318","27"
"cnt","1319","27"
"cnt","1319","13"
"cnt","1319","14"
"cnt","1319","26"
"cnt","1319","11"
"cnt","1319","12"
"cnt","1319","6"
"cnt","1321","27"
"cnt","1321","13"
"cnt","1321","14"
"cnt","1321","26"
"cnt","1321","11"
"cnt","1321","12"
"cnt","1321","6"
"cnt","1322","27"
"cnt","1322","13"
"cnt","1322","14"
"cnt","1322","26"
"cnt","1322","11"
"cnt","1322","12"
"cnt","1322","6"
"cnt","1323","6"
"cnt","1323","12"
"cnt","1323","11"
"cnt","1323","26"
"cnt","1323","14"
"cnt","1323","13"
"cnt","1323","27"
"cnt","1324","6"
"cnt","1324","12"
"cnt","1324","11"
"cnt","1324","26"
"cnt","1324","14"
"cnt","1324","13"
"cnt","1324","27"
"cnt","1325","6"
"cnt","1325","12"
"cnt","1325","11"
"cnt","1325","26"
"cnt","1325","14"
"cnt","1325","13"
"cnt","1325","27"
"cnt","1326","27"
"cnt","1326","13"
"cnt","1326","14"
"cnt","1326","26"
"cnt","1326","11"
"cnt","1326","12"
"cnt","1326","6"
"cnt","1327","6"
"cnt","1327","11"
"cnt","1327","14"
"cnt","1327","13"
"cnt","1328","13"
"cnt","1328","14"
"cnt","1328","11"
"cnt","1328","6"
"cnt","1329","6"
"cnt","1329","12"
"cnt","1329","11"
"cnt","1329","26"
"cnt","1329","14"
"cnt","1329","13"
"cnt","1329","27"
"cnt","1330","27"
"cnt","1330","13"
"cnt","1330","14"
"cnt","1330","26"
"cnt","1330","11"
"cnt","1330","12"
"cnt","1330","6"
"cnt","1331","27"
"cnt","1331","6"
"cnt","1331","12"
"cnt","1331","11"
"cnt","1331","26"
"cnt","1331","14"
"cnt","1331","13"
"cnt","1332","6"
"obj","1332","436"
"obj","1332","867"
"obj","1332","74"
"obj","1332","347"
"obj","1332","885"
"obj","1332","1408"
"cnt","1333","6"
"cnt","1333","12"
"cnt","1333","11"
"cnt","1333","26"
"cnt","1333","14"
"cnt","1333","13"
"cnt","1333","27"
"cnt","1334","6"
"cnt","1334","12"
"cnt","1334","11"
"cnt","1334","26"
"cnt","1334","14"
"cnt","1334","13"
"cnt","1334","27"
"cnt","1335","27"
"cnt","1335","13"
"cnt","1335","14"
"cnt","1335","26"
"cnt","1335","11"
"cnt","1335","12"
"cnt","1335","6"
"cnt","1336","27"
"cnt","1336","13"
"cnt","1336","14"
"cnt","1336","26"
"cnt","1336","11"
"cnt","1336","12"
"cnt","1336","6"
"cnt","1337","6"
"cnt","1337","12"
"cnt","1337","11"
"cnt","1337","26"
"cnt","1337","14"
"cnt","1337","13"
"cnt","1337","27"
"cnt","1338","6"
"cnt","1338","12"
"cnt","1338","11"
"cnt","1338","26"
"cnt","1338","14"
"cnt","1338","13"
"cnt","1338","27"
"cnt","1339","27"
"cnt","1339","13"
"cnt","1339","14"
"cnt","1339","26"
"cnt","1339","11"
"cnt","1339","12"
"cnt","1339","6"
"cnt","1340","27"
"cnt","1340","13"
"cnt","1340","14"
"cnt","1340","26"
"cnt","1340","11"
"cnt","1340","12"
"cnt","1340","6"
"cnt","1341","6"
"cnt","1341","12"
"cnt","1341","11"
"cnt","1341","26"
"cnt","1341","14"
"cnt","1341","13"
"cnt","1341","27"
"cnt","1342","6"
"cnt","1342","12"
"cnt","1342","11"
"cnt","1342","26"
"cnt","1342","14"
"cnt","1342","13"
"cnt","1342","27"
"cnt","1343","27"
"cnt","1343","13"
"cnt","1343","14"
"cnt","1343","26"
"cnt","1343","11"
"cnt","1343","12"
"cnt","1343","6"
"cnt","1345","27"
"cnt","1345","13"
"cnt","1345","14"
"cnt","1345","26"
"cnt","1345","11"
"cnt","1345","12"
"cnt","1345","6"
"cnt","1346","27"
"cnt","1346","13"
"cnt","1346","14"
"cnt","1346","26"
"cnt","1346","11"
"cnt","1346","12"
"cnt","1346","6"
"cnt","1347","6"
"cnt","1347","11"
"cnt","1347","26"
"cnt","1347","14"
"cnt","1347","13"
"cnt","1347","27"
"obj","1348","40"
"obj","1348","706"
"obj","1348","587"
"obj","1348","708"
"obj","1348","939"
"obj","1348","759"
"obj","1348","761"
"cnt","1349","6"
"cnt","1349","12"
"cnt","1349","11"
"cnt","1349","26"
"cnt","1349","14"
"cnt","1349","13"
"cnt","1349","27"
"cnt","1350","27"
"cnt","1350","13"
"cnt","1350","14"
"cnt","1350","26"
"cnt","1350","11"
"cnt","1350","12"
"cnt","1350","6"
"cnt","1351","13"
"cnt","1351","14"
"cnt","1351","11"
"cnt","1351","6"
"cnt","1352","13"
"cnt","1352","6"
"cnt","1352","11"
"cnt","1352","14"
"cnt","1353","6"
"cnt","1353","11"
"cnt","1353","14"
"cnt","1353","13"
"cnt","1354","13"
"cnt","1354","14"
"cnt","1354","11"
"cnt","1354","6"
"cnt","1355","6"
"cnt","1355","11"
"cnt","1355","14"
"cnt","1355","13"
"cnt","1368","27"
"cnt","1368","13"
"cnt","1368","14"
"cnt","1368","26"
"cnt","1368","11"
"cnt","1368","12"
"cnt","1368","6"
"cnt","1369","27"
"cnt","1369","13"
"cnt","1369","14"
"cnt","1369","26"
"cnt","1369","11"
"cnt","1369","12"
"cnt","1369","6"
"cnt","1370","27"
"cnt","1370","13"
"cnt","1370","14"
"cnt","1370","26"
"cnt","1370","11"
"cnt","1370","12"
"cnt","1370","6"
"cnt","1371","27"
"cnt","1371","13"
"cnt","1371","14"
"cnt","1371","26"
"cnt","1371","11"
"cnt","1371","12"
"cnt","1371","6"
"cnt","1372","6"
"cnt","1372","12"
"cnt","1372","11"
"cnt","1372","26"
"cnt","1372","14"
"cnt","1372","13"
"cnt","1372","27"
"cnt","1373","6"
"cnt","1373","5"
"cnt","1373","27"
"cnt","1373","13"
"cnt","1373","14"
"cnt","1373","26"
"cnt","1373","11"
"cnt","1373","12"
"cnt","1374","27"
"cnt","1374","13"
"cnt","1374","14"
"cnt","1374","26"
"cnt","1374","11"
"cnt","1374","12"
"cnt","1374","5"
"cnt","1374","6"
"cnt","1375","27"
"cnt","1375","13"
"cnt","1375","14"
"cnt","1375","26"
"cnt","1375","11"
"cnt","1375","12"
"cnt","1375","6"
"cnt","1376","6"
"obj","1376","885"
"obj","1376","888"
"obj","1376","1408"
"obj","1376","1206"
"obj","1376","439"
"obj","1376","586"
"cnt","1377","27"
"cnt","1377","13"
"cnt","1377","14"
"cnt","1377","26"
"cnt","1377","11"
"cnt","1377","12"
"cnt","1377","6"
"cnt","1378","27"
"cnt","1378","13"
"cnt","1378","14"
"cnt","1378","26"
"cnt","1378","11"
"cnt","1378","12"
"cnt","1378","6"
"cnt","1379","27"
"cnt","1379","13"
"cnt","1379","14"
"cnt","1379","26"
"cnt","1379","11"
"cnt","1379","12"
"cnt","1379","6"
"cnt","1380","27"
"cnt","1380","13"
"cnt","1380","14"
"cnt","1380","26"
"cnt","1380","11"
"cnt","1380","12"
"cnt","1380","6"
"cnt","1381","6"
"cnt","1381","12"
"cnt","1381","11"
"cnt","1381","26"
"cnt","1381","14"
"cnt","1381","13"
"cnt","1381","27"
"cnt","1382","27"
"cnt","1382","13"
"cnt","1382","14"
"cnt","1382","26"
"cnt","1382","11"
"cnt","1382","12"
"cnt","1382","6"
"cnt","1383","27"
"cnt","1383","13"
"cnt","1383","14"
"cnt","1383","26"
"cnt","1383","11"
"cnt","1383","12"
"cnt","1383","6"
"cnt","1384","27"
"cnt","1384","13"
"cnt","1384","14"
"cnt","1384","26"
"cnt","1384","11"
"cnt","1384","12"
"cnt","1384","6"
"cnt","1385","6"
"cnt","1385","12"
"cnt","1385","11"
"cnt","1385","26"
"cnt","1385","14"
"cnt","1385","13"
"cnt","1385","27"
"cnt","1386","6"
"cnt","1386","12"
"cnt","1386","11"
"cnt","1386","26"
"cnt","1386","14"
"cnt","1386","13"
"cnt","1386","27"
"cnt","1387","27"
"obj","1387","105"
"obj","1387","104"
"obj","1387","103"
"obj","1387","1063"
"obj","1387","869"
"obj","1387","1071"
"cnt","1388","27"
"cnt","1388","13"
"cnt","1388","14"
"cnt","1388","26"
"cnt","1388","11"
"cnt","1388","12"
"cnt","1388","6"
"cnt","1389","27"
"cnt","1389","13"
"cnt","1389","14"
"cnt","1389","26"
"cnt","1389","11"
"cnt","1389","12"
"cnt","1389","6"
"cnt","1390","27"
"cnt","1390","13"
"cnt","1390","14"
"cnt","1390","26"
"cnt","1390","11"
"cnt","1390","12"
"cnt","1390","6"
"cnt","1391","27"
"cnt","1391","13"
"cnt","1391","14"
"cnt","1391","26"
"cnt","1391","11"
"cnt","1391","12"
"cnt","1391","6"
"cnt","1392","13"
"cnt","1392","14"
"cnt","1392","26"
"cnt","1392","11"
"cnt","1392","12"
"cnt","1392","6"
"obj","1392","567"
"cnt","1393","6"
"cnt","1393","12"
"cnt","1393","11"
"cnt","1393","26"
"cnt","1393","14"
"cnt","1393","13"
"cnt","1393","27"
"cnt","1394","27"
"cnt","1394","13"
"cnt","1394","14"
"cnt","1394","26"
"cnt","1394","11"
"cnt","1394","12"
"cnt","1394","6"
"cnt","1395","27"
"cnt","1395","13"
"cnt","1395","14"
"cnt","1395","26"
"cnt","1395","11"
"cnt","1395","12"
"cnt","1395","6"
"cnt","1396","27"
"cnt","1396","13"
"cnt","1396","14"
"cnt","1396","26"
"cnt","1396","11"
"cnt","1396","12"
"cnt","1396","6"
"cnt","1397","27"
"cnt","1397","13"
"cnt","1397","14"
"cnt","1397","26"
"cnt","1397","11"
"cnt","1397","12"
"cnt","1397","6"
"cnt","1398","27"
"cnt","1398","13"
"cnt","1398","14"
"cnt","1398","26"
"cnt","1398","11"
"cnt","1398","12"
"cnt","1398","6"
"cnt","1399","6"
"cnt","1399","12"
"cnt","1399","11"
"cnt","1399","26"
"cnt","1399","14"
"cnt","1399","13"
"cnt","1399","27"
"cnt","1400","27"
"cnt","1400","13"
"cnt","1400","14"
"cnt","1400","6"
"cnt","1400","12"
"cnt","1400","11"
"cnt","1400","26"
"cnt","1401","27"
"cnt","1401","13"
"cnt","1401","14"
"cnt","1401","26"
"cnt","1401","11"
"cnt","1401","12"
"cnt","1401","6"
"cnt","1402","27"
"cnt","1402","13"
"cnt","1402","14"
"cnt","1402","26"
"cnt","1402","11"
"cnt","1402","12"
"cnt","1402","6"
"cnt","1403","27"
"cnt","1403","13"
"cnt","1403","14"
"cnt","1403","26"
"cnt","1403","11"
"cnt","1403","12"
"cnt","1403","6"
"cnt","1404","13"
"cnt","1404","27"
"obj","1404","875"
"obj","1404","812"
"obj","1404","819"
"obj","1404","866"
"obj","1404","1382"
"cnt","1405","27"
"cnt","1405","13"
"cnt","1405","14"
"cnt","1405","26"
"cnt","1405","11"
"cnt","1405","12"
"cnt","1405","6"
"cnt","1406","27"
"cnt","1406","13"
"cnt","1406","14"
"cnt","1406","26"
"cnt","1406","11"
"cnt","1406","12"
"cnt","1406","5"
"cnt","1406","6"
"cnt","1407","6"
"cnt","1407","12"
"cnt","1407","11"
"cnt","1407","26"
"cnt","1407","14"
"cnt","1407","13"
"cnt","1407","27"
"cnt","1408","12"
"cnt","1408","6"
"obj","1408","940"
"obj","1408","583"
"obj","1408","1060"
"obj","1408","1062"
"obj","1408","1068"
"cnt","1409","13"
"cnt","1409","14"
"cnt","1409","11"
"cnt","1409","6"
"cnt","1410","27"
"cnt","1410","13"
"cnt","1410","14"
"cnt","1410","26"
"cnt","1410","11"
"cnt","1410","12"
"cnt","1410","6"
"cnt","1411","6"
"cnt","1411","12"
"cnt","1411","11"
"cnt","1411","26"
"cnt","1411","14"
"cnt","1411","13"
"cnt","1411","27"
"cnt","1412","6"
"cnt","1412","12"
"cnt","1412","11"
"cnt","1412","26"
"cnt","1412","14"
"cnt","1412","13"
"cnt","1412","27"
"cnt","1413","27"
"cnt","1413","13"
"cnt","1413","14"
"cnt","1413","26"
"cnt","1413","11"
"cnt","1413","12"
"cnt","1413","6"
"cnt","1414","6"
"cnt","1414","12"
"cnt","1414","11"
"cnt","1414","26"
"cnt","1414","14"
"cnt","1414","13"
"cnt","1414","27"
"obj","1400","447"
"obj","1400","475"
"obj","1400","452"
"cnt","1392","27"
"cnt","1171","14"
"cnt","1171","11"
"cnt","1171","6"
"cnt","1348","6"
"cnt","1348","12"
"cnt","1348","11"
"cnt","1348","26"
"cnt","1348","14"
"cnt","1348","13"
"cnt","1348","27"
"cnt","1408","11"
"cnt","1408","26"
"cnt","1408","14"
"cnt","1408","13"
"cnt","1408","27"
"cnt","1376","12"
"cnt","1376","11"
"cnt","1376","26"
"cnt","1376","14"
"cnt","1376","13"
"cnt","1376","27"
"cnt","1332","12"
"cnt","1332","11"
"cnt","1332","26"
"cnt","1332","14"
"cnt","1332","13"
"cnt","1332","27"
"obj","1331","1241"
"obj","1373","1374"
"obj","1373","852"
"cnt","1829","13"
"cnt","1829","27"
"cnt","1417","27"
"cnt","1417","13"
"cnt","1417","14"
"cnt","1417","11"
"cnt","1417","6"
"cnt","1417","12"
"obj","1418","1060"
"obj","1418","1062"
"obj","1418","1068"
"obj","1418","1265"
"obj","1418","1078"
"cnt","1419","27"
"cnt","1419","13"
"cnt","1419","14"
"cnt","1419","11"
"cnt","1419","6"
"cnt","1420","6"
"cnt","1420","11"
"cnt","1420","14"
"cnt","1420","13"
"cnt","1420","27"
"cnt","1421","27"
"cnt","1421","13"
"cnt","1421","14"
"cnt","1421","11"
"cnt","1421","6"
"cnt","1422","27"
"cnt","1422","13"
"cnt","1422","14"
"cnt","1422","11"
"cnt","1422","6"
"cnt","1423","27"
"cnt","1423","13"
"cnt","1423","14"
"cnt","1423","11"
"cnt","1423","6"
"cnt","1424","6"
"cnt","1424","5"
"cnt","1424","11"
"cnt","1424","14"
"cnt","1424","13"
"cnt","1424","27"
"cnt","1425","27"
"cnt","1425","13"
"cnt","1425","14"
"cnt","1425","11"
"cnt","1425","6"
"cnt","1426","27"
"cnt","1426","13"
"cnt","1426","14"
"cnt","1426","11"
"cnt","1426","6"
"cnt","1427","27"
"cnt","1427","13"
"cnt","1427","14"
"cnt","1427","11"
"cnt","1427","6"
"cnt","1428","6"
"cnt","1428","11"
"cnt","1428","14"
"cnt","1428","13"
"cnt","1428","27"
"obj","1428","1427"
"cnt","1429","6"
"cnt","1429","11"
"cnt","1429","14"
"cnt","1429","13"
"cnt","1429","27"
"cnt","1430","6"
"cnt","1430","11"
"cnt","1430","14"
"cnt","1430","13"
"cnt","1430","27"
"cnt","1431","27"
"cnt","1431","13"
"cnt","1431","14"
"cnt","1431","11"
"cnt","1431","6"
"cnt","1432","27"
"cnt","1432","13"
"cnt","1432","14"
"cnt","1432","11"
"cnt","1432","6"
"cnt","1433","27"
"cnt","1433","13"
"cnt","1433","14"
"cnt","1433","11"
"cnt","1433","6"
"cnt","1434","6"
"cnt","1434","11"
"cnt","1434","14"
"cnt","1434","13"
"cnt","1434","27"
"obj","1434","1428"
"obj","1434","1427"
"cnt","1435","27"
"cnt","1435","13"
"cnt","1435","14"
"cnt","1435","11"
"cnt","1435","6"
"cnt","1436","6"
"cnt","1436","11"
"cnt","1436","14"
"cnt","1436","13"
"cnt","1436","27"
"cnt","1437","27"
"cnt","1437","13"
"cnt","1437","14"
"cnt","1437","11"
"cnt","1437","6"
"obj","1437","1436"
"cnt","1438","27"
"cnt","1438","13"
"cnt","1438","11"
"cnt","1438","6"
"cnt","1439","27"
"cnt","1439","13"
"cnt","1439","14"
"cnt","1439","11"
"cnt","1439","6"
"cnt","1440","27"
"cnt","1440","13"
"cnt","1440","14"
"cnt","1440","11"
"cnt","1440","6"
"obj","1440","1433"
"cnt","1441","27"
"cnt","1441","13"
"cnt","1441","14"
"cnt","1441","11"
"cnt","1441","6"
"cnt","1442","6"
"cnt","1442","11"
"cnt","1442","14"
"cnt","1442","13"
"cnt","1442","27"
"cnt","1443","6"
"cnt","1443","11"
"cnt","1443","14"
"cnt","1443","13"
"cnt","1443","27"
"cnt","1418","6"
"cnt","1418","11"
"cnt","1418","14"
"cnt","1418","13"
"cnt","1418","27"
"cnt","1387","13"
"cnt","1387","14"
"cnt","1387","26"
"cnt","1387","11"
"cnt","1387","12"
"cnt","1387","6"
"cnt","1404","14"
"cnt","1404","26"
"cnt","1404","11"
"cnt","1404","12"
"cnt","1404","6"
"obj","1442","16"
"obj","1442","857"
"obj","1442","903"
"obj","1442","1085"
"obj","1352","1351"
"obj","1351","925"
"obj","1351","1352"
"obj","1351","749"
"obj","1351","174"
"obj","1351","180"
"obj","1354","729"
"obj","1354","150"
"obj","1354","735"
"obj","1354","789"
"obj","1354","154"
"obj","164","359"
"obj","164","1214"
"obj","164","243"
"obj","164","244"
"cnt","1245","13"
"cnt","1245","27"
"obj","1235","358"
"obj","1235","1430"
"obj","1235","1062"
"obj","1235","731"
"obj","1235","697"
"obj","1193","144"
"obj","1193","935"
"obj","1193","810"
"obj","335","174"
"obj","335","353"
"obj","335","336"
"obj","335","171"
"obj","335","1144"
"obj","916","180"
"obj","916","925"
"obj","742","181"
"obj","742","789"
"obj","742","736"
"obj","742","354"
"cnt","1444","6"
"cnt","1444","11"
"cnt","1444","14"
"cnt","1444","13"
"cnt","1446","13"
"cnt","1446","14"
"cnt","1446","11"
"cnt","1446","5"
"cnt","1447","13"
"cnt","1447","14"
"cnt","1447","11"
"cnt","1447","6"
"cnt","1449","13"
"cnt","1449","14"
"cnt","1449","11"
"cnt","1449","6"
"cnt","1452","6"
"cnt","1452","11"
"cnt","1452","14"
"cnt","1452","13"
"cnt","1453","5"
"cnt","1453","11"
"cnt","1453","13"
"cnt","1453","27"
"cnt","1454","27"
"cnt","1454","13"
"cnt","1454","11"
"cnt","1454","5"
"cnt","1455","13"
"cnt","1455","14"
"cnt","1455","11"
"cnt","1455","6"
"cnt","1456","13"
"cnt","1456","6"
"cnt","1456","11"
"cnt","1456","14"
"cnt","1457","6"
"cnt","1457","11"
"cnt","1457","13"
"cnt","1458","6"
"cnt","1458","11"
"cnt","1458","13"
"cnt","1459","6"
"cnt","1459","11"
"cnt","1459","13"
"cnt","1460","13"
"cnt","1460","11"
"cnt","1460","6"
"cnt","1461","13"
"cnt","1461","11"
"cnt","1461","6"
"cnt","1462","13"
"cnt","1462","11"
"cnt","1462","6"
"cnt","1463","13"
"cnt","1463","11"
"cnt","1463","6"
"cnt","1464","13"
"cnt","1464","14"
"cnt","1464","11"
"cnt","1464","6"
"cnt","1465","6"
"cnt","1465","11"
"cnt","1465","14"
"cnt","1465","13"
"cnt","1468","13"
"cnt","1468","14"
"cnt","1468","11"
"cnt","1468","6"
"cnt","1469","13"
"cnt","1469","14"
"cnt","1469","11"
"cnt","1469","5"
"cnt","1469","6"
"cnt","1470","13"
"cnt","1470","14"
"cnt","1470","11"
"cnt","1470","6"
"cnt","1472","13"
"cnt","1472","11"
"cnt","1472","6"
"cnt","1473","6"
"cnt","1473","11"
"cnt","1473","13"
"cnt","1474","6"
"cnt","1474","11"
"cnt","1474","14"
"cnt","1474","13"
"cnt","1476","6"
"cnt","1476","11"
"cnt","1476","14"
"cnt","1476","13"
"cnt","1477","6"
"cnt","1477","11"
"cnt","1477","13"
"cnt","1478","6"
"cnt","1478","12"
"cnt","1478","11"
"cnt","1478","14"
"cnt","1478","13"
"cnt","1478","27"
"cnt","1479","13"
"cnt","1479","14"
"cnt","1479","11"
"cnt","1479","6"
"cnt","1479","27"
"cnt","1811","11"
"cnt","1811","6"
"cnt","1810","13"
"cnt","1810","6"
"cnt","1809","6"
"cnt","1481","6"
"cnt","1481","11"
"cnt","1481","26"
"cnt","1481","14"
"cnt","1481","13"
"cnt","1481","27"
"cnt","1482","6"
"cnt","1482","11"
"cnt","1482","13"
"cnt","1482","27"
"cnt","1483","27"
"cnt","1483","13"
"cnt","1483","14"
"cnt","1483","11"
"cnt","1483","6"
"cnt","1484","27"
"cnt","1484","13"
"cnt","1484","14"
"cnt","1484","11"
"cnt","1484","6"
"cnt","1485","6"
"cnt","1485","11"
"cnt","1485","13"
"cnt","1485","27"
"cnt","1486","6"
"cnt","1486","11"
"cnt","1486","14"
"cnt","1486","13"
"cnt","1486","27"
"cnt","1487","27"
"cnt","1487","13"
"cnt","1487","11"
"cnt","1487","6"
"cnt","1488","6"
"cnt","1488","11"
"cnt","1488","13"
"cnt","1488","27"
"cnt","1489","6"
"cnt","1489","11"
"cnt","1489","14"
"cnt","1489","13"
"cnt","1489","27"
"cnt","1490","6"
"cnt","1490","11"
"cnt","1490","13"
"cnt","1490","27"
"cnt","1491","27"
"cnt","1491","13"
"cnt","1491","14"
"cnt","1491","11"
"cnt","1491","6"
"cnt","1492","27"
"cnt","1492","13"
"cnt","1492","14"
"cnt","1492","11"
"cnt","1492","6"
"cnt","1493","6"
"cnt","1493","11"
"cnt","1493","14"
"cnt","1493","13"
"cnt","1493","27"
"cnt","1494","6"
"cnt","1494","11"
"cnt","1494","14"
"cnt","1494","13"
"cnt","1494","27"
"cnt","1495","6"
"cnt","1495","12"
"cnt","1495","11"
"cnt","1495","26"
"cnt","1495","14"
"cnt","1495","13"
"cnt","1495","27"
"cnt","1496","6"
"cnt","1496","11"
"cnt","1496","13"
"cnt","1496","27"
"cnt","1497","27"
"cnt","1497","13"
"cnt","1497","11"
"cnt","1497","6"
"cnt","1498","6"
"cnt","1498","11"
"cnt","1498","13"
"cnt","1498","27"
"cnt","1499","6"
"cnt","1499","11"
"cnt","1499","14"
"cnt","1499","13"
"cnt","1499","27"
"cnt","1500","27"
"cnt","1500","13"
"cnt","1500","14"
"cnt","1500","11"
"cnt","1500","6"
"cnt","1501","6"
"cnt","1501","11"
"cnt","1501","14"
"cnt","1501","13"
"cnt","1501","27"
"cnt","1502","6"
"cnt","1502","11"
"cnt","1502","14"
"cnt","1502","13"
"cnt","1503","6"
"cnt","1503","11"
"cnt","1503","26"
"cnt","1503","14"
"cnt","1503","13"
"cnt","1503","27"
"cnt","1504","6"
"cnt","1504","11"
"cnt","1504","14"
"cnt","1504","13"
"cnt","1505","6"
"cnt","1505","12"
"cnt","1505","11"
"cnt","1505","26"
"cnt","1505","14"
"cnt","1505","13"
"cnt","1505","27"
"cnt","1506","6"
"cnt","1506","12"
"cnt","1506","11"
"cnt","1506","26"
"cnt","1506","14"
"cnt","1506","13"
"cnt","1506","27"
"cnt","1507","6"
"cnt","1507","11"
"cnt","1507","13"
"cnt","1507","27"
"cnt","1508","6"
"cnt","1508","11"
"cnt","1508","13"
"cnt","1508","27"
"cnt","1509","13"
"cnt","1509","14"
"cnt","1509","11"
"cnt","1509","6"
"cnt","1511","6"
"cnt","1511","11"
"cnt","1511","13"
"cnt","1511","27"
"cnt","1512","13"
"cnt","1512","14"
"cnt","1512","11"
"cnt","1512","6"
"cnt","1513","6"
"cnt","1513","11"
"cnt","1513","13"
"cnt","1513","27"
"cnt","1514","13"
"cnt","1514","11"
"cnt","1514","6"
"cnt","1515","13"
"cnt","1515","11"
"cnt","1515","6"
"cnt","1516","13"
"cnt","1516","11"
"cnt","1516","6"
"cnt","1517","6"
"cnt","1517","11"
"cnt","1517","14"
"cnt","1517","13"
"cnt","1517","27"
"cnt","1527","6"
"cnt","1527","13"
"obj","1527","676"
"obj","1527","624"
"obj","1527","1154"
"obj","1527","1057"
"obj","1527","670"
"obj","1528","665"
"obj","1528","666"
"obj","1528","668"
"cnt","1528","6"
"cnt","1528","13"
"obj","1529","671"
"obj","1529","666"
"obj","1529","791"
"cnt","1529","13"
"cnt","1529","6"
"obj","1530","624"
"obj","1530","1527"
"obj","1530","1057"
"obj","1530","670"
"cnt","1530","6"
"cnt","1530","13"
"obj","1531","229"
"obj","1531","682"
"cnt","1531","6"
"cnt","1531","13"
"obj","1532","791"
"obj","1532","671"
"obj","1532","651"
"obj","1532","675"
"cnt","1532","6"
"cnt","1532","13"
"cnt","1533","27"
"cnt","1533","13"
"cnt","1533","14"
"cnt","1533","11"
"cnt","1533","6"
"cnt","1534","27"
"cnt","1534","13"
"cnt","1534","14"
"cnt","1534","26"
"cnt","1534","11"
"cnt","1534","12"
"cnt","1534","6"
"cnt","1535","27"
"cnt","1535","13"
"cnt","1535","11"
"cnt","1535","6"
"cnt","1536","13"
"cnt","1536","14"
"cnt","1536","6"
"cnt","1537","13"
"cnt","1537","14"
"cnt","1537","6"
"cnt","1538","13"
"cnt","1538","6"
"cnt","1539","13"
"cnt","1539","14"
"cnt","1539","6"
"cnt","1540","6"
"cnt","1540","13"
"obj","1198","830"
"obj","1198","403"
"obj","1198","369"
"obj","1198","391"
"obj","1198","822"
"obj","1198","824"
"obj","1198","698"
"obj","1198","831"
"obj","1198","1190"
"obj","1198","1183"
"obj","1198","441"
"obj","1198","1205"
"obj","1198","829"
"obj","1198","849"
"obj","1198","395"
"obj","1198","393"
"obj","1198","828"
"obj","1198","445"
"cnt","1808","13"
"cnt","1808","11"
"cnt","1808","6"
"cnt","1807","6"
"obj","1194","390"
"obj","1194","822"
"obj","1194","824"
"obj","1194","389"
"obj","1194","391"
"obj","1194","823"
"obj","1194","1207"
"obj","1194","369"
"obj","1194","830"
"cnt","1541","6"
"cnt","1541","11"
"cnt","1541","13"
"cnt","1541","27"
"cnt","1542","27"
"cnt","1542","13"
"cnt","1542","11"
"cnt","1542","6"
"cnt","1543","27"
"cnt","1543","13"
"cnt","1543","11"
"cnt","1543","6"
"obj","1544","1543"
"cnt","1544","6"
"cnt","1544","11"
"cnt","1544","13"
"cnt","1544","27"
"cnt","1545","27"
"cnt","1545","13"
"cnt","1545","11"
"cnt","1545","6"
"cnt","1546","27"
"cnt","1546","13"
"cnt","1546","11"
"cnt","1546","6"
"cnt","1547","6"
"cnt","1547","11"
"cnt","1547","13"
"cnt","1547","27"
"cnt","1548","27"
"cnt","1548","13"
"cnt","1548","11"
"cnt","1548","6"
"cnt","1549","27"
"cnt","1549","13"
"cnt","1549","11"
"cnt","1549","6"
"cnt","1550","6"
"cnt","1550","11"
"cnt","1550","13"
"cnt","1550","27"
"cnt","1551","27"
"cnt","1551","13"
"cnt","1551","11"
"cnt","1551","6"
"cnt","1552","27"
"cnt","1552","13"
"cnt","1552","11"
"cnt","1552","6"
"cnt","1553","27"
"cnt","1553","13"
"cnt","1553","11"
"cnt","1553","6"
"cnt","1554","6"
"cnt","1554","11"
"cnt","1554","13"
"cnt","1554","27"
"cnt","1555","6"
"cnt","1555","11"
"cnt","1555","13"
"cnt","1555","27"
"cnt","1556","6"
"cnt","1556","11"
"cnt","1556","13"
"cnt","1556","27"
"cnt","1557","27"
"cnt","1557","13"
"cnt","1557","11"
"cnt","1557","6"
"cnt","1558","6"
"cnt","1558","11"
"cnt","1558","13"
"cnt","1558","27"
"cnt","1559","6"
"cnt","1559","11"
"cnt","1559","13"
"cnt","1559","27"
"cnt","1560","27"
"cnt","1560","13"
"cnt","1560","11"
"cnt","1560","6"
"cnt","1561","6"
"cnt","1561","11"
"cnt","1561","13"
"cnt","1561","27"
"cnt","1562","6"
"cnt","1562","11"
"cnt","1562","13"
"cnt","1562","27"
"cnt","1563","27"
"cnt","1563","13"
"cnt","1563","11"
"cnt","1563","6"
"cnt","1564","6"
"cnt","1564","11"
"cnt","1564","13"
"cnt","1564","27"
"cnt","1565","27"
"cnt","1565","13"
"cnt","1565","11"
"cnt","1565","6"
"cnt","1566","6"
"cnt","1566","11"
"cnt","1566","13"
"cnt","1566","27"
"cnt","1567","6"
"cnt","1567","11"
"cnt","1567","13"
"cnt","1567","27"
"cnt","1568","6"
"cnt","1568","11"
"cnt","1568","13"
"cnt","1568","27"
"cnt","1569","6"
"cnt","1569","11"
"cnt","1569","13"
"cnt","1569","27"
"cnt","1570","6"
"cnt","1570","11"
"cnt","1570","13"
"cnt","1570","27"
"cnt","1571","6"
"cnt","1571","11"
"cnt","1571","13"
"cnt","1571","27"
"cnt","1572","6"
"cnt","1572","11"
"cnt","1572","13"
"cnt","1572","27"
"cnt","1573","6"
"cnt","1573","11"
"cnt","1573","13"
"cnt","1573","27"
"cnt","1574","27"
"cnt","1574","13"
"cnt","1574","11"
"cnt","1574","6"
"cnt","1575","27"
"cnt","1575","13"
"cnt","1575","11"
"cnt","1575","6"
"cnt","1576","27"
"cnt","1576","13"
"cnt","1576","11"
"cnt","1576","6"
"cnt","1577","6"
"cnt","1577","11"
"cnt","1577","13"
"cnt","1577","27"
"cnt","1578","6"
"cnt","1578","11"
"cnt","1578","13"
"cnt","1578","27"
"cnt","1579","6"
"cnt","1579","11"
"cnt","1579","13"
"cnt","1579","27"
"cnt","1580","5"
"cnt","1580","11"
"cnt","1580","13"
"cnt","1580","27"
"cnt","1581","6"
"cnt","1581","11"
"cnt","1581","13"
"cnt","1581","27"
"cnt","1583","27"
"cnt","1583","13"
"cnt","1583","11"
"cnt","1583","6"
"cnt","1584","27"
"cnt","1584","13"
"cnt","1584","11"
"cnt","1584","6"
"cnt","1585","6"
"cnt","1585","11"
"cnt","1585","13"
"cnt","1585","27"
"cnt","1587","6"
"cnt","1587","11"
"cnt","1587","13"
"cnt","1587","27"
"cnt","1588","6"
"cnt","1588","11"
"cnt","1588","13"
"cnt","1588","27"
"cnt","1589","6"
"cnt","1589","11"
"cnt","1589","13"
"cnt","1589","27"
"cnt","1590","27"
"cnt","1590","13"
"cnt","1590","11"
"cnt","1590","6"
"cnt","1591","6"
"cnt","1591","11"
"cnt","1591","13"
"cnt","1591","27"
"cnt","1592","6"
"cnt","1592","11"
"cnt","1592","13"
"cnt","1592","27"
"cnt","1594","6"
"cnt","1594","11"
"cnt","1594","13"
"cnt","1594","27"
"cnt","1595","6"
"cnt","1595","11"
"cnt","1595","13"
"cnt","1595","27"
"cnt","1596","6"
"cnt","1596","11"
"cnt","1596","13"
"cnt","1596","27"
"cnt","1597","27"
"cnt","1597","13"
"cnt","1597","11"
"cnt","1597","6"
"cnt","1598","13"
"cnt","1598","11"
"cnt","1598","6"
"obj","1598","1599"
"obj","1599","1598"
"cnt","1599","6"
"cnt","1599","11"
"cnt","1599","13"
"cnt","1599","27"
"cnt","1598","27"
"cnt","1603","27"
"cnt","1603","13"
"cnt","1603","11"
"cnt","1603","6"
"cnt","1604","27"
"cnt","1604","13"
"cnt","1604","11"
"cnt","1604","6"
"cnt","1605","6"
"cnt","1605","11"
"cnt","1605","13"
"cnt","1606","6"
"cnt","1606","11"
"cnt","1606","13"
"cnt","1606","27"
"cnt","1608","13"
"cnt","1608","14"
"cnt","1608","6"
"cnt","1609","6"
"cnt","1609","11"
"cnt","1609","13"
"cnt","1609","27"
"cnt","1610","27"
"cnt","1610","13"
"cnt","1610","11"
"cnt","1610","6"
"cnt","1611","6"
"cnt","1611","11"
"cnt","1611","13"
"cnt","1611","27"
"cnt","1612","27"
"cnt","1612","13"
"cnt","1612","11"
"cnt","1612","12"
"cnt","1612","6"
"cnt","1613","27"
"cnt","1613","13"
"cnt","1613","11"
"cnt","1613","6"
"cnt","1617","27"
"cnt","1617","13"
"cnt","1617","11"
"cnt","1617","6"
"cnt","1618","27"
"cnt","1618","13"
"cnt","1618","11"
"cnt","1618","6"
"cnt","1619","6"
"cnt","1619","11"
"cnt","1619","13"
"cnt","1619","27"
"cnt","1620","27"
"cnt","1620","13"
"cnt","1620","11"
"cnt","1620","6"
"cnt","1621","6"
"cnt","1621","11"
"cnt","1621","13"
"cnt","1622","27"
"cnt","1622","13"
"cnt","1622","11"
"cnt","1622","6"
"cnt","1623","27"
"cnt","1623","13"
"cnt","1623","11"
"cnt","1623","6"
"cnt","1624","6"
"cnt","1624","11"
"cnt","1624","13"
"cnt","1624","27"
"obj","1625","1623"
"cnt","1625","6"
"cnt","1625","11"
"cnt","1625","13"
"cnt","1625","27"
"cnt","1626","27"
"cnt","1626","13"
"cnt","1626","11"
"cnt","1626","6"
"cnt","1627","27"
"cnt","1627","13"
"cnt","1627","11"
"cnt","1627","6"
"obj","1627","1623"
"obj","1627","1625"
"cnt","1628","27"
"cnt","1628","13"
"cnt","1628","11"
"cnt","1628","6"
"obj","1628","1627"
"obj","1628","1626"
"cnt","1629","12"
"cnt","1629","27"
"cnt","1629","13"
"cnt","1629","11"
"cnt","1629","6"
"obj","1629","1626"
"obj","1629","1628"
"cnt","1630","6"
"cnt","1630","12"
"cnt","1630","11"
"cnt","1630","14"
"cnt","1630","13"
"cnt","1630","27"
"cnt","1631","27"
"cnt","1631","13"
"cnt","1631","6"
"cnt","1631","12"
"cnt","1631","11"
"cnt","1631","26"
"cnt","1631","14"
"obj","1632","1628"
"obj","1632","1629"
"obj","1632","1626"
"cnt","1632","6"
"cnt","1632","12"
"cnt","1632","11"
"cnt","1632","26"
"cnt","1632","14"
"cnt","1632","13"
"cnt","1632","27"
"cnt","1633","6"
"cnt","1633","12"
"cnt","1633","11"
"cnt","1633","26"
"cnt","1633","14"
"cnt","1633","13"
"cnt","1633","27"
"cnt","1634","6"
"cnt","1634","12"
"cnt","1634","11"
"cnt","1634","26"
"cnt","1634","14"
"cnt","1634","13"
"cnt","1634","27"
"obj","1635","1627"
"obj","1635","1623"
"cnt","1635","6"
"cnt","1635","12"
"cnt","1635","11"
"cnt","1635","26"
"cnt","1635","14"
"cnt","1635","13"
"cnt","1635","27"
"cnt","1636","5"
"cnt","1637","6"
"cnt","1637","12"
"cnt","1637","11"
"cnt","1637","26"
"cnt","1637","14"
"cnt","1637","13"
"cnt","1637","27"
"cnt","1638","6"
"cnt","1638","11"
"cnt","1638","26"
"cnt","1638","14"
"cnt","1638","13"
"cnt","1638","27"
"cnt","1639","6"
"cnt","1639","5"
"cnt","1639","11"
"cnt","1639","14"
"cnt","1639","13"
"cnt","1640","6"
"cnt","1640","12"
"cnt","1640","11"
"cnt","1640","26"
"cnt","1640","14"
"cnt","1640","13"
"cnt","1641","6"
"cnt","1641","11"
"cnt","1641","14"
"cnt","1641","13"
"cnt","1641","27"
"cnt","1642","6"
"cnt","1642","12"
"cnt","1642","11"
"cnt","1642","26"
"cnt","1642","14"
"cnt","1642","13"
"cnt","1643","6"
"cnt","1643","11"
"cnt","1643","13"
"cnt","1643","27"
"cnt","1644","6"
"cnt","1644","12"
"cnt","1644","11"
"cnt","1644","26"
"cnt","1644","14"
"cnt","1644","13"
"cnt","1645","6"
"cnt","1645","12"
"cnt","1645","11"
"cnt","1645","26"
"cnt","1645","14"
"cnt","1645","13"
"cnt","1645","27"
"cnt","1646","6"
"cnt","1646","12"
"cnt","1646","11"
"cnt","1646","26"
"cnt","1646","14"
"cnt","1646","13"
"cnt","1647","27"
"cnt","1647","13"
"cnt","1647","14"
"cnt","1647","26"
"cnt","1647","11"
"cnt","1647","12"
"cnt","1647","6"
"cnt","1648","6"
"cnt","1649","6"
"cnt","1650","6"
"cnt","1652","6"
"cnt","1652","12"
"cnt","1652","11"
"cnt","1652","26"
"cnt","1652","14"
"cnt","1652","13"
"cnt","1653","6"
"cnt","1653","11"
"cnt","1653","13"
"cnt","1654","27"
"cnt","1654","13"
"cnt","1654","11"
"cnt","1654","6"
"cnt","1655","27"
"cnt","1655","13"
"cnt","1655","11"
"cnt","1655","6"
"cnt","1657","13"
"cnt","1657","11"
"cnt","1657","6"
"cnt","1658","6"
"cnt","1658","11"
"cnt","1658","13"
"cnt","1659","6"
"cnt","1661","6"
"cnt","1662","13"
"cnt","1662","11"
"cnt","1662","6"
"cnt","1663","27"
"cnt","1663","13"
"cnt","1663","11"
"cnt","1663","6"
"cnt","1664","6"
"cnt","1665","27"
"cnt","1665","13"
"cnt","1665","11"
"cnt","1665","6"
"cnt","1666","27"
"cnt","1666","13"
"cnt","1666","11"
"cnt","1666","6"
"cnt","1667","27"
"cnt","1667","13"
"cnt","1667","11"
"cnt","1667","6"
"cnt","1668","27"
"cnt","1668","13"
"cnt","1668","11"
"cnt","1668","6"
"cnt","1669","6"
"cnt","1669","12"
"cnt","1669","11"
"cnt","1669","26"
"cnt","1669","14"
"cnt","1669","13"
"cnt","1669","27"
"cnt","1670","6"
"cnt","1670","11"
"cnt","1670","13"
"cnt","1670","27"
"cnt","1672","6"
"cnt","1672","11"
"cnt","1672","13"
"cnt","1672","27"
"cnt","1673","6"
"cnt","1673","11"
"cnt","1673","13"
"cnt","1673","27"
"cnt","1676","26"
"cnt","1677","27"
"cnt","1677","13"
"cnt","1677","11"
"cnt","1677","6"
"cnt","1678","26"
"cnt","1679","6"
"cnt","1680","6"
"cnt","1681","27"
"cnt","1681","13"
"cnt","1681","11"
"cnt","1681","6"
"cnt","1682","13"
"cnt","1682","11"
"cnt","1682","6"
"cnt","1683","6"
"cnt","1683","11"
"cnt","1683","13"
"cnt","1685","27"
"cnt","1685","13"
"cnt","1685","14"
"cnt","1685","11"
"cnt","1685","6"
"cnt","1686","27"
"cnt","1686","13"
"cnt","1686","11"
"cnt","1686","6"
"cnt","1687","6"
"cnt","1687","11"
"cnt","1687","13"
"cnt","1687","27"
"cnt","1688","6"
"cnt","1688","11"
"cnt","1688","13"
"cnt","1688","27"
"cnt","1689","13"
"cnt","1689","14"
"cnt","1689","11"
"cnt","1689","6"
"cnt","1690","13"
"cnt","1690","14"
"cnt","1690","11"
"cnt","1690","6"
"cnt","1691","13"
"cnt","1691","11"
"cnt","1691","6"
"cnt","1692","6"
"cnt","1692","11"
"cnt","1692","13"
"cnt","1692","27"
"cnt","1800","13"
"cnt","1800","11"
"cnt","1800","6"
"cnt","1799","13"
"cnt","1696","6"
"cnt","1696","11"
"cnt","1696","13"
"cnt","1696","27"
"cnt","1697","6"
"cnt","1697","11"
"cnt","1697","13"
"cnt","1697","27"
"cnt","1698","27"
"cnt","1698","13"
"cnt","1698","11"
"cnt","1698","6"
"cnt","1699","6"
"cnt","1699","11"
"cnt","1699","13"
"cnt","1699","27"
"cnt","1700","6"
"cnt","1700","11"
"cnt","1700","13"
"cnt","1700","27"
"cnt","1701","6"
"cnt","1701","11"
"cnt","1701","13"
"cnt","1701","27"
"cnt","1702","6"
"cnt","1702","11"
"cnt","1702","14"
"cnt","1702","13"
"cnt","1703","6"
"cnt","1703","11"
"cnt","1703","13"
"cnt","1703","27"
"cnt","1704","6"
"cnt","1704","11"
"cnt","1704","13"
"cnt","1704","27"
"cnt","1705","13"
"cnt","1705","14"
"cnt","1705","11"
"cnt","1705","6"
"cnt","1706","6"
"cnt","1706","11"
"cnt","1706","14"
"cnt","1706","13"
"cnt","1708","6"
"cnt","1708","11"
"cnt","1708","13"
"cnt","1708","27"
"cnt","1709","6"
"cnt","1709","11"
"cnt","1709","13"
"cnt","1709","27"
"cnt","1711","6"
"cnt","1711","11"
"cnt","1711","13"
"cnt","1711","27"
"cnt","1712","6"
"cnt","1712","11"
"cnt","1712","14"
"cnt","1712","13"
"cnt","1713","6"
"cnt","1713","11"
"cnt","1713","13"
"cnt","1713","27"
"cnt","1714","6"
"cnt","1714","11"
"cnt","1714","13"
"cnt","1714","27"
"cnt","1715","6"
"cnt","1715","11"
"cnt","1715","14"
"cnt","1715","13"
"cnt","1716","13"
"cnt","1716","14"
"cnt","1716","11"
"cnt","1716","6"
"cnt","1717","6"
"cnt","1717","11"
"cnt","1717","14"
"cnt","1717","13"
"cnt","1718","13"
"cnt","1718","11"
"cnt","1718","6"
"cnt","1719","13"
"cnt","1719","14"
"cnt","1719","11"
"cnt","1719","6"
"cnt","1720","13"
"cnt","1720","14"
"cnt","1720","11"
"cnt","1720","6"
"cnt","1722","6"
"cnt","1722","11"
"cnt","1722","14"
"cnt","1722","13"
"cnt","1723","13"
"cnt","1723","14"
"cnt","1723","11"
"cnt","1723","5"
"cnt","1723","6"
"cnt","1724","6"
"cnt","1724","14"
"cnt","1724","13"
"cnt","1725","13"
"cnt","1725","14"
"cnt","1725","6"
"cnt","1727","13"
"cnt","1727","14"
"cnt","1727","5"
"cnt","1727","6"
"cnt","1728","13"
"cnt","1728","14"
"cnt","1728","6"
"cnt","1729","13"
"cnt","1729","11"
"cnt","1729","6"
"cnt","1730","6"
"cnt","1730","13"
"cnt","1731","11"
"cnt","1731","13"
"cnt","1731","6"
"cnt","1732","13"
"cnt","1732","11"
"cnt","1732","6"
"cnt","1733","13"
"cnt","1733","11"
"cnt","1733","6"
"cnt","1734","27"
"cnt","1734","13"
"cnt","1734","11"
"cnt","1734","6"
"cnt","1735","6"
"cnt","1735","11"
"cnt","1735","13"
"cnt","1735","27"
"cnt","1736","27"
"cnt","1736","13"
"cnt","1736","11"
"cnt","1736","6"
"cnt","1737","27"
"cnt","1737","13"
"cnt","1737","11"
"cnt","1737","6"
"cnt","1738","6"
"cnt","1738","5"
"cnt","1738","12"
"cnt","1738","11"
"cnt","1738","26"
"cnt","1738","14"
"cnt","1738","13"
"cnt","1738","27"
"cnt","1739","6"
"cnt","1739","11"
"cnt","1739","13"
"cnt","1739","27"
"cnt","1740","6"
"cnt","1740","11"
"cnt","1740","13"
"cnt","1740","27"
"cnt","1741","6"
"cnt","1741","12"
"cnt","1741","11"
"cnt","1741","26"
"cnt","1741","14"
"cnt","1741","13"
"cnt","1741","27"
"cnt","1742","6"
"cnt","1742","11"
"cnt","1742","13"
"cnt","1742","27"
"cnt","1743","27"
"cnt","1743","13"
"cnt","1743","11"
"cnt","1743","6"
"cnt","1744","6"
"cnt","1744","11"
"cnt","1744","13"
"cnt","1744","27"
"cnt","1745","6"
"cnt","1745","11"
"cnt","1745","13"
"cnt","1745","27"
"cnt","1746","6"
"cnt","1746","12"
"cnt","1746","11"
"cnt","1746","26"
"cnt","1746","14"
"cnt","1746","13"
"cnt","1746","27"
"cnt","1747","6"
"cnt","1747","11"
"cnt","1747","13"
"cnt","1747","27"
"cnt","1748","27"
"cnt","1748","13"
"cnt","1748","11"
"cnt","1748","6"
"cnt","1749","6"
"cnt","1749","11"
"cnt","1749","14"
"cnt","1749","13"
"cnt","1750","6"
"cnt","1750","11"
"cnt","1750","14"
"cnt","1750","13"
"cnt","1751","27"
"cnt","1751","13"
"cnt","1751","11"
"cnt","1751","6"
"obj","1752","1751"
"cnt","1752","6"
"cnt","1752","11"
"cnt","1752","14"
"cnt","1752","13"
"cnt","1753","13"
"cnt","1753","14"
"cnt","1753","6"
"cnt","1755","6"
"cnt","1755","13"
"cnt","1756","6"
"cnt","1756","13"
"cnt","1756","27"
"cnt","1757","6"
"cnt","1757","11"
"cnt","1757","13"
"cnt","1758","6"
"cnt","1758","13"
"cnt","1758","27"
"cnt","1760","6"
"cnt","1761","6"
"cnt","1761","13"
"cnt","1803","11"
"cnt","1803","6"
"cnt","1767","6"
"cnt","1767","13"
"cnt","1767","27"
"cnt","1767","11"
"cnt","1768","14"
"cnt","1768","13"
"cnt","1768","11"
"cnt","1768","6"
"cnt","1769","13"
"cnt","1769","11"
"cnt","1769","6"
"cnt","1770","6"
"cnt","1770","11"
"cnt","1770","14"
"cnt","1770","13"
"cnt","1771","27"
"cnt","1771","13"
"cnt","1771","11"
"cnt","1771","6"
"cnt","1772","6"
"cnt","1772","11"
"cnt","1772","13"
"cnt","1772","27"
"cnt","1773","6"
"cnt","1773","11"
"cnt","1773","13"
"cnt","1773","27"
"cnt","1774","6"
"cnt","1774","11"
"cnt","1774","13"
"cnt","1774","27"
"cnt","1775","27"
"cnt","1775","13"
"cnt","1775","11"
"cnt","1775","6"
"cnt","1828","13"
"cnt","1828","11"
"cnt","1828","6"
"cnt","1823","27"
"cnt","1777","6"
"cnt","1777","11"
"cnt","1777","13"
"cnt","1778","6"
"cnt","1778","11"
"cnt","1778","13"
"cnt","1780","6"
"cnt","1780","11"
"cnt","1780","13"
"cnt","1781","13"
"cnt","1781","11"
"cnt","1781","6"
"cnt","1782","27"
"cnt","1782","13"
"cnt","1782","11"
"cnt","1782","6"
"cnt","1802","6"
"cnt","1801","13"
"cnt","1801","11"
"cnt","1801","6"
"cnt","1784","6"
"cnt","1784","11"
"cnt","1784","13"
"cnt","1784","27"
"cnt","1786","27"
"cnt","1786","13"
"cnt","1786","11"
"cnt","1786","6"
"cnt","1787","14"
"cnt","1787","11"
"cnt","1787","6"
"cnt","1788","14"
"cnt","1788","11"
"cnt","1788","6"
"cnt","1789","6"
"cnt","1789","11"
"cnt","1789","14"
"cnt","1790","6"
"cnt","1790","11"
"cnt","1790","14"
"cnt","1791","13"
"cnt","1791","11"
"cnt","1791","6"
"cnt","1792","6"
"cnt","1792","11"
"cnt","1792","13"
"cnt","1792","27"
"cnt","1793","27"
"cnt","1793","13"
"cnt","1793","11"
"cnt","1793","6"
"cnt","1794","27"
"cnt","1794","13"
"cnt","1794","11"
"cnt","1794","6"
"cnt","1795","27"
"cnt","1795","13"
"cnt","1795","11"
"cnt","1795","6"
"cnt","1813","6"
"cnt","1813","11"
"cnt","1813","14"
"cnt","1813","13"
"cnt","1842","14"
"cnt","1843","27"
"cnt","1843","13"
"cnt","1843","11"
"cnt","1843","6"
"cnt","1844","13"
"cnt","1844","14"
"cnt","1844","11"
"cnt","1844","6"
"cnt","1845","13"
"cnt","1845","14"
"cnt","1845","11"
"cnt","1845","6"
"cnt","1846","6"
"cnt","1846","11"
"cnt","1846","13"
"cnt","1847","13"
"cnt","1847","11"
"cnt","1847","6"
"cnt","1848","27"
"cnt","1848","13"
"cnt","1848","11"
"cnt","1848","6"
"cnt","1849","13"
"cnt","1849","6"
"cnt","1850","13"
"cnt","1850","14"
"cnt","1850","11"
"cnt","1851","13"
"cnt","1851","14"
"cnt","1851","11"
"cnt","1851","6"
"cnt","1852","6"
"cnt","1852","11"
"cnt","1852","13"
"cnt","1853","27"
"cnt","1853","6"
"cnt","1853","11"
"cnt","1853","13"
"obj","1854","1853"
"cnt","1854","6"
"cnt","1854","11"
"cnt","1854","13"
"cnt","1854","27"
"obj","1853","1854"
"cnt","1855","27"
"cnt","1855","13"
"cnt","1855","11"
"cnt","1855","6"
"cnt","1856","11"
"cnt","1856","13"
"cnt","1856","27"
"obj","1856","1857"
"obj","1857","1856"
"cnt","1857","6"
"cnt","1857","11"
"cnt","1857","13"
"cnt","1857","27"
"cnt","1856","6"
"cnt","1858","27"
"cnt","1858","13"
"cnt","1858","11"
"cnt","1858","6"
"cnt","1859","6"
"cnt","1859","13"
"cnt","1860","6"
"cnt","1860","13"
"cnt","1860","27"
"cnt","1861","13"
"cnt","1861","6"
"cnt","1862","6"
"cnt","1862","5"
"cnt","1862","14"
"cnt","1862","13"
"cnt","1863","27"
"cnt","1863","13"
"cnt","1863","14"
"cnt","1863","6"
"cnt","1864","13"
"cnt","1864","6"
"cnt","1865","6"
"cnt","1865","13"
"cnt","1866","13"
"cnt","1866","14"
"cnt","1866","6"
"obj","1866","745"
"obj","1866","1355"
"obj","1866","1779"
"obj","1867","1789"
"obj","1867","1473"
"obj","1867","733"
"obj","1867","11"
"cnt","1867","6"
"cnt","1867","13"
"cnt","1867","14"
"obj","1868","1303"
"obj","1868","736"
"obj","1868","836"
"cnt","1868","6"
"cnt","1868","14"
"cnt","1868","13"
"cnt","1869","6"
"obj","1869","749"
"obj","1869","1460"
"obj","1869","135"
"obj","1869","838"
"cnt","1870","13"
"cnt","1870","14"
"cnt","1870","5"
"cnt","1870","6"
"obj","1870","1800"
"obj","1870","1701"
"obj","1870","1842"
"cnt","1871","6"
"cnt","1871","14"
"cnt","1871","13"
"obj","1872","1758"
"obj","1872","1563"
"obj","1872","1774"
"cnt","1872","6"
"cnt","1872","5"
"cnt","1872","14"
"cnt","1872","13"
"cnt","1873","27"
"cnt","1873","13"
"cnt","1873","6"
"obj","1873","47"
"obj","1873","580"
"obj","1873","794"
"obj","1874","1576"
"obj","1874","1813"
"cnt","1874","13"
"cnt","1874","14"
"cnt","1874","5"
"cnt","1874","6"
"cnt","1874","27"
"cnt","1875","6"
"cnt","1875","5"
"cnt","1875","12"
"cnt","1875","11"
"cnt","1875","26"
"cnt","1875","14"
"cnt","1875","13"
"cnt","1876","5"
"cnt","1876","12"
"cnt","1876","11"
"cnt","1876","14"
"cnt","1877","6"
"cnt","1877","13"
"cnt","1878","6"
"cnt","1879","6"
"cnt","1879","5"
"cnt","1879","14"
"cnt","1879","13"
"cnt","1879","27"
"cnt","1880","11"
"cnt","1880","13"
"cnt","1880","6"
"cnt","1881","6"
"cnt","1881","5"
"cnt","1881","12"
"cnt","1881","26"
"cnt","1881","14"
"cnt","1881","13"
"cnt","1882","6"
"cnt","1882","13"
"cnt","1882","27"
"cnt","1883","13"
"cnt","1883","6"
"cnt","1884","5"
"cnt","1884","12"
"cnt","1884","11"
"cnt","1884","14"
"cnt","1884","13"
"cnt","1885","6"
"cnt","1885","13"
"cnt","1886","6"
"cnt","1886","13"
"cnt","1886","27"
"obj","1887","1886"
"cnt","1887","6"
"cnt","1887","13"
"cnt","1887","27"
"cnt","1888","6"
"cnt","1888","13"
"cnt","1889","13"
"cnt","1889","6"
"cnt","1889","27"
"cnt","1890","6"
"cnt","1890","11"
"cnt","1890","14"
"cnt","1890","13"
"cnt","1890","27"
"cnt","1891","13"
"cnt","1891","27"
"cnt","1891","6"
"cnt","1892","6"
"cnt","1892","13"
"cnt","1892","27"
"cnt","1893","13"
"cnt","1893","27"
"cnt","1893","6"
"cnt","1894","6"
"cnt","1894","27"
"cnt","1894","13"
"cnt","1895","6"
"cnt","1895","13"
"cnt","1895","27"
"cnt","1896","27"
"cnt","1896","13"
"cnt","1896","14"
"cnt","1896","6"
"cnt","1897","6"
"cnt","1897","13"
"cnt","1898","6"
"cnt","1898","13"
"cnt","1899","6"
"cnt","1899","13"
"cnt","1899","27"
"cnt","1900","14"
"cnt","1900","13"
"cnt","1900","6"
"cnt","1901","6"
"cnt","1901","13"
"cnt","1902","13"
"cnt","1902","6"
"cnt","1903","27"
"cnt","1903","13"
"cnt","1903","6"
"cnt","1904","6"
"cnt","1904","13"
"cnt","1905","6"
"cnt","1905","13"
"cnt","1905","27"
"cnt","1906","6"
"cnt","1906","13"
"cnt","1907","6"
"cnt","1907","13"
"cnt","1908","6"
"cnt","1908","13"
"cnt","1908","27"
"cnt","1909","6"
"cnt","1909","13"
"cnt","1909","27"
"cnt","1910","6"
"cnt","1910","11"
"cnt","1910","13"
"cnt","1910","27"
"cnt","1911","6"
"cnt","1911","5"
"cnt","1911","14"
"cnt","1911","13"
"cnt","1911","27"
"cnt","1912","6"
"cnt","1912","14"
"cnt","1912","13"
"cnt","1913","27"
"cnt","1913","13"
"cnt","1913","14"
"cnt","1913","26"
"cnt","1913","11"
"cnt","1913","12"
"cnt","1913","5"
"cnt","1914","6"
"cnt","1914","5"
"cnt","1914","14"
"cnt","1914","13"
"cnt","1915","6"
"cnt","1915","14"
"cnt","1915","13"
"cnt","1915","27"
"cnt","1916","27"
"cnt","1916","13"
"cnt","1916","14"
"cnt","1916","6"
"cnt","1917","6"
"cnt","1917","14"
"cnt","1917","13"
"cnt","1918","27"
"cnt","1918","13"
"cnt","1918","14"
"cnt","1918","6"
"cnt","1919","27"
"cnt","1919","13"
"cnt","1919","14"
"cnt","1919","5"
"cnt","1919","6"
"cnt","1920","6"
"cnt","1920","14"
"cnt","1920","13"
"cnt","1920","27"
"cnt","1921","6"
"cnt","1921","5"
"cnt","1921","14"
"cnt","1921","27"
"cnt","1921","13"
"cnt","1922","6"
"cnt","1922","14"
"cnt","1922","27"
"cnt","1922","13"
"cnt","1923","6"
"cnt","1923","5"
"cnt","1923","14"
"cnt","1923","11"
"cnt","1923","27"
"cnt","1923","13"
"cnt","1924","6"
"cnt","1924","5"
"cnt","1924","12"
"cnt","1924","14"
"cnt","1924","26"
"cnt","1924","13"
"cnt","1925","6"
"cnt","1925","12"
"cnt","1925","26"
"cnt","1925","14"
"cnt","1925","13"
"cnt","1926","6"
"cnt","1926","14"
"cnt","1926","27"
"cnt","1927","6"
"cnt","1927","13"
"cnt","1927","27"
"cnt","1928","6"
"cnt","1928","13"
"cnt","1928","27"
"cnt","1929","6"
"cnt","1929","13"
"cnt","1930","13"
"cnt","1930","14"
"cnt","1930","5"
"cnt","1930","6"
"cnt","1931","13"
"cnt","1931","6"
"cnt","1932","6"
"cnt","1932","13"
"cnt","1933","6"
"cnt","1933","11"
"cnt","1933","27"
"cnt","1933","13"
"cnt","1933","14"
"cnt","1934","13"
"cnt","1934","14"
"cnt","1934","5"
"cnt","1934","6"
"cnt","1935","6"
"cnt","1935","5"
"cnt","1935","14"
"cnt","1935","13"
"cnt","1936","6"
"cnt","1936","5"
"cnt","1936","14"
"cnt","1936","13"
"cnt","1937","13"
"cnt","1937","14"
"cnt","1937","5"
"cnt","1937","6"
"cnt","1938","6"
"cnt","1938","5"
"cnt","1938","14"
"cnt","1938","13"
"cnt","1939","27"
"cnt","1939","13"
"cnt","1939","14"
"cnt","1939","11"
"cnt","1939","5"
"cnt","1939","6"
"cnt","1940","6"
"cnt","1941","6"
"cnt","1941","5"
"cnt","1941","14"
"cnt","1941","13"
"cnt","1942","6"
"cnt","1942","5"
"cnt","1942","14"
"cnt","1942","13"
"cnt","1943","6"
"cnt","1943","5"
"cnt","1943","26"
"cnt","1943","14"
"cnt","1943","13"
"cnt","1943","27"
"cnt","1944","6"
"cnt","1945","6"
"cnt","1946","6"
"cnt","1946","5"
"cnt","1946","26"
"cnt","1946","14"
"cnt","1946","13"
"cnt","1946","27"
"cnt","1947","6"
"cnt","1947","5"
"cnt","1947","14"
"cnt","1947","13"
"cnt","1948","13"
"cnt","1948","14"
"cnt","1948","5"
"cnt","1948","6"
"cnt","1949","6"
"cnt","1949","5"
"cnt","1949","14"
"cnt","1949","13"
"cnt","1950","13"
"cnt","1950","14"
"cnt","1950","5"
"cnt","1950","6"
"cnt","1951","13"
"cnt","1951","14"
"cnt","1951","5"
"cnt","1951","6"
"cnt","1952","6"
"cnt","1952","5"
"cnt","1952","14"
"cnt","1952","13"
"cnt","1953","13"
"cnt","1953","14"
"cnt","1953","26"
"cnt","1953","11"
"cnt","1953","5"
"cnt","1953","6"
"cnt","1954","6"
"cnt","1954","5"
"cnt","1954","14"
"cnt","1954","13"
"cnt","1955","13"
"cnt","1955","14"
"cnt","1955","5"
"cnt","1955","6"
"cnt","1956","13"
"cnt","1956","14"
"cnt","1956","5"
"cnt","1956","6"
"cnt","1957","6"
"cnt","1957","5"
"cnt","1957","14"
"cnt","1957","13"
"cnt","1958","13"
"cnt","1958","14"
"cnt","1958","26"
"cnt","1958","5"
"cnt","1958","6"
"obj","1958","946"
"cnt","1959","5"
"cnt","1959","14"
"cnt","1959","13"
"cnt","1960","14"
"cnt","1960","5"
"cnt","1960","6"
"cnt","1961","14"
"cnt","1961","13"
"cnt","1961","5"
"cnt","1961","6"
"cnt","1962","27"
"cnt","1962","13"
"cnt","1962","14"
"cnt","1962","5"
"cnt","1962","6"
"cnt","1963","6"
"cnt","1963","13"
"cnt","1964","6"
"cnt","1964","14"
"cnt","1964","13"
"cnt","383","5"
"obj","383","382"
"obj","383","380"
"obj","383","378"
"cnt","1966","13"
"cnt","1966","14"
"cnt","1966","11"
"cnt","1966","5"
"cnt","1966","6"
"cnt","1967","6"
"cnt","1967","5"
"cnt","1967","14"
"cnt","1967","13"
"cnt","1968","13"
"cnt","1968","14"
"cnt","1968","5"
"cnt","1968","6"
"cnt","1969","13"
"cnt","1969","14"
"cnt","1969","5"
"cnt","1969","6"
"cnt","1970","6"
"cnt","1971","6"
"cnt","1971","5"
"cnt","1971","14"
"cnt","1971","13"
"cnt","1973","6"
"cnt","1973","5"
"cnt","1973","14"
"cnt","1973","13"
"cnt","1974","6"
"cnt","1974","5"
"cnt","1974","14"
"cnt","1974","13"
"cnt","1975","6"
"cnt","1975","5"
"cnt","1975","14"
"cnt","1975","13"
"cnt","1976","13"
"cnt","1976","14"
"cnt","1976","5"
"cnt","1976","6"
"cnt","1977","6"
"cnt","1977","5"
"cnt","1977","14"
"cnt","1977","13"
"cnt","1978","6"
"cnt","1979","13"
"cnt","1979","14"
"cnt","1979","5"
"cnt","1979","6"
"cnt","1980","6"
"cnt","1980","5"
"cnt","1980","14"
"cnt","1980","13"
"cnt","1981","6"
"cnt","1981","5"
"cnt","1981","14"
"cnt","1981","13"
"cnt","1982","13"
"cnt","1982","14"
"cnt","1982","5"
"cnt","1982","6"
"cnt","1983","6"
"cnt","1983","5"
"cnt","1983","14"
"cnt","1983","13"
"cnt","1984","13"
"cnt","1984","6"
"cnt","1985","6"
"cnt","1985","13"
"cnt","1985","14"
"cnt","1986","6"
"cnt","1986","5"
"cnt","1986","14"
"cnt","1986","13"
"cnt","1987","6"
"cnt","1987","5"
"cnt","1987","14"
"cnt","1987","13"
"cnt","1988","6"
"cnt","1988","5"
"cnt","1988","14"
"cnt","1988","13"
"cnt","1989","13"
"cnt","1989","14"
"cnt","1989","5"
"cnt","1989","6"
"cnt","1990","6"
"cnt","1990","5"
"cnt","1990","14"
"cnt","1990","13"
"cnt","1991","6"
"cnt","1991","5"
"cnt","1991","14"
"cnt","1991","13"
"cnt","1992","6"
"cnt","1992","5"
"cnt","1992","14"
"cnt","1992","13"
"cnt","1993","6"
"cnt","1993","5"
"cnt","1993","14"
"cnt","1993","13"
"cnt","1994","13"
"cnt","1994","14"
"cnt","1994","5"
"cnt","1994","6"
"cnt","1995","6"
"cnt","1995","5"
"cnt","1995","14"
"cnt","1995","13"
"cnt","1996","13"
"cnt","1996","14"
"cnt","1996","5"
"cnt","1996","6"
"cnt","1997","6"
"cnt","1997","5"
"cnt","1997","14"
"cnt","1997","13"
"cnt","1998","6"
"cnt","1998","5"
"cnt","1998","14"
"cnt","1998","13"
"cnt","1999","6"
"cnt","1999","5"
"cnt","1999","14"
"cnt","1999","13"
"cnt","2000","6"
"cnt","2000","5"
"cnt","2000","14"
"cnt","2000","13"
"cnt","2001","6"
"cnt","2001","5"
"cnt","2001","14"
"cnt","2001","13"
"cnt","2002","6"
"cnt","2002","5"
"cnt","2002","12"
"cnt","2002","11"
"cnt","2002","26"
"cnt","2002","14"
"cnt","2002","13"
"cnt","2002","27"
"cnt","2003","27"
"cnt","2003","13"
"cnt","2003","14"
"cnt","2003","5"
"cnt","2003","6"
"cnt","2004","6"
"cnt","2004","5"
"cnt","2004","14"
"cnt","2004","13"
"cnt","2005","6"
"cnt","2005","5"
"cnt","2005","26"
"cnt","2005","14"
"cnt","2005","13"
"cnt","2006","13"
"cnt","2006","14"
"cnt","2006","26"
"cnt","2006","5"
"cnt","2006","6"
"cnt","2007","6"
"cnt","2007","5"
"cnt","2007","11"
"cnt","2007","26"
"cnt","2007","14"
"cnt","2007","13"
"cnt","2007","27"
"cnt","2008","14"
"cnt","2008","26"
"cnt","2008","11"
"cnt","2008","5"
"cnt","2008","6"
"cnt","2008","13"
"cnt","2008","27"
"cnt","2009","6"
"cnt","2009","5"
"cnt","2009","14"
"cnt","2009","13"
"cnt","2010","6"
"cnt","2010","5"
"cnt","2010","26"
"cnt","2010","14"
"cnt","2010","13"
"cnt","2010","27"
"cnt","2011","13"
"cnt","2011","14"
"cnt","2011","5"
"cnt","2011","6"
"cnt","2012","6"
"cnt","2012","5"
"cnt","2012","14"
"cnt","2012","13"
"cnt","2013","6"
"cnt","2013","5"
"cnt","2013","14"
"cnt","2013","13"
"cnt","2014","6"
"cnt","2014","5"
"cnt","2014","14"
"cnt","2014","13"
"cnt","2014","27"
"cnt","2015","6"
"cnt","2015","5"
"cnt","2015","14"
"cnt","2015","13"
"cnt","2016","6"
"cnt","2016","5"
"cnt","2016","14"
"cnt","2016","13"
"obid","tid","catn","zaglbg","zaglen","textbg","texten","size","attr","price","pricedn","rent","rprice","rpricedn","mname","active","prior"
"2","2","30831","Пиратката Пинк","Pink Pirate","Карнавален костюм, съдържащ: розово - бяла рокля от кадифе и сатен и пиратска шапка.","FEVER PIRATES TREASURE,PINK/WHITE,W/HAT,","S, M, L","2","0.00","0.00","1","45.00","40.00","30731.jpg","1","300"
"3","3","32936","Мускетар","Musketeer","<div>Карнавален костюм, съдържащ: риза с туника&nbsp;и панталон, имитация на ботуши и шапка</div>","MUSKETEER W/SHIRT, TROUSERS, B/COVERS, HAT","S, M, L","0","0.00","0.00","1","50.00","0.00","32836.jpg","1","294"
"4","2","25141","Средновековна кралица","Medieval Queen","Карнавален костюм, съдържащ: кадифена рокля и воал с корона.","MEDIEVAL QUEEN COSTUME,VelourDress,H/Pc","S/ M/ L","0","0.00","0.00","1","50.00","0.00","25041.jpg","1","442"
"5","7","21258","Перука Клеопатра","CLEOPATRA WIG, BLACK BRAIDS","&nbsp;","&nbsp;","-","0","0.00","0.00","1","12.00","0.00","21158.jpg","1","32"
"6","7","30371","Перука Мерилин Монро","MARILYN MONROE BOMBSHELL WIG","&nbsp;","&nbsp;","-","0","0.00","0.00","1","15.00","0.00","30271.jpg","1","10"
"7","7","1900","Руса перука с две плитки","SCHOOLGIRL/DUTCH WIG,BLONDE with Plaits","&nbsp;","&nbsp;","-","0","0.00","0.00","1","10.00","0.00","1800.jpg","1","40"
"8","7","30063","Сребърна, къдрава перука","SIREN WIG,WHITE,LONG CURLY,","&nbsp;","&nbsp;","-","0","0.00","0.00","1","10.00","0.00","29963.jpg","1","45"
"9","7","24635","Мускетарска перука","MUSKETEER WIG, BLACK","&nbsp;","&nbsp;","-","0","0.00","0.00","1","10.00","0.00","24535.jpg","1","43"
"10","17","31159","Робин Худ","ROBIN HOOD COSTUME","Карнавален костюм, съдържащ: шапка с перо, риза с прикачена жилетка, панталон, колан и<br />
&nbsp;имитация на ботуши.","&nbsp;&nbsp;Hat, skirt, jacket, pants, belt and tops.","S","0","0.00","0.00","1","25.00","0.00","31059.jpg","1","62"
"11","17","30534","Кралски гвардеец","ROYAL GUARD COSTUME","Kарнавален костюм, съдържащ: шапка, жакет и панталон.","TROUSERS,JACKET,HAT","S, M","0","0.00","0.00","1","20.00","0.00","30434.jpg","1","155"
"13","8","39402","Пиратски комплет","PIRATE SET","Киратският комплект съдържа: пистолет, меч, телескоп и кука.","GUN, SWORD, TELESCOPE, PATCH","-","0","0.00","0.00","1","5.00","0.00","39302.jpg","0","34"
"14","18","484","Цигарета","CIGARETTE HOLDER","&nbsp;","&nbsp;","-","0","8.00","0.00","0","0.00","0.00","384.jpg","0","15"
"15","6","26082","Гангстерска, червена, велурена шапка","GANGSTER HAT, RED, Velour","&nbsp;&nbsp;&nbsp;","&nbsp;","-","0","0.00","0.00","1","6.00","0.00","25982.jpg","1","26"
"16","3","31854","Каубой","COWBOY","Карнавален костюм, съдържащ: шал, жилетка със значка, кожени крачоли с колан.","BLACK LEATHER, CHAPS, W/COAT, BELT","S, M, L","0","0.00","0.00","1","35.00","0.00","31754.jpg","1","281"
"17","8","21282","Комплект пистолети с патрони и колан","GUN,WILD WEST SET,TWOGUNS,Holst,Box,18cm","&nbsp;","&nbsp;","-","0","0.00","0.00","1","4.00","0.00","21182.jpg","1","37"
"18","8","99811","Сабя и домино Зоро","SWORD RAPIER+EYEMASK/Tiecard,64cm","&nbsp;","&nbsp;","-","0","0.00","0.00","1","5.00","0.00","99711.jpg","1","38"
"19","8","30283","Пура,светеща","CIGAR, LITE UP LED, BLISTERCARD","&nbsp;","&nbsp;","-","0","8.00","0.00","0","0.00","0.00","30183.jpg","1","39"
"20","18","28555","Пиратска брада и мустаци","PIRATE TASH AND BEARD SET","&nbsp;","&nbsp;","-","0","14.00","0.00","0","0.00","0.00","28455.jpg","0","18"
"21","8","24271","Пиратски комплет ","PIRATE SET","Пиратският комплект бключва: меч, телескоп, кука и превръзка за око.","Sword, Hook, Telescope, Patch","-","0","0.00","0.00","1","5.00","0.00","24171.jpg","0","40"
"22","8","31283","Пиратска сабя, старинен ефект","PIRATE SWORD, AGED EFFECT","&nbsp;","&nbsp;","-","0","0.00","0.00","1","5.00","0.00","31183.jpg","1","41"
"23","5","35003","Домино-пиратска шапка","EYEMASK,GOLD PIRATE WITH HAT","&nbsp;","&nbsp;","-","0","0.00","0.00","1","7.00","0.00","34903.jpg","1","54"
"24","8","29845","Полицейски черни очила","SPECS,AVIATOR,MIRROR LENSES,BLACK FRAME","&nbsp;","&nbsp;","-","0","0.00","0.00","1","5.00","0.00","29745.jpg","1","44"
"25","3","25167","Викинг","VIKING KING COSTUME","Карнавален костюм, съдържащ: туника с пелерина, шапка,&nbsp;колан, имитация на ботуши","Tunic, hat,belt,b/cvr","M, L, XL","0","0.00","0.00","1","40.00","0.00","25067.jpg","1","300"
"26","2","30569","Испанска танцьорка","RUMBA COSTUME","Карнавален костюм, съдържащ: рокля с волани,цвете за косата.","BLK/RED/ORANGE&amp; HAIR CLIP","S,M","0","0.00","0.00","1","45.00","0.00","30469.jpg","1","391"
"27","3","30575","Испански танцьор","RUMBA MAN COSTUME","Карнавален костюм, съдържащ: риза, панталон, колан","BLK/RED/ORANGE&amp; HAIR CLIP","S, M, L ","0","0.00","0.00","1","35.00","0.00","30475.jpg","1","334"
"28","2","25148","Гейша","GEISHA GIRL COSTUME","Карнавален костюм, съдържащ: червено кимоно с йероглифи и колан.","Robe &amp; Belt,Disp.Pk","S, M, L","0","0.00","0.00","1","40.00","0.00","25048.jpg","1","379"
"29","2","30107","Клеопатра","EGYPTIAN WOMAN COSTUME","Карнавален костюм, съдържащ: рокля от златист и черен плат и камък,украшение за коса.","DRESS, HEADPIECE","S, M, L","0","0.00","0.00","1","35.00","0.00","30007.jpg","0","389"
"30","8","12044","Арабска брадичка","ARAB BEARD,BLACK","&nbsp;&nbsp;&nbsp;","&nbsp;","-","0","14.00","0.00","0","0.00","0.00","11944.jpg","1","45"
"31","3","29638","Принц","PANTOMIME PRINCE","Карнавален костюм, съдържащ: жакет с пaгони, лента и панталон","&nbsp;","М, L,XL","0","0.00","0.00","1","40.00","0.00","29538.jpg","1","307"
"32","3","16225","Черна наметка с качулка","Black Suede Cape","Наметка от изкуствена кожа с качулка, черен&nbsp;цвят.","<div>Black distressed suede cape.</div>
<div>Special Features:</div>
<div>leather-look.</div>","STD","0","0.00","0.00","1","20.00","0.00","16125.jpg","1","54"
"33","3","16193","Черна наметка с яка","Leather Look Cape","<div>Черна наметка, от материя имитираща кожа,&nbsp;с яка и закопчалка.&nbsp;</div>","<div>Black with 9 in. stand-up collar and clasp</div>
<div>Special Features:</div>
<div>Made with Leather - Look Fabric</div>","STD","0","0.00","0.00","1","20.00","0.00","16093.jpg","1","261"
"34","2","16354","Червена наметка","Red Satin Cape","<div>Червена наметка от сатен,&nbsp;с яка и закопчалка.&nbsp;</div>","<div>Cape with collar</div>
<div>Special Features:</div>
<div>Made with satin RD&nbsp;</div>","STD","0","0.00","0.00","1","15.00","0.00","16254.jpg","1","543"
"35","3","67193","Кронос","Kronos","<div>Карнавален костюм - делукс.<br />
Съдържа:&nbsp;туника,&nbsp;ръкавели, 3D латекс колан, панталон, имитация ботуши.</div>","<div>
<div>Contains:&nbsp;Overhead latex mask, shoulder piece, shirt with attatched cowl, gauntlets, latex belt, &nbsp;arm and leg ties &amp; boot tops.</div>
<div>Special Features:&nbsp;</div>
<div>3-D latex accessories.</div>
</div>","M, L","3","0.00","0.00","1","65.00","0.00","67093.jpg","0","263"
"36","3","888168","Големия лош вълк","Big Mad Wolf","<div>Kарнавален костюм -&nbsp;делукс.<br />
Съдържа: маска, жакет с прикачени мускулести гърди, ръкавели.</div>
<div>&nbsp;</div>","<div>Contains:&nbsp;Headpiece and jacket with attached muscle chest, cuffs and fur hand pieces.</div>
<div>&nbsp;</div>","M/L/ XL","0","0.00","0.00","1","65.00","0.00","888068.jpg","1","226"
"37","3","16724","Венециански костюм","Party Cloak","<div>Съдържа:&nbsp;пелерина, маска и шапка.</div>","<div>Contains:&nbsp;Cloak, Mask &amp; Hat.</div>
<div>&nbsp;</div>","M, L, XL","0","0.00","0.00","1","50.00","0.00","16624.jpg","1","309"
"38","8","6642","Ръкавици от изкуствена кожа ","The Highway Man&#039;&#039;&#039;&#039;s Gauntlets","&nbsp;","&nbsp;","S, M, L, XL","0","0.00","0.00","1","5.00","0.00","6542.jpg","1","46"
"39","3","888159","Лорд на вампирите","Vampire Lord","<div>Съдържа:&nbsp;връхно, жабо , риза и колан.</div>","<div>Contains: coat, jabot, shirt and belt.</div>
<div>Special Features:&nbsp;Hat and hair included.&nbsp;</div>","S, M, L","0","0.00","0.00","1","45.00","0.00","888059.jpg","1","253"
"40","3","73233","Вампир","Vampire","<div>Карнавален костюм, съдържащ: риза с прикачена жилетка,наметка&nbsp;с вдигната яка и прилеп-закопчалка.</div>","<div>Contains:&nbsp;Attached vest with shirt, cape with stand-up collar.</div>","S, M, L","0","0.00","0.00","1","40.00","0.00","73133.jpg","0","254"
"41","3","16080","Класически вампир","Classic Vampire","<div>Съдържа: наметка с яка, риза&nbsp;с прикачена жилетка и медальон.</div>","<div>Contains:&nbsp;Cape with collar, shirt with attached vest &amp; medallion.</div>","M, L, XL","0","0.00","0.00","1","35.00","0.00","15980.jpg","0","255"
"42","3","887111","Готически вампир","Gothic Count","<div>Карнавален костюм, съдържащ: наметало,&nbsp;жилетка от кадифе, ръкави и жабо.</div>","<div>Contains:&nbsp;Cape with attached velvet vest front, sleeves and jabot.</div>","S, M, L, XL","0","0.00","0.00","1","50.00","0.00","887011.jpg","1","256"
"43","3","16040","Ловец на вампири","Cain The Vampire Tyrant","Карнавален костюм съдържащ: жакет с кадифени елементи, жилетка, брошка и специална ръкавица.","<div>Contains:&nbsp;Jacket with velvet trim, vest with dickle, brooch &amp; vinyl gauntlet.</div>
<div>Special Features:&nbsp;Made with real velvet. &nbsp;</div>","S, M, L, XL","0","0.00","0.00","1","50.00","0.00","15940.jpg","1","257"
"44","3","16700","Вампир на бъдещето","The Future Vampire","<div>Карнавален костюм, съдържащ: роба с кожени&nbsp;детайли и ефектна брошка.</div>","Contains: Robe with leather details and a jewel.","S, M, L","0","0.00","0.00","1","45.00","0.00","16600.jpg","1","260"
"45","3","15569","Склулзор","Skullzor","Карнавален костюм, съдържащ: 3D латексова яка, роба с качулка и 3D латексов колан.","<div>Latex collar, hooded robe &amp; latex belt&nbsp;<br />
Special Features:&nbsp;3-D latex accessories STD.</div>","S, M, L, XL","0","0.00","0.00","1","45.00","0.00","15469.jpg","1","264"
"46","3","888255","Призракът на страха","Howling Ghost","Карнавален костюм, съдържащ: роба с качулка и колан,маска със светещи очи.","Robe with Flashing Strobe, Mask &amp; Sash","M/L/ XL","0","0.00","0.00","1","55.00","0.00","888155.jpg","1","267"
"47","3","16481","Дяволът","Inferno","Карнавален костюм, съдържащ: рога, яка, роба с пламъци, релефни PVC копчета.","<div>Contains:</div>
<div>PVC horns, studded collar, printed robe &amp; PVC flame buttons.</div>","S, M, L","0","0.00","0.00","1","45.00","0.00","16381.jpg","1","272"
"48","3","16561","Пънк зомби","Punk Zombie","<div>Kарнавален костюм, съдържащ: винилена маска, яке с прикачени гърди, яка и маншети.</div>
<div>&nbsp;</div>","<div>Contains:</div>
<div>Vinyl half mask, leather-look jacket with a chestpiece, collar &amp; cuffs.</div>","S, M, L","0","0.00","0.00","1","50.00","0.00","16461.jpg","1","276"
"49","3","16944","Капитан  Джак","Capitаn Cutthroat","Карнавален костюм, съдържащ: пиратска кърпа с прикачена коса, жакет, риза, имитация ботуши и колан.","<div>Contains:</div>
<div>Headpiece with attached wig, jacket, shirt, boot tops and waist sash.</div>","S, M, L, XL","0","0.00","0.00","1","50.00","0.00","16844.jpg","1","164"
"50","3","16545","Кралят войн","Warrior King","<div>Карнавален костюм, съдържащ: качулка с&nbsp;</div>
<div>корона, кадифена туника и имитация ботуши.</div>","<div>Contains:</div>
<div>Headpiece with cowl, velvet tunic and boot tops.</div>","S, M, L","0","0.00","0.00","1","45.00","0.00","16445.jpg","1","303"
"51","3","888518","Гладиатор","Gladiator","<div>Карнавален костюм, съдържащ: риза, туника и&nbsp;</div>
<div>имитация ботуши.</div>","<div>Contains:</div>
<div>Shirt, tunic and boot tops.</div>
<div>&nbsp;</div>","S, M, L","0","0.00","0.00","1","40.00","0.00","888418.jpg","1","306"
"52","3","889253","Варваринът","Barbarian Male","Карнавален костюм делукс, съдържащ: туника с наметка, колан, маншети, имитация обувки, лента за главата и верига.","<div>Contains:</div>
<div>Tunic w/ Cape, Belt, Gauntlets, Bootcover, Headpiece &amp; Chain</div>
<div>DELUXE&nbsp;</div>","S, M, L","0","0.00","0.00","1","65.00","0.00","889153.jpg","1","301"
"53","3","15239","Съдийска тога","Judge Robe","&nbsp;","&nbsp;","S, M, L","0","0.00","0.00","1","18.00","0.00","15139.jpg","1","313"
"54","3","55129","Затворникът","Prisioner Man","Карнавален костюм, съдържащ: шапка, блуза и панталон.","<div>Contains:</div>
<div>Hat, shirt and pantsSpecial Features:Fuller cut&nbsp;</div>","S, M, L","0","0.00","0.00","1","35.00","0.00","55029.jpg","1","321"
"55","3","16449","Пастор делукс","Friar Tuck","<div>Карнавален костюм, съдържащ: роба с качулка&nbsp;</div>
<div>и коланче.</div>","<div>Contains:</div>
<div>Hooded robe and belt cord DELUXE.</div>","M, L, XL","0","0.00","0.00","1","30.00","0.00","16349.jpg","1","330"
"56","3","16924","Отчето","Friar Tuck","<div>Карнавален костюм, съдържащ: роба с качулка и коланче.</div>","<div>Contains:</div>
<div>Wig, hooded robe and belt cord</div>
<div>&nbsp;</div>","M, L, XL","0","0.00","0.00","1","40.00","0.00","16824.jpg","1","62"
"57","3","17406","Самураят войн","Samurai Warrior","<div>Карнавален костюм, съдържащ: шапка, блуза,</div>
<div>туника, панталон и колан.</div>","<div>Contains:</div>
<div>Hat, shirt, overtunic, waist sash and pants</div>
<div>Special Features:</div>
<div>Full Cut&nbsp;</div>","M, L, XL","0","0.00","0.00","1","50.00","0.00","17306.jpg","1","337"
"58","3","887125","Нинджа дракон","Dragon Ninja Warrior","<div>Карнавален костюм, съдържащ: блуза с качулка, панталон, колан и кърпа.</div>
<div>&nbsp;</div>","<div>Contains:</div>
<div>Hooded Shirt, pants, waist sash and face scarf.</div>
<div>&nbsp;</div>","S, M, L","0","0.00","0.00","1","40.00","0.00","887025.jpg","1","338"
"59","3","15120","Шейх ","Abdul, Sheik of Persia","Карнавален костюм, съдържащ: кърпа и лента за глава,роба и колан.","<div>Contains:</div>
<div>Headpiece, robe and waist sash.</div>","M/L","0","0.00","0.00","1","45.00","0.00","15020.jpg","1","344"
"60","3","55148","Али баба","Ali Baba","Карнавален костюм, съдържащ: кърпа и лента за глава и роба.","<div>Contains:</div>
<div>Headpiece and robe</div>
<div>Special Features:</div>
<div>Fuller cut&nbsp;</div>","М, L, XL","0","0.00","0.00","1","40.00","0.00","55048.jpg","1","345"
"61","3","15268","Кралица на красотата","Beauty Queen","Карнавален костюм, съдържащ: диадема и рокля с лента.","<div>Contains:</div>
<div>Tiara &amp; dress with sash</div>
<div>&nbsp;</div>","S, M, L, XL","0","0.00","0.00","1","50.00","0.00","15839.jpg","1","355"
"62","3","1060","Памучна пиратска риза - бяла","Pirate Shirt - Natural","&nbsp;","&nbsp;","S, M, L, XL","0","0.00","0.00","1","25.00","0.00","960.jpg","1","295"
"63","3","1257","Памучна пиратска риза - черна","Black Pirate Shirt","&nbsp;","&nbsp;","S, M, L, XL","0","0.00","0.00","1","20.00","0.00","1157.jpg","1","297"
"64","3","1255","Памучна пиратска риза - червена","Red Pirate Shirt","&nbsp;","&nbsp;","S, M, L, XL","0","0.00","0.00","1","20.00","0.00","1155.jpg","1","296"
"65","2","16035","Ловец на зли сили","Slayer Chancellor","<div>Карнавален костюм, съдържащ: роба с качулка,&nbsp;медальон и колан.</div>","<div>Contains:&nbsp;Hooded robe, vinyl medallion, &amp; belt cord.</div>
<div>Special Features:&nbsp;Vinyl medallion.</div>","S, M, L","0","0.00","0.00","1","45.00","0.00","15935.jpg","1","415"
"66","8","12025","Детективски мустаци","INVESTIGATOR TASH,BLACK,Bushy","&nbsp;","&nbsp;&nbsp;","-","0","0.00","0.00","1","5.00","0.00","11925.jpg","1","47"
"67","3","15292","Ловец на зли сили","Slayer Chancellor","<div>Карнавален костюм, съдържащ: роба с качулка,&nbsp;медальон и колан.</div>","<div>Contains:&nbsp;Hooded robe, vinyl medallion, &amp; belt cord.</div>
<div>Special Features:&nbsp;Vinyl medallion.&nbsp;</div>","S, M, L","0","0.00","0.00","1","45.00","0.00","15192.jpg","1","259"
"68","8","29138","Комплект Бъни","BUNNY SET","&nbsp;съдържа: ушички, папионка и<br />
&nbsp;опашка","PINK/WHITE,EARS,BOWTIE &amp; TAIL","S, M, L","0","14.00","0.00","1","6.00","0.00","29038.jpg","1","49"
"69","2","16998","Шахматна царица","Chess Queen","Карнавален костюм, съдържащ: рокля, шапка и маска.","<div>Contains:&nbsp;Dress, headpiece and mask.</div>","S, M, L","0","0.00","0.00","1","45.00","0.00","16898.jpg","1","414"
"70","3","16997","Шахматен цар","Chess King","<div>Карнавален костюм, съдържащ: роба,шапка&nbsp;и маска.</div>","<div>Contains:&nbsp;Robe, headpiece and mask.</div>","S, M, L, XL","0","0.00","0.00","1","45.00","0.00","16897.jpg","1","312"
"71","2","889178","Пиратката делукс","Airship pirate","Дамски, карнавален, пиратски костюм от делукс серията, който съдържа: жакет, панталон, дантелена блуза, пиратска шапка и гети.","<div>Jacket, Pants, Blouse, Spats, Hat &amp; Belt.</div>","STD","1","0.00","0.00","1","65.00","0.00","889078.jpg","1","88"
"72","2","889274","Господарката на моретата","Pirate","<div>Карнавален костюм -&nbsp;делукс,&nbsp;съдържащ: жакет с блуза, панталон и шапка.</div>","<div>Contains:&nbsp;Jacket w/att Blouse, Pants &amp; Hat DELUXE.</div>","S/M/L","0","0.00","0.00","1","60.00","0.00","889174.jpg","1","421"
"73","8","29566","Комплект Коте","CAT SET","Съдържа: ушички, папионка и<br />
&nbsp;опашка","INSTANT, EARS, BOW-TIE AND TAIL","-","0","14.00","0.00","1","6.00","0.00","294661.jpg","1","50"
"74","2","887117","Пиратката","Bounty of the Seas","<div>Карнавален костюм, съдържащ: блуза, пола,&nbsp;колан и кърпа за глава.</div>","<div>Contains:&nbsp;Blouse with lace-up bodice, skirt,&nbsp;waist sash and headband.</div>","S, M, L","0","0.00","0.00","1","35.00","0.00","887017.jpg","1","433"
"75","2","16029","Нощна сирена","Midnight Siren","<div>Карнавален костюм, съдържащ: яка с медальон,&nbsp;кадифена рокля, жилетка с катарама.</div>","<div>Contains:&nbsp;Choker with medallion, velvet dress, vest with buckles.</div>
<div>Special Features:&nbsp;Made with real velvet.</div>"," L, XL","0","0.00","0.00","1","45.00","0.00","15929.jpg","1","411"
"76","2","88772","Скарлет вамптреса","Scarlet Vamptessa","<div>Карнавален костюм -&nbsp;делукс,&nbsp;съдържащ: рокля с вдигната яка.</div>","<div>Contains:&nbsp;Dress with stand-up collar -&nbsp;DELUXE!!!</div>","  L/ XL","0","0.00","0.00","1","80.00","0.00","888672.jpg","1","437"
"77","2","55200","Баронеса","Royal Vampiress","Карнавален костюм, съдържащ: рокля от сатен.","<div>Contains: Satin&nbsp;Dress.</div>"," M, L, XL","0","0.00","0.00","1","80.00","0.00","55100.jpg","1","302"
"78","8","12009","Мускетарски мустаци и брада","CAVALIER SET","&nbsp;","&nbsp;","-","0","14.00","0.00","1","0.00","0.00","11909.jpg","1","51"
"79","2","16940","Вампирката","Scarlet Vampira","Карнавален костюм, съдържащ: кадифена рокля с акценти от винил и вдигната яка.","<div>Contains:&nbsp;Velvet dress with vinyl accents and stand up collar.</div>
<div>Special Features:&nbsp;Made with real velvet.&nbsp;</div>","S, M, L","0","0.00","0.00","1","45.00","0.00","16840.jpg","0","548"
"80","2","16925","Пепеляшка","Sinderella","Карнавален костюм, съдържащ: рокля и корсет с връзки отпред.","<div>Contains: Dress,&nbsp;Intricate Bodice.</div>","M, L, XL","0","0.00","0.00","1","45.00","0.00","16825.jpg","1","439"
"81","8","1538","Царска корона","CROWN_KINGS JEWELLED Gold ","&nbsp;","&nbsp;","-","0","0.00","0.00","1","5.00","0.00","1438.jpg","1","52"
"82","2","887110","Готическа контеса","Gothic Countess","Карнавален костюм, съдържащ: рокля, болеро с яка.","<div>Contains:&nbsp;Dress with attached Jacket and Collar.</div>","M/L/ XL","0","0.00","0.00","1","40.00","0.00","887010.jpg","1","440"
"83","2","888156","Среднощна лейди","Midnight Vampira","Карнавален костюм, съдържащ: рокля с качулка и връзка отпред.","<div>Contains:&nbsp;Hooded Dress with Lace-up Front.</div>","S, M","0","0.00","0.00","1","35.00","0.00","888056.jpg","1","441"
"84","2","21863","Медицинска сестра","NURSE SEXY COSTUME","Карнавален костюм съдържащ: рокличка, престилка и шапка.","Dress, Hat, Apron,&nbsp;","S, M, L","0","80.00","0.00","1","25.00","0.00","21763.jpg","1","453"
"85","8","23204","Медицинска спринцовка ","SYRINGE","&nbsp;","&nbsp;","-","0","0.00","0.00","1","5.00","0.00","23104.jpg","1","53"
"86","8","31894","Златен бастун с диаманти","PIMP CANE,GOLD W/DIAMANTE","&nbsp;","&nbsp;","-","0","0.00","0.00","1","10.00","0.00","31794.jpg","1","54"
"87","8","22618","Розови белезници с ключе","HANDCUFFS,LOVE CUFFS,PINK FUR","&nbsp;&nbsp;","&nbsp;&nbsp;","-","0","0.00","0.00","1","5.00","0.00","22518.jpg","1","55"
"88","7","30719","Перука Барок","BAROQUE WIG","&nbsp;&nbsp;","&nbsp;","-","0","0.00","0.00","1","20.00","0.00","30619.jpg","1","46"
"89","5","35013","Домино със златисти елементи","EYEMASK, PERSIAN, BLACK AND GOLD","&nbsp;&nbsp;&nbsp;","&nbsp;","-","0","0.00","0.00","1","5.00","0.00","34913.jpg","1","55"
"90","6","26592","Цилидър с пайети","TOPPER BLACK FELT WITH SEQUINS HAT","&nbsp;","&nbsp;","-","0","0.00","0.00","1","6.00","0.00","26492.jpg","1","37"
"91","3","98906","Батман","BAT COSTUME","Карнавален костюм, съдържащ :наметка с качулка и домино","Cape with Hood,Eyemask","S, M, L","0","0.00","0.00","0","25.00","0.00","98806.jpg","1","220"
"92","8","30472","Пиратски пищов","TALES OF OLD ENGLAND DICK TURPIN PISTOL","&nbsp;","&nbsp;","-","0","0.00","0.00","1","5.00","0.00","30372.jpg","1","57"
"93","5","35217","Пиратска PVC  маска","MASK,HALF FACE PIRATE PVC ","&nbsp;","&nbsp;","-","0","0.00","0.00","1","12.00","0.00","35117.jpg","1","58"
"94","8","22249","Ръкавици скелет","GLOVES,SKELETON,ADULT,RaisedBones","&nbsp;","&nbsp;&nbsp;","-","0","0.00","0.00","1","8.00","0.00","22149.jpg","1","58"
"95","8","25317","Ръкавици с червени нокти","GLOVES,HALLOWEEN,Red Nails","&nbsp;&nbsp;","&nbsp;&nbsp;","-","0","0.00","0.00","1","8.00","0.00","25217.jpg","1","60"
"96","8","20801","Вампирски зъби","TEETH,FANGS,WHITE","&nbsp;","&nbsp;","-","0","8.00","0.00","0","0.00","0.00","20701.jpg","1","61"
"97","2","30413","Барок лейди","BAROQUE FANTASY DRESS BLUE","&nbsp;Kарнавален костюм, съдържащ: рокля, горна пола,<br />
корсет и&nbsp; бижу.","BAROQUE FANTASY KIT BLUE, MINI DRESS BLUE, BAROQUE FANTASY MASK BLUE.","S, M, ","0","0.00","0.00","1","80.00","0.00","30313.jpg","1","342"
"98","5","30415"," Барок маска","BAROQUE FANTASY MASK,BLUE","&nbsp;","&nbsp;","-","0","0.00","0.00","1","15.00","0.00","30315.jpg","1","56"
"99","8","30418","Украса за коса за кабаретна танцьорка","SEQUIN FEATHER HAIR-CLIP","&nbsp;","&nbsp;&nbsp;","-","0","0.00","0.00","1","10.00","0.00","30318.jpg","0","63"
"100","9","31844","Куче варварин","Barbarian King-dog","&nbsp;&nbsp;","&nbsp;&nbsp;&nbsp;&nbsp;","-","0","0.00","0.00","1","15.00","0.00","31744.jpg","1","1"
"101","9","31925","Куче пират","Pirate dog","&nbsp;","&nbsp;","-","0","0.00","0.00","1","12.00","0.00","31825.jpg","1","2"
"102","2","888770","Фешън вещица","COCKTAIL WITCH","<div>Карнавален костюм -&nbsp;делукс,&nbsp;съдържащ: рокля,колан и ръкавици.</div>","<div>Contains:&nbsp;Dress, Belt, Hat &amp; Glovelets!!! - DELUXE</div>
<div>&nbsp;</div>","S, M, L","0","0.00","0.00","1","45.00","38.00","888670.jpg","1","464"
"103","2","15129","Секси вещица","Sexy Witch","Карнавален костюм, съдържащ: рокля, колан и шапка.","<div>Contains:&nbsp;Dress &amp; belt.</div>","S, M, L","0","0.00","0.00","1","30.00","0.00","15029.jpg","1","469"
"104","2","15910","Весела вещица","Drucilla The Witch","Карнавален костюм, съдържащ: кадифена шапка с коса, рокля и колан. &nbsp;&nbsp;","<div>Contains:&nbsp;Velvet hat with hair, dress, purple and black velvet belt and striped tights.</div>","S, M, L","0","0.00","0.00","1","35.00","0.00","15810.jpg","1","470"
"105","2","15128","Вещица","Witch","Карнавален костюм, съдържащ: рокля и колан.","<div>Contains:&nbsp;Dress &amp; belt.</div>","S, M, L","0","0.00","0.00","1","25.00","0.00","15028.jpg","1","471"
"106","2","16076","Готическа дама","Gothic Vampiress","Карнавален костюм, съдържащ: кадифена яка, кадифена рокля с връзки отпред.","<div>Contains:&nbsp;Velvet collar &amp; velvet trimmed dress with drawstring.</div>
<div>Special Features:&nbsp;Made with real velvet.</div>"," M, L","0","0.00","0.00","1","50.00","0.00","15976.jpg","1","481"
"107","2","888151","Принцеса","Renaissance Queen","Карнавален костюм, съдържащ: рокля, колан и украшение за косата.","<div>Contains:&nbsp;Dress, Headpiece and Belt.</div>","S, M, L","0","0.00","0.00","1","55.00","0.00","888051.jpg","1","480"
"108","2","57107","Магьосница","Sorceress","Карнавален костюм, съдържащ: изправена яка и рокля.","<div>Contains:&nbsp;Stand-up collar and dress.</div>","S, M, L","0","0.00","0.00","1","45.00","0.00","57007.jpg","1","482"
"109","2","17308","Жената от джунглата","Jungle Jane","Карнавален костюм, съдържащ: блузка, пола, колан и лента за косата с тигрова щампа.","<div>Contains:&nbsp;Tiger print headband, top, belt with dagger &amp; skirt.</div>
<div>Special Features:&nbsp;Belt with dagger included.</div>","S, M","0","0.00","0.00","1","35.00","0.00","17208.jpg","1","483"
"110","2","888274","Опасната тигрица","Wild Thing","Карнавален костюм, съдържащ: рокля, опашка и ръкавици.","<div>Contains:&nbsp;Dress with attached tail, ears &amp; glovelets.</div>","S, M, L","0","0.00","0.00","1","50.00","40.00","888174.jpg","1","489"
"111","2","55430","Кралицата на Нил","Queen of the Nile","Карнавален костюм, съдържащ: рокля, колан, шапка и ръкави. &nbsp;&nbsp;","<div>Contains:&nbsp;Headpiece, dress &amp; sleevelets.</div>","S/M","0","0.00","0.00","1","60.00","0.00","55330.jpg","1","390"
"112","2","887131","Дракон лейди","Dragon Lady","Карнавален костюм, съдържащ: рокля, оби и украса за коса.","<div>Contains:&nbsp;Dress, Obi &amp; Headpiece.</div>","S/M","0","0.00","0.00","1","45.00","0.00","887031.jpg","1","384"
"113","2","15996","Кралицата на войната","Athena Warrior Queen","<div>&nbsp;</div>
<div>Карнавален костюм &nbsp;-&nbsp;делукс,&nbsp;съдържащ: украшение за косата, бижу, накитници, гръдна броня, наметка, колан и кадифена пола.</div>","<div>
<div>Contains:&nbsp;Headband, choker, full length cape, breastplate, wristguards, belt &amp; skirt.</div>
<div>Special Features:&nbsp;Skirt Made with Velvet.</div>
</div>","S, M,","0","0.00","0.00","1","55.00","0.00","15898.jpg","0","503"
"114","2","888825","Самурай","Glamorai","Карнавален костюм, съдържащ: рокля с доспехи и украшение за коса.","<div>Contains:&nbsp;DRESS W/ATT ARMOR &amp; HAIR STICKS.</div>
<div>&nbsp;</div>","S, M","0","0.00","0.00","1","50.00","0.00","888725.jpg","0","504"
"115","2","888823","Жената войн","Warrior Queen","Карнавален костюм, съдържащ: рокля с доспехи,горна пола,лента за косата и накитници.","<div>contains:&nbsp;DRESS W/ATT ARMOR, OVERSKIRT, HEADPIECE &amp; GUANTLETS.</div>
<div>&nbsp;</div>","S, M","0","0.00","0.00","1","50.00","0.00","888723.jpg","1","505"
"116","2","15245","Затворничка на любовта","Prisoner of Love","Карнавален костюм, съдържащ: шапка, блуза, ръкавици и панталон.","<div>Contains:&nbsp;Hat, shirt, feather trimmed glovelets and pants.&nbsp;</div>
<div>&nbsp;</div>","S, M, L","0","0.00","0.00","1","45.00","0.00","15145.jpg","1","506"
"117","2","888191","Късметлийската лейди","Lady Luck","Карнавален костюм, съдържащ: шапка, рокля и ръкавици.","<div>Contains:&nbsp;Hat, Dress and Gloves.</div>","S/ M/L","0","0.00","0.00","1","40.00","0.00","888091.jpg","1","112"
"118","8","6649","Боа от банкноти","Money Boa","&nbsp;","&nbsp;","S, M, L, XL","0","0.00","0.00","1","18.00","0.00","6549.jpg","1","64"
"119","2","16546","Мис Кити","Miss Kitty","Карнавален костюм, съдържащ: украшение за коса, рокля с марабу и дантелен корсет.","<div>Contains:Headpiece, dress with feather trim &amp; lace corset.</div>","S, M, L","0","0.00","0.00","1","55.00","0.00","16446.jpg","1","507"
"624","10","36780","Череп със всетещи очи","Skull with Glowing Eyes","<div>Перфектната&nbsp;украса за хелоуин или пиратска парти.</div>","&nbsp;","-","1","0.00","0.00","1","20.00","0.00","36680.jpg","1","2"
"121","2","15130","Дяволица","Devil Lady","Карнавален костюм, съдържащ: рокля с коланче. &nbsp;&nbsp;","<div>Contains:&nbsp;Dress &amp; waist sash.</div>
<div>Special Features:&nbsp;Headpiece not included.</div>","S, M, L, XL","0","0.00","0.00","1","25.00","0.00","15030.jpg","1","518"
"122","2","887112","Райско дяволче","Heavenly Devil","<div>Карнавален костюм, съдържащ: ролкя,крила,&nbsp;рогца, хало, опашка.</div>","<div>Contains:&nbsp;Dress, wings, halo/horns headpiece.</div>","S, M, L","0","0.00","0.00","1","45.00","0.00","887012.jpg","1","524"
"123","2","15313","Ангел","Heavenly Angel","<div>Карнавален костюм съдържащ: ореолче,&nbsp;крила, кадифена рокля с шифонени ръкави и колан.</div>","<div>Contains:&nbsp;Halo, feathered wings, feather trimmed velvet dress with sheer sleeves &amp; belt.</div>
<div>Special Features:&nbsp;dress made of velvet.</div>","S, M","0","0.00","0.00","1","45.00","0.00","15213.jpg","1","527"
"124","2","16445","Монахиня делукс","Nun","Карнавален костюм, съдържащ: роба, колан и &nbsp;монашеска кърпа за коса.","<div>Contains:&nbsp;Headpiece, robe &amp; belt cord.</div>"," M, L, XL","0","0.00","0.00","1","35.00","0.00","16345.jpg","1","148"
"125","2","15982","Монахиня","Nun","<div>Карнавален костюм, съдържащ: роба,&nbsp;монашеска кърпа за коса.</div>","<div>Contains:&nbsp;4-in-1 novelty headpiece &amp; dress.</div>","S, M, L","0","0.00","0.00","1","30.00","0.00","15882.jpg","1","532"
"126","2","886184","Падналия ангел","Fallen Angel","Карнавален костюм, съдържащ: рокля с крила.","<div>Contains:&nbsp;Dress and wings.</div>","S/M","0","0.00","0.00","1","50.00","0.00","886084.jpg","1","529"
"127","2","886182","Гореща дяволица","Devilicious","Карнавален костюм, съдържащ: рокля, ръкавици и рога.","<div>Contains:&nbsp;Dress, glovelets and horns.</div>
<div>&nbsp;</div>","S, M","0","0.00","0.00","1","30.00","0.00","886082.jpg","1","515"
"128","17","38974","Среднощен войн","Midnight Stalker","<div>Карнавален костюм -&nbsp;делукс,&nbsp;съдържащ :палто от материя, имитираща кожа, с яка и катарами</div>","<div>Contains:&nbsp;Double-breasted jacket with metal buckles.</div>","S, L","0","0.00","0.00","1","25.00","0.00","38874.jpg","1","89"
"129","17","881101","Лорд","Warlord","Карнавален костюм, съдържащ: роба с качулка, 3D колан и яка.","<div>Contains:&nbsp;Hooded robe, molded neckpiece and belt.</div>","S, M, L","0","0.00","0.00","1","25.00","0.00","881001.jpg","1","163"
"130","17","882897","Нинджа войн","Ninja Warrior","Карнавален костюм, съдържащ: Нагръдник с мусколест релеф, панталон, колан и маска.","<div>Contains:&nbsp;Muscle chest shirt with tattoo-like sleeves, pants with attached boot tops. waist sash and mask.</div>","30","0","0.00","0.00","1","30.00","0.00","882797.jpg","1","67"
"131","17","882050","Червен нинджа","Red Ninja","Карнавален костюм, съдържащ: блуза, панталон и лента за главата.","<div>Contains:&nbsp;Shirt, Pants &amp; Headband.</div>
<div>&nbsp;</div>","S, M, L","0","0.00","0.00","1","18.00","0.00","881950.jpg","1","188"
"132","17","882253","Войнът златния дракон","Gold Dragon Warrior ","Карнавален костюм, съдържащ: гащеризон с качулка, релефна броня, колан и маска.","<div>Contains:&nbsp;Hooded jumpsuit with EVA pieces, foam tabard, belt and molded mask.</div>
<div>Special Features:&nbsp;EVA molded accented pieces .</div>","S, M, L","0","0.00","0.00","1","30.00","0.00","882153.jpg","1","190"
"133","17","882214","Полицай","Police Officer","Карнавален костюм, съдържащ: шапка, жакет със значка и панталон.","<div>Contains:&nbsp;Hat, jacket &amp; pants.</div>","S, M, L","0","0.00","0.00","1","30.00","0.00","882114.jpg","1","13"
"134","17","882186","Специален агент","S.W.A.T. Team","Карнавален костюм, съдържащ: шлем, гащеризон, имитация на ботуши и жилетка с аксесоари.","<div>Contains:&nbsp;Helmet, jumpsuit with attached boot tops, vest with plastic phone flashlight, handcuffs and accessories.</div>
<div>Special Features:&nbsp;Grenade, binoculars, handcuffs and badge included.</div>","S, M, L","0","0.00","0.00","1","30.00","0.00","882086.jpg","1","152"
"135","17","38690","Командос","Commando","Карнавален костюм, съдържащ: шлем, гащеризон, имитация на ботуши и жилетка с аксесоари.","<div>Contains:&nbsp;Helmet, jumpsuit with attached boot tops, vest with dog tags, binoculars, grenade, phone, compass, knife &amp; canteen.</div>","S","0","0.00","0.00","1","25.00","0.00","38590.jpg","1","151"
"136","17","882900","Гладиатор","Gladiator","Карнавален костюм, съдържащ: блуза, туника, панталон и инитациа на ботуши.","<div>Contains:&nbsp;Shirt, tunic and pants with boot tops.</div>","S/ M","0","0.00","0.00","1","25.00","0.00","882800.jpg","1","130"
"137","17","38906","Кралят войн","Warrior King","<div>Карнавален костюм, съдържащ: качулка с&nbsp;корона, туника и имитация ботуши.</div>","<div>Contains:&nbsp;Headpiece with cowl, tunic and boot tops.</div>","S/ M","0","0.00","0.00","1","25.00","0.00","38806.jpg","1","132"
"138","17","881196","Средновековен войн","Medieval Lord","Карнавален костюм, съдържащ: туника, качулка и колан.","<div>Contains:&nbsp;tunic, hood with cowl and waist sash.</div>","M/ L","0","0.00","0.00","1","20.00","0.00","881096.jpg","1","131"
"139","17","882996","Капитан Блек","Captain Black","<div>Карнавален костюм -&nbsp;делукс,&nbsp;съдържащ: жакет, жилетка, панталон, имитация на ботуши,шапка и колан.</div>","<div>Contains:&nbsp;Jacket with attached vest, pants with attached boot tops, hat and waist sash.</div>","S, M, L","0","0.00","0.00","1","35.00","0.00","882896.jpg","1","36"
"140","17","883001","Капитан Джак","Sea Captain ","Карнавален костюм, съдържащ: риза, панталон, колан и пиратска кърпа.","<div>Contains:&nbsp;Shirt, pants, belt and head scarf.</div>
<div>&nbsp;</div>","S, L","0","0.00","0.00","1","25.00","0.00","882901.jpg","1","144"
"141","19","11864","Пиратски капитан","Pirate Captain","Карнавален костюм, съдържащ: риза с жилетка,панталон и колан ,кърпа с прикачена коса от прежда.","<div>Contains:&nbsp;Headpiece with attached yarn hair, shirt with attached vest, pants and waist sash.</div>","T, S","0","0.00","0.00","1","25.00","0.00","11764.jpg","1","25"
"143","17","881140","Пиратът Джо","Pirate King","Карнавален костюм, съдържащ: блуза, панталон, колан и лента за главата.","<div>Contains:&nbsp;Headband, printed shirt with vinyl front, pants and waist sash.</div>
<div>Special Features:&nbsp;Made with ''''Leather Look'''' .</div>","S, M, L","0","0.00","0.00","1","25.00","0.00","881040.jpg","1","145"
"144","17","883930","Пират от Острова на съкровищата","Peg Leg Pirate","Карнавален костюм, съдържащ: риза, панталон, колан, шапка, маска и дървен крак.","<div>
<div>Contains:&nbsp;Shirt, pants, belt, hat with hidden mask &amp; peg leg.</div>
<div>Special Features:&nbsp;Hidden face mask in hat.</div>
</div>","M/ L","0","0.00","0.00","1","30.00","0.00","883830.jpg","1","147"
"145","17","881151","Индиански вожд","Cherokee Warrior","Карнавален костюм, съдържащ: лента с пера за главата, блуза с кожени ресни и томахавка.","<div>Contains:&nbsp;Headpiece, shirt and tomahawk.</div>","S/ M","0","0.00","0.00","1","20.00","0.00","881051.jpg","1","136"
"146","19","11878","Индианче","Indian Boy","Карнавален костюм, съдържащ: блуза, понталон и перука с перо.","<div>Contains:&nbsp;Feathered headband with attached yarn hair and fringed shirt and pants.&nbsp;</div>","T/ S","0","0.00","0.00","1","30.00","0.00","11778.jpg","1","28"
"147","17","882028","Индианецът войн","Native American Warrior","<div>Карнавален костюм, съдържащ: блуза,&nbsp;панталон и коланче.</div>","<div>Contains:&nbsp;Shirt, pants &amp; waist sash.</div>"," M","0","0.00","0.00","1","18.00","0.00","881928.jpg","1","138"
"148","17","11837","Каубой","Cowboy","Карнавален костюм, съдържащ: шапка с прикачена коса,гащеризон с крачоли с ресни, жилетка и колан.","<div>Contains:&nbsp;Hat with attached yarn hair, jumpsuit with attached neckscarf, vest and belt.</div>
<div>Special Features:&nbsp;Attached yarn hair.&nbsp;</div>","T/ S","0","0.00","0.00","1","30.00","0.00","11737.jpg","1","135"
"150","4","883290","Скарлет вамптреса ","Scarlet Vamptessa ","<div>&nbsp;</div>
<div>Карнавален костюм -&nbsp;делукс,&nbsp;съдържащ: рокля с&nbsp;вдигната яка и корона.</div>
<a style=""display:none;"" href=""http://www.bagshopsite.com"">Replica Dolce &amp; Gabbana Handbags</a>","Contains: dress w/stand up collar &amp; headpiece!!!","S, M, L","0","0.00","0.00","1","35.00","0.00","883190.jpg","1","83"
"151","4","882590","Принцеса","Lady Of The Palace","Карнавален костюм, съдържащ: рокля от кадифе и коронка.","<div>Contains:&nbsp;Burgundy dress and headpiece with veil.</div>
<div>Special Features:&nbsp;Made of velvet.</div>","S, M, L","0","0.00","0.00","1","30.00","0.00","882490.jpg","1","124"
"152","4","881129","Готическа лейди","Gothic Vampiress","Карнавален костюм, съдържащ: кадифена яка, кадифена рокля с връзки отпред.","<div>Contains:</div>
<div>Velvet collar &amp; velvet trimmed dress with drawstring</div>
<div>Special Features:&nbsp;Made with real velvet.&nbsp;</div>","S, M, L","0","0.00","0.00","1","25.00","0.00","881029.jpg","1","125"
"153","4","881126","Готическа вещица","Gothic Witch","Карнавален костюм, съдържащ: шапка, кадифена яка, кадифена рокля с връзки отпред.","<div>Contains:&nbsp;Velvet trimmed hat &amp; dress with drawstring.</div>
<div>Special Features:&nbsp;Made with real velvet.&nbsp;</div>","S, M, L","0","0.00","0.00","1","25.00","0.00","881026.jpg","1","131"
"154","4","883256","Светеща магьосница","Moonlight Magic Witch","Карнавален костюм, съдържащ: рокля, присветкваща пола със светлинки и шапка.","<div>Contains:&nbsp;dress, fiber optic twinkle shirt and hat.</div>","T, S, M","0","0.00","0.00","1","35.00","0.00","883156.jpg","1","136"
"155","4","882237","Пъстроцветна могьосница","Glitter Witch","Карнавален костюм, съдържащ: шапка и рокля.","<div>Contains:&nbsp;Hat &amp; dress with sequin accents.&nbsp;</div>","T, S, M","0","0.00","0.00","1","25.00","0.00","882137.jpg","1","28"
"156","4","882830","Розовата Фея","Springtime Fairy","Карнавален костюм, съдържащ: рокля, крилца.","<div>Contains:&nbsp;Dress, wristlets (2), wings.</div>","T/ S","0","0.00","0.00","1","30.00","0.00","882730.jpg","1","153"
"157","4","883037","Принцеса Бел","Purple Southern Belle","<div>Карнавален костюм, съдържащ: рокля,колан и шапка.</div>","<div>Contains:&nbsp;dress, belt and hat.</div>","S, M, L","0","0.00","0.00","1","35.00","0.00","882937.jpg","1","149"
"158","4","885560","Пепеляшка","Cinderella","Карнавален костюм, съдържащ: рокля, гривна, бижу и коронка.","<div>Contains:&nbsp;Dress, bracelet, choker and tiara.</div>","S, M","0","0.00","0.00","1","35.00","0.00","885460.jpg","1","114"
"159","4","882941","Приказна фея","Renaissance Princess","Карнавален костюм, съдържащ: шапка с воал, рокля с пух и колан.","<div>Contains:&nbsp;Hat with veil, feather trimmed over dress, under dress and belt.</div>
<div>&nbsp;</div>","S, M, L","0","0.00","0.00","1","30.00","0.00","882841.jpg","1","160"
"160","4","882456","Главатарката на разбойниците","Ms. Skull and Bones","Карнавален костюм, съдържащ: рокля с прикачена жилетка и шапка.","<div>Contains:&nbsp;Dress with attached vest, hat with head scarf.</div>
<div>Special Features:&nbsp;leather look bodice.&nbsp;</div>","S, M, L","0","0.00","0.00","1","25.00","0.00","882356.jpg","1","150"
"161","4","11838","Каугърл","Cowgirl","Карнавален костюм, съдържащ: шапка с коса, рокля, жилетка и колан.","<div>Contains:&nbsp;Hat with attached yarn hair, dress with attached vest and belt.</div>
<div>Special Features:&nbsp;Attached yarn hair.</div>","T, S","3","0.00","0.00","1","25.00","0.00","11738.jpg","1","161"
"162","4","882945","Поп звезда","Glamour Diva","Карнавален костюм, съдържащ: кадифен гащеризон с марабу, жакет от марабу.","<div>Contains:&nbsp;Pink feather boa jacket and black velvet jumpsuit with matching feathers.</div>","S, M, L","0","0.00","0.00","1","25.00","0.00","882845.jpg","1","166"
"163","4","882135","Розово дяволче","Devilicious","Карнавален костюм, съдържащ:горно с марабу, ръкавици, крилца, панталон и рогца.","<div>
<div>Contains:&nbsp;Top, glovelets, printed wings, pants and headband with glitter horns.</div>
<div>Special Features:&nbsp;Trimmed with marabou and vinyl accents.</div>
</div>","S, M, L","0","0.00","0.00","1","30.00","0.00","882035.jpg","1","165"
"164","17","882026","Клоун","Clown","<div>Карнавален костюм съдържащ: шапка и&nbsp;гащеризон.</div>","<div>Contains:&nbsp;Hat &amp; jumpsuit.&nbsp;<br />
Special Features:&nbsp;Fuller cut.</div>","S, L","0","0.00","0.00","1","20.00","0.00","881926.jpg","1","126"
"165","4","12014","Шарен клоун","Colorful Clown","<div>Карнавален костюм, съдържащ: шапка с&nbsp;прикачена коса от прежда и гащеризон.</div>","<div>Contains:&nbsp;Hat with attached yarn hair &amp; jumpsuit.</div>","T, S","0","0.00","0.00","1","30.00","0.00","11914.jpg","1","163"
"166","4","885724","Парцалена кукла","Rag Doll Girl","Карнавален костюм, съдържащ: шапка <a style=""display:none;"" href=""http://www.bagstyle.cn"">Replica Bvlgari Handbags</a> с прикачена коса и рокля с престилка.","<div>Contains:&nbsp;Hat with attached yarn hair and dress with apron.</div>","T, S","0","0.00","0.00","1","30.00","0.00","885624.jpg","1","27"
"167","4","882025","Медицинска сестра","Nurse","Карнавален костюм, съдържащ: диадема, рокля с престилка.","<div>Contains:&nbsp;Headpiece &amp; dress with attached apron.</div>
<div>Special Features:&nbsp;Fuller cut.</div>","S, M, L","0","0.00","0.00","1","15.00","0.00","881925.jpg","1","164"
"169","4","882171","Снежанка","Snow White","Карнавален костюм, съдържащ: рокля с наметка.","<div>Contains:&nbsp;Dress with attached cape.</div>","T, S, M","0","0.00","0.00","1","30.00","0.00","882071.jpg","1","127"
"170","19","885456","Мече","Oatmeal Bear","Карнавален костюм, съдържащ: гащеризон с неплязгаши подметки,качулка с ушички.","<div>Contains:</div>
<div>Jumpsuit with non-skid soles, headpiece with ears and blanket</div>
<div>Special Features:&nbsp;Made of Chenille and flannel.</div>","I","0","0.00","0.00","1","30.00","0.00","885356.jpg","1","2"
"171","17","882411","Зоро","Muscle Chest Zorro","<div>Карнавален костюм -&nbsp;делукс,&nbsp;съдържащ: гащеризон с мускулести гърди, имитация ботуши, колан, шапка, домино и наметка.</div>","<div>Contains:&nbsp;Muscle chest jumpsuit with attached boot tops, belt, hat, eyemask and cape.</div>"," S, M, L","0","0.00","0.00","1","35.00","0.00","882311.jpg","1","112"
"172","17","882410","Зоро","Zorro","Kарнавален костюм, съдържащ: наметка, риза, панталон, имитация ботуши, домино и колан.","<div>Contains:&nbsp;Cape, shirt, pants with attached boot tops.</div>
<div>Special Features:&nbsp;Bandana with eyemask and belt included.&nbsp;</div>"," M","0","0.00","0.00","1","30.00","0.00","882310.jpg","1","111"
"173","17","883204","Батман","Batman","<div>&nbsp;</div>
<div>Kарнавален костюм -&nbsp;делукс, съдържащ: гащеризон с мускулести гърди, имитация ботуши, колан, маска и наметка.</div>","<div>Contains:&nbsp;Muscle chest jumpsuit with attached boot tops, headpiece, cape and belt.</div>"," S, M, L","0","0.00","0.00","1","35.00","0.00","883104.jpg","1","110"
"174","19","885723","Супермен","Superman","Kарнавален костюм, съдържащ: гащеризон и наметка","<div>Contains:&nbsp;Jumpsuit &amp; cape.</div>","I, T","0","0.00","0.00","1","25.00","0.00","885623.jpg","1","16"
"175","17","882408","Светкавицата","Deluxe Muscle Chest The Flash","<div>&nbsp;</div>
<div>Kарнавален костюм -&nbsp;делукс, съдържащ: гащеризон с мускулести гърди, имитация ботуши, колан и маска.&nbsp;</div>","<div>Contains:&nbsp;Muscle chest jumpsuit with attached boot tops, belt and headpiece.</div>","T, S, M","0","0.00","0.00","1","35.00","0.00","88238.jpg","1","6"
"176","17","5269","Фродо","Frodo™ Accessory Kit","Kарнавален костюм, съдържащ: наметка с качулка, торбичка, светещ меч и пръстен.","<div>Contains:&nbsp;Hooded cloak, pouch, light-up sword &amp; ring.</div>"," M/ L","0","0.00","0.00","1","20.00","0.00","5169.jpg","1","113"
"177","4","883194","Котенце","Bratz Cat","Kарнавален костюм, съдържащ: гащеризон, опашка и ушички. <a style=""display:none;"" href=""https://www.bestshoesites.com"">best elevator shoes</a>","<div>Contains:&nbsp;Jumpsuit with tail and ears.</div>","S, M, L","0","0.00","0.00","1","25.00","0.00","883094.jpg","1","42"
"179","4","11706","Пебълс Флинстоун","Pebbles","Kарнавален костюм, съдържащ: перука и гащеризон от мек полар.","<div>Contains:&nbsp;Headpiece, fleece jumpsuit with attached feet.</div>
<div>Special Features:&nbsp;Fleece material, attached feet.</div>","T, S, M","0","0.00","0.00","1","30.00","0.00","11606.jpg","1","167"
"180","17","11707","Бам-Бам","Bamm-Bamm","Kарнавален костюм, съдържащ: перука с шапка и гащеризон от мек полар и бухалка.","<div>Contains:&nbsp;Headpiece, fleece jumpsuit with attached feet and club.</div>
<div>Special Features:&nbsp;Fleece material, attached feet, club included.</div>","T, S, M","0","0.00","0.00","1","30.00","0.00","11607.jpg","1","117"
"181","4","883046","Спящата красавица","Sleeping Beauty","Kарнавален костюм, съдържащ: рокля със свалящи се ръкави, коронка и татуировка.","<div>Contains:&nbsp;Dress with detachable sleeves, tiara and tattoos.</div>","T, S, M","0","0.00","0.00","1","30.00","0.00","882946.jpg","1","129"
"182","4","882887","Принцеса Фиона ","Princess Fiona","Kарнавален костюм, съдържащ: рокля със свалящи се ръкави, коронка и колан.","<div>Contains:&nbsp;Dress with detachable sleeves, belt cord and tiara.</div>
<div>Special Features:&nbsp;Tattoos included.</div>","T, S, M","0","0.00","0.00","1","30.00","0.00","882787.jpg","1","128"
"183","8","7371","Кронка и ушички","Princess Fiona™ Tiara w/Ears","&nbsp;","&nbsp;","-","0","0.00","0.00","1","5.00","0.00","7271.jpg","1","66"
"184","8","4587","Батман маска - детска","Child Batman Mask","&nbsp;","&nbsp;","-","0","0.00","0.00","1","5.00","0.00","4487.jpg","1","72"
"185","8",,"Батман маска","Adult Batman Mask","&nbsp;","&nbsp;","-","0","0.00","0.00","1","8.00","0.00","4496.jpg","1","73"
"186","2","15133","Матрицата","Matrix  Trinity","Kарнавален костюм, съдържащ: очила и палто.","<div>Contains:&nbsp;Glasses &amp; PVC coat.</div>
<div>&nbsp;</div>","S, M, L","0","0.00","0.00","1","40.00","0.00","15033.jpg","0","533"
"187","3","56265","Зоро","Deluxe Muscle Chest Zorro","<div>Kарнавален мъжки &nbsp;костюм -&nbsp;делукс, съдържащ: гащеризон с имитация на ботуши, наметка, колан, шапка и домино.</div>","<div>Contains:&nbsp;Jumpsuit with boot tops, cape, belt, hat &amp; eye mask.</div>
<div>Special Features:&nbsp;Muscle chest shirt.</div>","STD, XL","0","235.00","0.00","1","65.00","0.00","56165.jpg","1","217"
"188","2","888755","Лейди Зоро","Lady Zorro","<div>Kарнавален костюм -&nbsp;делукс, съдържащ: горно, наметка, пола, колан, домино и ръкавици.</div>","<div>Contains:&nbsp;Top, Skirt with waist sash, cape, eyemask, gauntlets.&nbsp;</div>","S, M, L","0","0.00","0.00","1","60.00","0.00","888655.jpg","1","534"
"189","3","888536","Фред Флинстоун","Fred Flintstone","Мъжки карнавален костюм, съдържащ: палто с яка, вратовръзка, маншети, перука и обувки.","<div>Contains:&nbsp;Coat with collar, Necktie, Cuffs, Wig &amp; Shoe Covers.</div>","M, L, XL","0","0.00","0.00","1","40.00","0.00","888436.jpg","1","216"
"190","2","16983","Пебълс Флинстоун","Pebbles","Kарнавален костюм, съдържащ: блузка, пола, перука с кокал и чорапки без пръсти.","<div>Contains:&nbsp;Shirt, shorts, wig with bone and leg covers.</div>","S, M","0","0.00","0.00","1","50.00","0.00","16883.jpg","1","535"
"191","2","888537","Уилма Флинстоун","Wilma Flintstone","Kарнавален костюм, съдържащ: рокля, перука и гердан.","<div>Contains:&nbsp;Dress, wig and necklace.</div>"," M, L","0","0.00","0.00","1","40.00","0.00","888437.jpg","1","536"
"192","8","6679","Зоро кинжал ","Zorrо Dagger","&nbsp;","&nbsp;","-","0","0.00","0.00","1","5.00","0.00","6579.jpg","1","74"
"193","8","6675","Зоро сабя делукс","Deluxe Zorro  Sword","&nbsp;","&nbsp;","-","0","0.00","0.00","1","8.00","0.00","6575.jpg","1","75"
"194","5","4675","Терминатор винил маска","T600 Vinyl Adult Mask","&nbsp;","&nbsp;","-","0","0.00","0.00","1","15.00","0.00","4575.jpg","1","60"
"195","5","3139","Маска Туити","Tweety Bird","&nbsp;","&nbsp;","-","0","0.00","0.00","1","2.00","0.00","3039.jpg","1","102"
"196","5","3087","Маска Бъни","Bugs Bunny","&nbsp;","&nbsp;","-","0","0.00","0.00","1","2.00","0.00","2987.jpg","1","103"
"197","5","3138","Маска Дък","Daffy Duck","&nbsp;","&nbsp;","-","0","0.00","0.00","1","2.00","0.00","3038.jpg","1","104"
"198","5","3140","Маска Силвестър","Sylvester","&nbsp;","&nbsp;","-","0","0.00","0.00","1","2.00","0.00","3040.jpg","1","105"
"199","8","6943","Питатски чоропогащник  с черепчета","Pirate Print Tights","&nbsp;","&nbsp;","-","0","14.00","0.00","0","0.00","0.00","6843.jpg","1","76"
"200","8","6945","Чоропогащник с пламъци","Flame Print Tights","&nbsp;","&nbsp;","-","0","15.00","0.00","0","0.00","0.00","6845.jpg","1","77"
"201","8","8610","Мрежести чорапи с панделки","Cameo Thigh Highs","&nbsp;","&nbsp;","-","0","14.00","0.00","0","0.00","0.00","8510.jpg","1","78"
"202","8","7992","Белезници с ключе","Rhinestone Hand Cuffs","&nbsp;","&nbsp;","-","0","0.00","0.00","1","5.00","0.00","7892.jpg","1","79"
"203","7","51812","Перука - баронеса","Sweet Marie Wig","&nbsp;","&nbsp;","-","0","0.00","0.00","1","20.00","0.00","51712.jpg","1","16"
"204","8","2113","Мустаци","Handlebar Moustache","&nbsp;","&nbsp;","-","0","7.00","0.00","0","0.00","0.00","2013.jpg","1","81"
"205","6","49160","забавна карнавална шапка  за вещица","Funky Black Witch Hat","&nbsp;","&nbsp;","-","0","0.00","0.00","1","12.00","0.00","49060.jpg","1","38"
"206","6","49404","Кадифена черна шапка  с паяжина и коса","Black Velvet Cobweb Hat N&#039;&#039; Hair","&nbsp;","&nbsp;","-","0","0.00","0.00","1","15.00","0.00","49304.jpg","1","40"
"207","6","49580","Пиратска шапка със  светещ череп","Fiber Optic Pirate Hat","&nbsp;","&nbsp;","-","0","0.00","0.00","1","15.00","0.00","49480.jpg","1","41"
"208","6","49462","Кадифена черна шапка с марабу","Midnight Cowgirl Hat","&nbsp;","&nbsp;","-","3","0.00","0.00","1","6.00","0.00","49362.jpg","0","43"
"209","6","49101","Цилиндър","Adult Durashape Top Hat","&nbsp;","&nbsp;","-","0","0.00","0.00","1","10.00","0.00","49001.jpg","1","50"
"210","6","49738","Готическа шапка ","Gothic Rose Top Hat","&nbsp;","&nbsp;","-","0","0.00","0.00","1","12.00","0.00","49638.jpg","1","48"
"211","6","49383","Испанска шапка","Adult Durashape Spanish Hat","&nbsp;","&nbsp;","-","0","0.00","0.00","1","10.00","0.00","49283.jpg","1","51"
"212","6","49414","Пиратска шапка с перо","Tricorn Buccaneer Hat","&nbsp;","&nbsp;","-","0","0.00","0.00","1","10.00","0.00","49314.jpg","1","53"
"213","6","H401","Индианска шапка с пера делукс","Native American Headdress","&nbsp;","&nbsp;","-","0","0.00","0.00","1","6.00","0.00","H301.jpg","0","54"
"214","6","49657","Детска кралска корона","King&#039;&#039;s Crown","&nbsp;","&nbsp;","-","0","0.00","0.00","1","12.00","0.00","49557.jpg","0","55"
"215","6","2773","Пухкава шапка с яка с ушички и лапички","Cats","&nbsp;","&nbsp;","-","0","0.00","0.00","1","18.00","0.00","2673.jpg","1","23"
"216","6","49592","Готварска забавна шапка","Chef Hat","&nbsp;","&nbsp;","-","3","0.00","0.00","1","12.00","0.00","49492.jpg","0","59"
"218","3","522","Престилка на готвач","Chef Apron","&nbsp;","&nbsp;","S, M, L, XL","0","0.00","0.00","1","10.00","0.00","422.jpg","1","317"
"219","5","4392","Венецианска маска с пера","Bird of Paradise","&nbsp;","&nbsp;","-","0","0.00","0.00","1","5.00","0.00","4292.jpg","1","63"
"220","5","3574","Маска котенце с ушички","Black Net Cat Mask with Ears","&nbsp;","&nbsp;","-","0","0.00","0.00","1","8.00","0.00","3474.jpg","0","44"
"221","5","3583","Домино за карнавал","Man&#039;&#039;s Mesh Mask","&nbsp;","&nbsp;","-","0","0.00","0.00","1","5.00","0.00","3483.jpg","1","66"
"222","5","8310","Прилеп домино и диадема","Bat Headband &amp; Mask Set-Black!","&nbsp;","&nbsp;","-","0","0.00","0.00","1","8.00","0.00","8210.jpg","1","67"
"223","5","8299","Паяче домино и диадема","Spider Headband &amp; Mask Set-Purple","&nbsp;","&nbsp;","-","0","0.00","0.00","1","8.00","0.00","8199.jpg","1","68"
"224","5","8312","Леопард домино и ушички","Leopard Headband &amp; Eyemask Set !!","&nbsp;","&nbsp;","-","0","0.00","0.00","1","8.00","0.00","8212.jpg","1","69"
"225","8","2068","Пухени крила делукс","Deluxe Feather Wings","&nbsp;","&nbsp;","-","0","0.00","0.00","1","14.00","0.00","1968.jpg","1","82"
"226","8","2069","Пухени крила делукс","Deluxe Feather Wings","&nbsp;","&nbsp;","-","0","0.00","0.00","1","12.00","0.00","1969.jpg","1","84"
"227","8","7858","Черни тюлени крила","Black Gauze Wings","&nbsp;","&nbsp;","-","0","0.00","0.00","1","18.00","0.00","7758.jpg","1","85"
"228","8","571","Ангелски ореол","Luxurious Marabou Halo","&nbsp;","&nbsp;","-","0","0.00","0.00","1","3.00","0.00","471.jpg","1","86"
"229","8","1574","Кожени ръкавици","Studded Gloves","&nbsp;","&nbsp;","-","0","0.00","0.00","1","6.00","0.00","1474.jpg","1","87"
"232","8","1154","Нинжа оръжие","Dragon Ninja Nunchaku","&nbsp;","&nbsp;","-","0","0.00","0.00","1","5.00","0.00","1054.jpg","1","88"
"233","8","1155","Старинен меч делукс","Skull Ninja Sword","&nbsp;","&nbsp;","-","0","0.00","0.00","1","8.00","0.00","1055.jpg","1","92"
"234","8","545","Пиратска превръзка за око","See-Thru Eyepatch","&nbsp;","&nbsp;","-","0","0.00","0.00","1","2.00","0.00","445.jpg","1","93"
"235","6","49685","Велурена пиратска шапка","Black velvet pirate hat","&nbsp;","&nbsp;","-","0","0.00","0.00","1","12.00","0.00","49585.jpg","0","57"
"236","6","49676","Призрачна пиратска шапка","Ghost Ship Pirate Hat - Grey","&nbsp;","&nbsp;","-","0","0.00","0.00","1","10.00","0.00","49576.jpg","1","58"
"237","7","50955","Перука Снежанка","Snow White™ Wig","&nbsp;","&nbsp;","-","0","0.00","0.00","1","12.00","0.00","50855.jpg","1","48"
"238","7","51521","Перука принцеса","Charming Princess Blonde Wig","&nbsp;","&nbsp;","-","0","0.00","0.00","1","10.00","0.00","51421.jpg","1","49"
"239","7","50958","Перука Спящата красавица","Sleeping Beauty Wig","&nbsp;","&nbsp;","-","0","0.00","0.00","1","10.00","0.00","50858.jpg","1","50"
"240","7","51515","Перука Златното мониче","Enchanted Princess Blonde Wig","&nbsp;","&nbsp;","-","0","0.00","0.00","1","12.00","0.00","51415.jpg","1","51"
"241","7","50966","Перука Покахонтас","Masquerade Wig","&nbsp;","&nbsp;","-","0","0.00","0.00","1","10.00","0.00","50866.jpg","0","52"
"242","7","50950","Перука Вампир","Vampire Wig","&nbsp;","&nbsp;","-","0","0.00","0.00","1","8.00","0.00","50850.jpg","1","53"
"243","7","2071","Перука клоун"," Multi Color Clown Wig","&nbsp;","&nbsp;","-","0","0.00","0.00","1","6.00","0.00","1971.jpg","1","54"
"244","7","50953","Перука клоун","Rag Doll Boy Wig","&nbsp;","&nbsp;","-","0","0.00","0.00","1","10.00","0.00","50853.jpg","1","55"
"245","7","50589","Блестяща перука Звезда, синя","Glitter Diva Wig","&nbsp;","&nbsp;","-","0","0.00","0.00","1","12.00","0.00","50489.jpg","1","56"
"246","7","50783","Перука-трицветна"," Tri Color Wigs - Sunburst Wig","&nbsp;","&nbsp;","-","0","0.00","0.00","1","15.00","0.00","50683.jpg","1","57"
"247","7","51942","Перука - модерната кроманьонка"," Fashion Runway Wig","&nbsp;","&nbsp;","-","0","0.00","0.00","1","15.00","0.00","51842.jpg","1","58"
"248","7","51538","Перука - златокъдро момиче","Goldilocks Wig","&nbsp;","&nbsp;","-","0","0.00","0.00","1","15.00","0.00","51438.jpg","1","59"
"249","7","50933","Перука Мерилин","Hollywood Starlet Wig","&nbsp;","&nbsp;","-","0","0.00","0.00","1","12.00","0.00","50833.jpg","1","61"
"250","7","51776","Перука Рококо","Showgirl Wig","&nbsp;","&nbsp;","-","0","0.00","0.00","1","25.00","0.00","51676.jpg","1","62"
"251","7","50899","Перука-колонална лейди, черна","Colonial Woman Black Wig","&nbsp;","&nbsp;","-","0","0.00","0.00","1","18.00","0.00","50799.jpg","1","63"
"252","7","50960","Перука-гръцка принцеса","Grecian Goddess Wig","&nbsp;","&nbsp;","-","0","0.00","0.00","1","12.00","0.00","50860.jpg","1","65"
"253","7","51319","Перука - ренесансово момиче, руса","Blonde Renaissance Girl Wig","&nbsp;","&nbsp;","-","0","0.00","0.00","1","15.00","0.00","51219.jpg","1","66"
"254","7","50900","Перука-колонална лейди, бяла","White Colonial Lady Wig","&nbsp;","&nbsp;","-","0","0.00","0.00","1","25.00","0.00","50800.jpg","1","67"
"255","7","51320","Перука - ренесансово момиче, черна","Black Renaissance Girl Wig","&nbsp;","&nbsp;","-","0","0.00","0.00","1","15.00","0.00","51220.jpg","1","68"
"256","7","51324","Перука-дива лейди"," Maiden Princess Wig","&nbsp;","&nbsp;","-","0","0.00","0.00","1","15.00","0.00","51224.jpg","1","69"
"257","7","50777","Перука - ренесансово момиче с плитки"," Brown Renaissance Lady Wig","&nbsp;","&nbsp;","-","0","0.00","0.00","1","12.00","0.00","50677.jpg","1","70"
"258","7","50653","Блестяща перука Звезда, черна","Black Superstar Wig with Silver  Tinsel","&nbsp;","&nbsp;","-","0","0.00","0.00","1","15.00","0.00","50553.jpg","1","71"
"259","7","51330","Перука - азиатска лейди","Asian Lady Wig","&nbsp;","&nbsp;","-","0","0.00","0.00","1","15.00","0.00","51230.jpg","1","72"
"260","7","50756","Перука - китайското момиче","China Girl Wig","&nbsp;","&nbsp;","-","0","0.00","0.00","1","15.00","0.00","50656.jpg","1","73"
"261","7","51282","Перука - пиратка с плитки","Pirate Wench Wig","&nbsp;","&nbsp;","-","0","0.00","0.00","1","15.00","0.00","51182.jpg","0","75"
"262","7","51281","Перука  -карибски пират","Caribbean Pirate Wig","&nbsp;","&nbsp;","-","0","0.00","0.00","1","10.00","0.00","51181.jpg","1","76"
"263","7","51553","Перука - секси пиратка","Brown Sexy Pirate Wig","&nbsp;","&nbsp;","-","0","0.00","0.00","1","18.00","0.00","51453.jpg","1","78"
"264","7","50897","Перука - благородник","White Colonial Man Wig","&nbsp;","&nbsp;","-","0","0.00","0.00","1","25.00","0.00","50797.jpg","1","79"
"265","7","50848","Перука - мускетар ","Extra Long Auburn Curly Wig","&nbsp;","&nbsp;","-","0","0.00","0.00","1","25.00","0.00","50748.jpg","1","80"
"266","7","50931","Перука - съдия","Judge Wig","&nbsp;","&nbsp;","-","0","0.00","0.00","1","20.00","0.00","50831.jpg","1","81"
"267","7","51792","Перука- червенокосият индиянец с плитките","Super Mohawk Wig","&nbsp;","&nbsp;","-","0","0.00","0.00","1","18.00","0.00","51692.jpg","1","82"
"268","7","51566","Перука - Кроманьонецът","Crazy Caveman Wig","&nbsp;","&nbsp;","-","0","0.00","0.00","1","10.00","0.00","51466.jpg","1","83"
"269","7","50885","Перука - прическа раста","Jamaican Rasta Wig","&nbsp;","&nbsp;","-","0","0.00","0.00","1","15.00","0.00","50785.jpg","1","84"
"270","7","51006","Перука - червени гребен","Red Rant-n-Rave Wig","&nbsp;","&nbsp;","-","0","0.00","0.00","1","12.00","0.00","50906.jpg","1","85"
"271","7","51796","Перука - пънк","Cyber Punk Blue Wig","&nbsp;","&nbsp;","-","0","0.00","0.00","1","18.00","0.00","51696.jpg","1","86"
"272","7","51934","Перука - Хълк Холгън","Wrestling Star Wig","&nbsp;","&nbsp;","-","0","0.00","0.00","1","15.00","0.00","51834.jpg","1","87"
"273","7","51936","Перука - черният ангел","Dark Angel Wig","&nbsp;","&nbsp;","-","0","0.00","0.00","1","12.00","0.00","51836.jpg","0","88"
"274","7","51536","Готическа перука","Gothic Punk Wig","&nbsp;","&nbsp;","-","0","0.00","0.00","1","12.00","0.00","51436.jpg","1","89"
"275","7","51477","Вампирска перука","Little Priss Muffet Wig","&nbsp;","&nbsp;","-","0","0.00","0.00","1","15.00","0.00","51377.jpg","1","90"
"276","7","51413","Перука - дяволица","Devil Wig Black","&nbsp;","&nbsp;","-","0","0.00","0.00","1","15.00","0.00","51313.jpg","1","91"
"277","7","51939","Перука - черно и бяло","Curly Locks Wig Black &amp; White","&nbsp;","&nbsp;","-","0","0.00","0.00","1","18.00","0.00","51839.jpg","1","92"
"278","7","51306","Перука - магьосницата","Ghouldilocks Wig","&nbsp;","&nbsp;","-","0","0.00","0.00","1","18.00","0.00","51206.jpg","1","93"
"279","7","58257","Червена перука с рога"," Horned Goddess Wig","&nbsp;","&nbsp;","-","0","0.00","0.00","1","12.00","0.00","58157.jpg","1","94"
"280","7","51768","Перука - прилеп","Bat Girl Wig","&nbsp;","&nbsp;","-","0","0.00","0.00","1","12.00","0.00","51668.jpg","1","95"
"281","7","51789","Перука  -вещица","Futuristic Witch Blonde Wig","&nbsp;","&nbsp;","-","0","0.00","0.00","1","12.00","0.00","51689.jpg","1","96"
"282","7","51034","Перука - зелена вещица","Batty Witch Wig","&nbsp;","&nbsp;","-","0","0.00","0.00","1","12.00","0.00","50934.jpg","1","97"
"283","7","51412","Перука - дяволицата","Devil Wig","&nbsp;","&nbsp;","-","0","0.00","0.00","1","12.00","0.00","51312.jpg","1","98"
"284","7","50802","Перука - сребристото момиче","24in Grey Wig ","&nbsp;","&nbsp;","-","0","0.00","0.00","1","10.00","0.00","50702.jpg","1","99"
"285","7","50800","Перука - моргана","Popular Price Long Hair Wig","&nbsp;","&nbsp;","-","0","0.00","0.00","1","10.00","0.00","50700.jpg","0","100"
"286","7","51774","Перука - фантазия","Frenzy Wig","&nbsp;","&nbsp;","-","0","0.00","0.00","1","20.00","0.00","51674.jpg","1","101"
"287","7","51550","Перука - Графиня","Thy Wicked Court Wig ","&nbsp;","&nbsp;","-","0","0.00","0.00","1","25.00","0.00","51450.jpg","1","102"
"288","7","51548","Перука с паячета"," Ghost Bride Wig","&nbsp;","&nbsp;","-","0","0.00","0.00","1","12.00","0.00","51448.jpg","1","103"
"289","7","51975","Перука - вамптреса"," Frighten Vamp Wig","&nbsp;","&nbsp;","-","0","0.00","0.00","1","15.00","0.00","51875.jpg","1","104"
"290","7","51974","Перука - червеният дявол","Diabolique Wig","&nbsp;","&nbsp;","-","0","0.00","0.00","1","12.00","0.00","51874.jpg","1","105"
"291","7","51977","Перука - бодър косъм","Dark Ages WIg","&nbsp;","&nbsp;","-","0","0.00","0.00","1","15.00","0.00","51877.jpg","0","106"
"292","7","51982","Перука с паячета 2","Spider Harlequin Wig","&nbsp;","&nbsp;","-","0","0.00","0.00","1","20.00","0.00","51882.jpg","1","107"
"293","7","51808","Перука - вампирска","Underlord Wig","&nbsp;","&nbsp;","-","0","0.00","0.00","1","18.00","0.00","51708.jpg","1","108"
"294","7","51017","Перука - силен вятър","Dr. Freeze Wig","&nbsp;","&nbsp;","-","0","0.00","0.00","1","12.00","0.00","50917.jpg","1","109"
"295","7","51018","Перука - настъхна ми косата","Fire Storm Wig","&nbsp;","&nbsp;","-","0","0.00","0.00","1","12.00","0.00","50918.jpg","1","110"
"296","7","51549","Перука - Граф","Thy Wicked Court Wig ","&nbsp;","&nbsp;","-","0","0.00","0.00","1","18.00","0.00","51449.jpg","1","111"
"297","7","50512","Перука - афро, светеща в тъмното","Glow-In-The-Dark Afro Wig ","&nbsp;","&nbsp;","-","0","0.00","0.00","1","15.00","0.00","50412.jpg","1","112"
"298","7","51039","Перука - бяла с бели  светлинки","White Fiber Optic Wig","&nbsp;","&nbsp;","-","0","0.00","0.00","1","20.00","0.00","50939.jpg","1","113"
"299","7","51038","Перука- черна със червени  светлинки","Black Fiber Optic Wig","&nbsp;","&nbsp;","-","0","0.00","0.00","1","15.00","0.00","50938.jpg","1","114"
"300","7","50864","Перука - многоцветен клоун","Popular Price Multicolored Clown  Wigs","&nbsp;","&nbsp;","-","0","0.00","0.00","1","8.00","0.00","50764.jpg","1","115"
"301","7","50868","Перука- червен клоун","Popular Price Red Clown Wig","&nbsp;","&nbsp;","-","0","0.00","0.00","1","8.00","0.00","50768.jpg","1","116"
"302","7","50781","Перука - супер афро","Blonde Super Afro Wig","&nbsp;","&nbsp;","-","0","0.00","0.00","1","10.00","0.00","50681.jpg","1","117"
"303","8","8318","Дяволски рогца и опашка","Red Devil Headband &amp; Tail Set","&nbsp;","&nbsp;","-","0","0.00","0.00","1","8.00","0.00","8218.jpg","1","95"
"304","8","13703","Дяволски рогца,папионка  и опашка","Devil","&nbsp;","&nbsp;","-","0","0.00","0.00","1","6.00","0.00","13603.jpg","1","96"
"305","8","13773","Дяволски рогца,папионка  и опашка","Sequin Devil Accessory Kit ","&nbsp;","&nbsp;","-","0","0.00","0.00","1","8.00","0.00","13673.jpg","1","97"
"306","8","504","Белезници с ключе","Trick Handcuffs with Keys","&nbsp;","&nbsp;","-","0","0.00","0.00","1","5.00","0.00","404.jpg","1","99"
"307","8","404B","танцувален бастун","Theatrical Cane","&nbsp;","&nbsp;","-","0","0.00","0.00","1","6.00","0.00","304B.jpg","1","100"
"308","8","8267","Сатър в главата","Butcher Knife thru Head","&nbsp;","&nbsp;","-","0","0.00","0.00","1","8.00","0.00","8164.jpg","1","101"
"309","8","8264","спринцовка в  главата","Bad Shot","&nbsp;","&nbsp;","-","0","0.00","0.00","1","5.00","0.00","8164A.jpg","1","102"
"310","8","13791","Калинка:диадема и крилца","Ladybug","&nbsp;&nbsp;","&nbsp;&nbsp;","-","0","0.00","0.00","1","12.00","0.00","13691.jpg","1","103"
"311","8","528A","Цигарета","Cigarette Holder","&nbsp;","&nbsp;","-","0","8.00","0.00","0","0.00","0.00","428A.jpg","1","104"
"312","8",,"украшрние за глава - Клеопатра","Cleopatra headpiece","&nbsp;","&nbsp;","-","0","0.00","0.00","1","8.00","0.00","13653.jpg","1","105"
"313","2","13104","Мики-маус","Female Mouse","&nbsp; Карнавален дамски костюм, съдържащ: поличка, мики- маус ушички и панделка.<br />","&nbsp;","-","0","0.00","0.00","1","15.00","0.00","13004.jpg","1","396"
"314","8","13784","Екзекутор маска и брадва","Executioner","&nbsp;","&nbsp;","-","0","0.00","0.00","1","8.00","0.00","13684.jpg","1","106"
"315","8","13753","Прилеп украшение за глава","Bat headpiece","&nbsp;","&nbsp;","-","0","0.00","0.00","1","8.00","0.00","13654.jpg","1","107"
"316","4","13712","Ангелче","Angel","Съдържа:&nbsp;крила, ореолче,&nbsp;жезъл и поличка.","&nbsp;Contains:
<div>Wings, headpiece, wand and tutu.</div>","S, M, L","0","0.00","0.00","1","15.00","0.00","13612.jpg","1","158"
"317","4","13715","Пеперуда","Butterfly","<div>Съдържа: крила, диадема&nbsp;с антенки, жезъл и поличка.</div>","<div>Contains:&nbsp;Wings, headpiece, wand and tutu.</div>","S, M, L","0","0.00","0.00","1","15.00","0.00","13615.jpg","1","157"
"318","8","777C","Забавни очила","Mr. Boss","&nbsp;","&nbsp;","-","0","0.00","0.00","1","4.00","0.00","677C.jpg","1","108"
"319","8","1875","татуировки, имитиращи рани","Blood and Scar Tattoo ","&nbsp;","&nbsp;","-","0","8.00","0.00","0","0.00","0.00","1775.jpg","1","109"
"320","5","67214","Драконов лорд","Serpent Lord","3D маска делукс","<div>Contains:&nbsp;Mask and shoulder piece.</div>","-","0","0.00","0.00","1","25.00","0.00","67114.jpg","1","70"
"321","5","66104","Маска на подземния свят","Batwing","&nbsp;","&nbsp;","-","0","0.00","0.00","1","6.00","0.00","66004.jpg","1","71"
"322","5","66106","Дяволска маска с рога","Devil Pate","&nbsp;","&nbsp;","-","0","0.00","0.00","1","8.00","0.00","66006.jpg","1","74"
"323","5","4576","Карнавакна жокер маска","Jokester Chinless Mask","&nbsp;","&nbsp;","-","0","0.00","0.00","1","8.00","0.00","4476.jpg","1","75"
"324","5","4582","маска на вълк","Manwolf Chinless Mask","&nbsp;","&nbsp;","-","0","0.00","0.00","1","10.00","0.00","4482.jpg","1","76"
"325","5","4580","Екзекутор маска ","Executioner Chinless Mask","&nbsp;","&nbsp;","-","0","0.00","0.00","1","8.00","0.00","4480.jpg","1","77"
"326","5","4513","Забавна маска на прашчо","Pig Boy Chinless Mask","&nbsp;","&nbsp;","-","0","0.00","0.00","1","10.00","0.00","4413.jpg","1","78"
"327","5","4516","Маската на дядо","Old Papa Chinless Mask","&nbsp;","&nbsp;","-","0","0.00","0.00","1","8.00","0.00","4416.jpg","1","80"
"328","5","4515","Пиратска маска","Captain Skull Chinless Mask","&nbsp;","&nbsp;","-","0","0.00","0.00","1","10.00","0.00","4415.jpg","1","81"
"329","5","4539","Маска на душевадецът","Soul Taker Mask","&nbsp;","&nbsp;","-","0","0.00","0.00","1","10.00","0.00","4439.jpg","1","82"
"330","5","2849","Призрачна маска","G-I-D Mask with Shroud ","<div>Призрачна маска с качулка,&nbsp;Светеша в тъмното.</div>","<div>Glows in the dark &nbsp;</div>","-","0","0.00","0.00","1","7.00","0.00","2749.jpg","1","84"
"331","5","3119","Андроид маска със  светлинки","Android","&nbsp;","<div>Contains:&nbsp;Android mask.</div>
<div>Special Features:&nbsp;Masks with 10 lights.&nbsp;</div>","-","0","0.00","0.00","1","8.00","0.00","3019.jpg","1","86"
"332","19","11619","Ангелче","Angel Princess","Карнавално костюмче, съдържащо: рокля, ореолче и крилца.","<div>Contains:&nbsp;Headpiece and dress outlet.</div>","T","0","0.00","0.00","1","19.00","0.00","11519.jpg","1","29"
"333","19","11670","Калинка","Ladybug","Карнавален костюм съдържащ: наметало,обувчици и антенки.","<div>Contains:&nbsp;Hooded cape, mittens and booties with nonskid soles.</div>
<div>Special Features:&nbsp;Attached head boppers on headpiece.</div>","INTANT","0","0.00","0.00","1","22.00","0.00","11570.jpg","1","23"
"334","19","885346","Синята фея","Spider Witch","Карнавален детски костюм съдържащ: детска рокля и шапка","<div>Contains:&nbsp;Dress and  hat.</div>","T","0","0.00","0.00","1","25.00","0.00","885246.jpg","1","27"
"335","19","11623","Вампирче","Vampire","<div>Карнавален детски костюм съдържащ: гащеризон, наметка с яка и коланче.</div>","<div>Contains:&nbsp;Jumpsuit with attached cape and waist sash.</div>
<div>Special Features:&nbsp;Attached cape, popular price.</div>","T","0","0.00","0.00","1","19.00","0.00","11523.jpg","1","6"
"336","19","885396","Пирата - скелет","Skeleton Pirate","<div>Карнавално костюмче, съдържащо:&nbsp;детска блуза с прикачена жилетка, панталон, кърпа с прикачена коса и превръзка за око.&nbsp;</div>","<div>Contains:&nbsp;Printed shirt with attached vest, pants, bandana with hair and eyepatch.</div>","T","0","0.00","0.00","1","25.00","0.00","885296.jpg","1","24"
"337","4","885551","Малката червена шапчица","Little Red Riding Hood","Карнавален детски костюм съдържащ: рокля и наметка с качулка. <a style=""display:none;"" href=""https://www.shoesite.biz"">height increasing shoes</a>","<div>Contains:&nbsp;dress and hooded cape.</div>","S, M","0","0.00","0.00","1","32.00","0.00","885451.jpg","1","18"
"338","17","883332","Призрачен каубой","Tombstone Cowboys Grave Digger","Съдържа: шапка, маска, шлифер, блуза,специална действажа ръка и ръкавица.","<div>Contains:&nbsp;EVA hat, half mask, jacket with printed inset action sleve and glove.</div>","L","0","0.00","0.00","1","45.00","0.00","883232.jpg","1","180"
"339","3","6980","Късметлията","High Roller Accessory Kit","Карнавален комплект от луксозна шапка с банкноти и шал.","<div>Contains:&nbsp;hat and scarf.</div>","-","0","0.00","0.00","1","25.00","0.00","6880.jpg","1","192"
"340","4","18963","Ягодка","Strawberry Tart","Детски костюм съдържащ: Перука, рокля и имитация на ботуши.","<div>Contains:&nbsp;Wig, dress &amp; boot tops.</div>","M","0","0.00","0.00","1","28.00","0.00","18863.jpg","1","169"
"341","19","11842","Зайче","Lil Bunny","Детски костюм съдържащ: наметало, обувчици,ръкавички и шапка с ушички.","<div>Contains:&nbsp;Hooded Cape, mittens and booties with nonskid soles.</div>
<div>Special Features:&nbsp;Mittens and booties included.</div>","I","0","0.00","0.00","1","26.00","0.00","11742.jpg","1","4"
"342","4","881818","Малката русалка","Blue Magical Mermaid","Детски карнавална рокля с тюлени ръкави и елементи от морското дъно. <a style=""display:none;"" href=""https://www.hotshoes.biz"">www.hotshoes.biz</a>","<div>Contains:&nbsp;Dress.</div>","M, L","0","0.00","0.00","1","30.00","0.00","882718.jpg","1","57"
"343","4","882813","Сияеща принцеса","Crystal Princess","Карнавален детски костюм съдържащ: детска светеща рокля.","<div>Contains:&nbsp;Dress.&nbsp;</div>
<div>Special Features:&nbsp;Has fiber optic twinkle skirt.</div>","M","0","0.00","0.00","1","35.00","0.00","882713.jpg","1","154"
"344","4","883420","Блещукаща фея Тинкербел","TInkerbell","Детски костюм съдържащ: рокля със светлинки, пръчица, коронка и фалшиви обувки. <a style=""display:none;"" href=""https://www.hotshoes.biz"">high heel shoes for men</a> ","<div>Contains:&nbsp;Dress w/lights, Wand, Tiara, Wings &amp; Shoe Covers.</div>","S","0","0.00","0.00","1","38.00","0.00","883320.jpg","1","64"
"345","2","15566","Тигрица","Tigress","Дамски карнавален костюм, съдържащ: ушички, кадифена рокля, колан и ръкавици с пух.","<div>Contains:&nbsp;Ears, stretch velvet feather trimmed dress, cummerbund and feather trimmed glovelets.</div>
<div>Special Features: velvet material.</div>","STD","0","0.00","0.00","1","42.00","0.00","15466.jpg","1","490"
"346","19","885757","Червената шапчица делукс","Little Red Riding Hood","<div>Карнавален, детски костюм, който включва: красива рокля с дантелка и наметка с качулка.</div>","<div>Contains:&nbsp;dress &amp; hooded cape.</div>","T","0","0.00","0.00","1","27.00","0.00","885657.jpg","1","10"
"347","2","886172","Неуловимата пиратка делукс","Pirate Queen","Съдържа: карнавална риза, пола, пиратска шапка и бижу.","<div>Contains:&nbsp;Blouse, skirt, hat and choker.</div>
<div>&nbsp;</div>","S, M, L","0","0.00","0.00","1","38.00","0.00","886072.jpg","1","432"
"348","3","15919","Секси мацка","French Maid","Забавен мъжки костюм, съдържащ: рокля, престилка и шапчица.","<div>Contains:&nbsp;Headpiece, dress &amp; apron.&nbsp;</div>
<div>Special Features:&nbsp;Headpiece and Apron.</div>","STD","0","0.00","0.00","1","50.00","0.00","15819.jpg","1","356"
"349","3","888369","Призрачен Пират","Pirate Ghost Ship","Карнавален костюм, съдържащ: риза, панталон, ботуши и шапка.","<div>Contains:&nbsp;Shirt, pants with attached ship boots and hat.&nbsp;</div>
<div>Special Features:&nbsp;Hat with mast &amp; crow''''''''''''''''s nest.</div>","STD","3","0.00","0.00","1","65.00","0.00","888269.jpg","0","275"
"350","3","16563","Големият лош вълк, предрешен като бабата","The Big Bad Wolf (in Grandma&#039;&#039;&#039;&#039;&#039;&#039;&#039;&#039;&#039;&#039;&#039;&#039;&#039;&#039;&#039;&#039;s Clothing)","Карнавален мъжки костюм, съдържащ: Маска с шапка, нощница с козина и пантофи.","<div>Contains:&nbsp;Headpiece, hairy nightie &amp; slippers.</div>
<div>Special Features:&nbsp;Latex mask.</div>","STD","0","0.00","0.00","1","55.00","0.00","16463.jpg","1","222"
"351","2","889291","Индийска красавица","Bollywood Beauty","Карнавален костюм, съдържащ: воал, горнище, пола, шал и гривни.","<div>Contains:&nbsp;Head Veil, Top, Body Veil, Skirt, Armbands &amp; Fabric Bangles</div>","STD","3","0.00","0.00","1","55.00","0.00","889191.jpg","0","539"
"352","2","888515","Викторианска Лолита","Victorian Lolita","Карнавален костюм, съдържащ: малто с прикачена рокля и бижу.","<div>Contains:&nbsp;Coat with attached dress and choker.</div>","S, M, L","0","0.00","0.00","1","55.00","0.00","888415.jpg","1","542"
"353","19","885710","Пожарникар","Junior Firefighter","Детски карнавален костюм, съдържащ: Гащеризон и шапка.","<div>Contains:&nbsp;Jumpsuit and headpiece .</div>","T","0","0.00","0.00","1","18.00","0.00","885610.jpg","1","3"
"354","4","39001","Пепеляшка","Cinderella","Детски карнавален костюм, <a style=""display:none;"" href=""http://www.bagstyle.cn"">Replica Celine Handbags</a> съдържащ: Рокля, ръкавици и диадема.","<div>Contains:&nbsp;Tiara, dress and glovelets.</div>","M, L","0","0.00","0.00","1","32.00","0.00","38901.jpg","1","98"
"355","4","882925","Котенце","Kitty Cat","Карнавален костюм, съдържащ: Ушички и рокля.","<div>Contains:&nbsp;Ears &amp; dress.</div>","M","0","0.00","0.00","1","28.00","0.00","882825.jpg","1","148"
"356","17","882728","Скулзор","Skullzor","Карнавален костюм, съдържащ: Роба, латекстова яка и колан.","<div>Contains:&nbsp;Hooded robe, latex collar and belt.</div>","L","0","0.00","0.00","1","38.00","0.00","sraj.jpg","1","174"
"357","2","886109","Огнената дяволица","Flame Fatale","Карнавален костюм, съдържащ: рокля с болеро, имитация на ботуши и рога.","<div>Contains:&nbsp;Dress with bolero jacket, boot tops and headpiece with horns.</div>","TEEN","0","0.00","0.00","1","35.00","0.00","886009.jpg","1","514"
"358","4","882131","Готиното пиратче","Scarlet pirate","Карнавален костюм, съдържащ: рокля <a style=""display:none;"" href=""http://www.bagstyle.cn"">Replica Givenchy Handbags</a>,колан, ръкавици и имитация на ботуши.","<div>Contains:&nbsp;Dress, underskirt, waist sash, glovelet and vinyl boot covers.</div>
<div>Special Features:&nbsp;Glitter print skull on skirt.</div>","S, M, L","0","0.00","0.00","1","32.00","0.00","882031.jpg","1","96"
"359","3","55123","Клоун","Clown","Карнавален костюм, съдържащ: шапка и гащеризон с яка.","<div>Contains:&nbsp;Hat and jumpsuit with neck ruffle.</div>
<div>Special Features:&nbsp;Fuller cut.</div>","STD","0","0.00","0.00","1","25.00","0.00","55023.jpg","1","113"
"360","3","888498","Дявол делукс","Red Devil","Съдържа:&nbsp;роба с качулка и рига и колан.","<div>Contains:&nbsp;Hooded robe and belt cord.</div>","STD","0","0.00","47.00","1","55.00","0.00","888398.jpg","1","270"
"361","3","888722","Безсмъртен войн (от 300)","Immortal","Карнавален костюм, съдържащ: риза, броня, панталон, маска и прикачена качулка.","<div>Contains:&nbsp;Shirt with EVA armor, pants and vacuform mask with attached hood.</div>","STD","0","0.00","0.00","1","65.00","0.00","888622.jpg","1","211"
"362","8","5335","Зоро комплект Съдържа шапка и маска.","Zorro™ Adult Hat and Eye Mask","&nbsp;","<div>Contains:&nbsp;Hat and Eye Mask.</div>","-","1","0.00","0.00","1","16.00","0.00","5235.jpg","0","110"
"365","3","888730","Батман се завръща","Dlx. Batman","Карнавален делукс костюм, съдържащ: гащеризон, имитация на ботуши, маска, наметало и колан.","Contains:&nbsp;Muscle chest jumpsuit with attached boot tops, headpiece, cape and belt.","M/L/ XL","0","0.00","0.00","1","65.00","0.00","888630.jpg","1","219"
"366","2","888726","Закачливата червена шапчица","Red Riding Hood","Карнавален костюм, съдържащ: рокля и наметало с качулка.","<div>Contains:&nbsp;Dress.</div>
<div>Special Features:&nbsp;Includes Hooded Cape.</div>"," S, M","0","0.00","0.00","1","65.00","0.00","888626.jpg","1","281"
"367","2","888746","Кралицата на разбитите сърца","Queen of Broken Hearts","Карнавален делукс костюм, съдържащ: рокля, наметка с яка.","<div>Contains:&nbsp;Dress and cape.</div>"," S/ M","0","0.00","0.00","1","65.00","0.00","888646.jpg","1","350"
"368","3","23411","Дядо Коледа ","Extra Large Flannel Santa Suit","Карнавален коледен костюм, съдържащ: шапка, жакет, панталон с джобове, колан, ръкавици и имитация на обувки.","<div>Contains: Hat, pullover jacket, pants with pockets, belt and boot tops.</div>
<div>Special Features:&nbsp;Gloves Included. Fits up to size 54 Jacket.</div>","XL","0","0.00","0.00","1","60.00","0.00","23311.jpg","1","104"
"369","3","23420","Дядо Мраз","Velour Santa Suit","Карнавален коледен костюм от велур, съдържащ: шапка, жакет, панталон с джобове, колан, ръкавици и имитация на обувки.","<div>Contains: Hat, pullover jacket, pants with pockets, belt and boot tops.</div>
<div>Special Features:&nbsp;Gloves Included. Fits up to size 48 Jacket.</div>","STD","0","0.00","0.00","1","75.00","0.00","23320.jpg","1","7"
"370","8","2444","Дядо Коледа брада с перука","Santa Beard &amp; Wig Set","&nbsp;","&nbsp;","-","0","0.00","0.00","1","12.00","0.00","2344.jpg","1","155"
"371","8","2369","Дядо Мраз брада с перука","Economy Santa beard &amp; Wig Set","&nbsp;","&nbsp;","-","0","0.00","0.00","1","10.00","0.00","2269.jpg","1","152"
"372","8","18232","Бели вежди стик","Santa Eyebrow Whitener","&nbsp;","&nbsp;","-","0","4.00","0.00","0","0.00","0.00","18132.jpg","1","149"
"373","17","11645","Детски Дядо Мраз","Santa Boy","Карнавален коледен костюм, съдържащ: гащеризон, шапка, брада.","<div>Contains:&nbsp;Jumper Hat and Beard.</div>","T","3","0.00","0.00","1","28.00","0.00","11545.jpg","1","196"
"375","17","11646","Снежен човек","Snowman","Коледен карнавален костюм: гащеризон и шапка,шал и оранжев нос.","<div>Contains:&nbsp;Jumper, Hood/Hat, Scarf and Orange Nose.</div>","T","0","0.00","0.00","1","35.00","0.00","11546.jpg","1","195"
"376","8","8429","Елхичка за глава","Shiny Xmas Tree Headband","&nbsp;","&nbsp;","-","0","0.00","0.00","1","7.00","0.00","8329.jpg","1","157"
"377","4","29281","Мини мис Коледа","Mini Miss Santa","<div>Детски костюм, съдържащ:&nbsp;рокличка и шапка.</div>","&nbsp;Costume with Dress and Hat.","S, M, L","0","0.00","0.00","1","17.00","0.00","29181.jpg","1","20"
"378","4","21579","Мини мис Коледа с плитки","Santa Girl","<div>Детски &nbsp;костюм, съдържащ:&nbsp;рокличка и шапка и плитки.</div>","&nbsp;Costume with Dress Hat and Plaits.","S, M, L","0","28.00","0.00","0","0.00","0.00","21479.jpg","1","173"
"379","17","21578","Коледно джудже &quot;Сръчко&quot;","Santa Boy Costume with Jacket ","<div>Детски костюм, съдържащ:&nbsp;палто, панталони, шапка и колан.</div>","Santa Boy Costume with Jacket Trousers Hat and Belt.","S, M, L","0","25.00","0.00","0","0.00","0.00","24478M.jpg","1","194"
"380","4","28364","Коледна елха","Christmas Tree","<div>Карнавален костюм съдържащ:&nbsp;рокля със &nbsp;звездички,&nbsp;гирлянди и шапка.</div>","Costume with Tinsel and Stars Design and with Hat.","S, M, L","0","0.00","0.00","1","25.00","0.00","28264M.jpg","1","19"
"381","17","30156","Мистър Снежен човек ","Snowman","<div>Мъжки карнавален костюм съдържащ:&nbsp;блуза, панталон ,шапка, шал, колан&nbsp;и морков за нос.</div>","Costume with Top Trousers Hat Scarf Belt and Charrot Nose.","M","0","0.00","0.00","1","27.00","0.00","30056.jpg","1","193"
"382","4","28735","Снежната Принцеса","Snow Princess","<div>Детски &nbsp;костюм, съдържащ:&nbsp;рокличка и шал.</div>","Costume with Dress and Shawl.","M","3","0.00","0.00","1","35.00","0.00","28635M.jpg","0","174"
"383","17","24607","Елф със звънче","Elf","<div>Детски &nbsp;костюм, съдържащ:&nbsp;Туника,колан и шапка със&nbsp;звънче.</div>","Costume with Tunic Trousers Belt and Hat with Bell.","S, M","0","0.00","0.00","1","27.00","0.00","Untitle1.jpg","1","192"
"384","4","26119","Елф-момиче","Elf (female)","<div>Детски костюм, съдържащ:&nbsp;Туника с качулка и колан.</div>","Costume with Tunic Hood and Belt.","S","0","0.00","0.00","1","25.00","0.00","26019.jpg","1","135"
"385","4","26118","Делукс Ангелче","Deluxe Angel","<div>Детски костюм, съдържащ:&nbsp;Рокличка ,крилца и ореолче.</div>","Costume with Dress Wings and Halo.","S, M, L","3","0.00","0.00","1","28.00","0.00","26018M.jpg","1","171"
"386","17","30874","Еленче Рудолф","Reindeer","<div>Детски костюм, съдържащ:&nbsp;гащтиризон &nbsp;с качулка и рогца.</div>","Costume Inludes Jumpsuit with Hood."," S","0","0.00","0.00","1","27.00","0.00","30774.jpg","1","124"
"387","3","34685","Дядо Коледа","Santa Deluxe","<div>Коледен делукс костюм:&nbsp;Палто, панталон, колан, шапка,&nbsp;ръкавици и фалшиви ботуши.</div>","Jachet, Trousers, Belt, Hat, Gloves and Bootcovers in Display Bag.","M/L/XL","0","0.00","0.00","1","45.00","0.00","34585.jpg","1","15"
"388","3","30841","Елф ","Elf","<div>Съдържа: блуза, панталон, шапка, колан и&nbsp;фалшиви ботуши.</div>","Costume with Jacket Trousers Hat Belt and Boot Cover.","М/ L","0","0.00","0.00","1","55.00","0.00","30741.jpg","1","134"
"389","3","30157","Костюм Коледна Елха Делукс","Deluxe Christmas Tree Costume","&nbsp;","&nbsp;","STANDARD","0","0.00","0.00","1","55.00","0.00","30057.jpg","1","55"
"390","3","31464","Коледен Пуек костюм","Christmas Turkey","&nbsp;","Costume with Legs in Display Bag.","STD","3","0.00","0.00","1","45.00","0.00","31364.jpg","1","363"
"391","3","20941","Късметлийски Дядо Коледа","Bargain Santa","<div>Костюм съдържащ:&nbsp;Брада, шапка ,жакет, пантаон&nbsp;и колан.</div>","Costume with Beard Hat and Jacket.","M, L","0","27.00","0.00","0","0.00","0.00","20841.jpg","1","365"
"392","2","30158","Мис Пинк Коледа","Miss Saucy Santa","<div>Костюм, съдържащ: секси рокля и шапка.</div>","Costume Pink Velour with Dress and Hat.","S","0","0.00","0.00","1","40.00","0.00","30058.jpg","1","587"
"393","2","21574","Палав Елф","Elf","<div>Карнавален костюм, съдържащ:&nbsp;рокля и шапка със звънчета.</div>","Costume with Drawstring Waist Tunic and Hat with Bells.","S, M","0","0.00","0.00","1","25.00","0.00","21474.jpg","1","580"
"394","2","31389","Ангел на Щастието","Angel","Карнавален костюм, съдържащ:&nbsp;рокля, крила и корона.","Dress with Crown and Wings.","M, L","0","0.00","0.00","1","60.00","0.00","31289.jpg","1","70"
"395","2","21573","Снежно момиче","Snowgirl","Карнавален костюм, съдържащ:&nbsp;рокля, шал, шапка и колан.","Costume with Top Scarf&nbsp; Hat and Belt.","S, M, L","0","0.00","0.00","1","38.00","0.00","21473.jpg","1","570"
"396","2","22804","Секси ангелче ","Angel Costume ","Съдържа: рокля и ореол.","&nbsp; Angel costume and Halo<br />","S, M","0","0.00","0.00","1","35.00","0.00","22704.jpg","1","526"
"398","7","99368","Блестяща бяла парти перука","Glitter Party Wig White with Silver Tinsel","&nbsp;","&nbsp;","-","1","0.00","0.00","1","15.00","0.00","99268.jpg","1","118"
"399","7","30026","Снежно бяла перука","Cheerleader Wig Wgite","&nbsp;","&nbsp;","-","1","0.00","0.00","1","15.00","0.00","29926.jpg","1","119"
"400","2","30844","Перфектния коледен подарък делукс","Xmas Present","Коледен костюм, съдържащ: рокля, наметка и шапка.","Fuchsia with Hat Stole with Dress with Stole Hat","S, M","0","0.00","0.00","1","55.00","0.00","30744.jpg","0","182"
"401","2","30829","Коледно момиче","Santas Babe","Коледен костюм, съдържащ: рокля, колан, ръкавици и шапка.","Costume with Dress Hat Glovettes and Belt.","S, M, L","0","0.00","0.00","1","45.00","0.00","30729.jpg","1","164"
"402","8","24082","Вълшебна пръчица с марабу","Star Wand with Marabou and Tinsel","&nbsp;","&nbsp;","-","0","0.00","0.00","1","3.00","0.00","23982.jpg","0","111"
"403","3","25260","Снежко","Snowman","Коледен костюм, съдържащ: панталон, колан, жакет, шапка и нос морков.","Costume with Trousers Belt Jacket Hat Scarf and Carrot Nose.","M, L","0","0.00","0.00","1","50.00","0.00","25160.jpg","1","151"
"404","2","24606","Мис Снежанка","Miss Santa","Състоящ се от: рокля, коледна шапка, наметка и колан.","Costume Red Fleece with Dress Cape, Belt and Hat.","Std","0","48.00","0.00","0","0.00","0.00","24506.jpg","1","564"
"405","6","21540","Шапка Дядо Мраз","Santa Hat Red with White Trim Fleece","&nbsp;","&nbsp;","-","0","3.00","0.00","0","0.00","0.00","21440.jpg","1","61"
"406","6","31407","Шапка Подарък за теб","Red Giftbox Hat, With Header Card","&nbsp;","&nbsp;","-","0","0.00","0.00","1","12.00","0.00","31307.jpg","1","21"
"407","6","30969","Шапка Светеща елхичка","Xmas Hat, Lite up","&nbsp;","&nbsp;","-","0","0.00","0.00","1","7.00","0.00","30869.jpg","1","67"
"408","6","29869","Майтапчийска коледна шапка","Turjey Hat","&nbsp;","&nbsp;","-","1","0.00","0.00","1","15.00","0.00","29769.jpg","1","49"
"409","6","24594","Шапка Елф","Elf Hat Red Green with Pom Pom","&nbsp;","&nbsp;","-","0","0.00","0.00","1","3.00","0.00","24494.jpg","1","68"
"411","8","32321","Маска Рудолф с рогца","Christmas Reindeer set with Antlers and Eye Mask, On Header Card","&nbsp;","&nbsp;","-","0","0.00","0.00","1","10.00","0.00","32221.jpg","1","150"
"412","8","29359","Диадема с еленчета","Reindeer Design Boppers","&nbsp;","&nbsp;","-","0","0.00","0.00","1","7.00","0.00","29259.jpg","1","158"
"413","6","23129","Коледка, светеща шапка  със сърчица делукс","Deluxe Plush Light-up Santa Hat Red White Fur","&nbsp;","&nbsp;","-","0","0.00","0.00","1","4.00","0.00","23029.jpg","1","63"
"414","8","29357","Диадема със снежни човечета","Snowman Design Boppers","&nbsp;","&nbsp;","-","0","0.00","0.00","1","7.00","0.00","29257.jpg","1","153"
"415","6","29294","Коледна шапка със звънчета","Deluxe Christams Hat Velour Bell","&nbsp;","&nbsp;","-","0","0.00","0.00","1","3.00","0.00","29194.jpg","1","60"
"416","8","775","Очилата на дядо Коледа","Granny Specs Metal","&nbsp;","&nbsp;","-","0","0.00","0.00","1","4.00","0.00","675.jpg","1","151"
"417","8","21126","Ангелско ореолче","Marabou Angel Halo","&nbsp;","&nbsp;","-","1","0.00","0.00","1","5.00","0.00","21026.jpg","1","112"
"418","2","24577","Непослушна медицинска сестра","Naughty Nurses","Карнавален костюм, съдържащ: рокля, престилка и шапчица.","Costume Blue White with Aporn and Hat.","S, M, L","0","0.00","0.00","1","28.00","0.00","24477.jpg","1","458"
"419","8","29375","Стетоскоп","Heart Shaped Nurses Stethoscope","&nbsp;","&nbsp;","-","1","0.00","0.00","1","5.00","0.00","29275.jpg","1","113"
"420","2","30423","Феята на любовта","Cupid Kit","Карнавален костюм делукс, съдържащ: рокля, корсет, крила и ореолче.","Pink White with Corset and Pull-on Sleeves.","S, M, ","1","0.00","0.00","1","75.00","0.00","30323.jpg","1","479"
"421","8","30425","Лък Купидон","Cupid Bow","&nbsp;","&nbsp;","-","1","0.00","0.00","1","5.00","0.00","30325.jpg","1","114"
"422","8","30426","Крила и ореолче Купидон","Cupid Wings","&nbsp;","&nbsp;","-","1","0.00","0.00","1","15.00","0.00","30326.jpg","1","115"
"423","8","460","Комплект котенце: ушички,  опашка и пакионка","Instant Cat Set","&nbsp;","&nbsp;","-","1","0.00","0.00","1","8.00","0.00","360.jpg","0","116"
"424","8","22401","Комплект котенце: ушички и пакионка.","Black Cat Set with Sequinned Ears and Bow Tie","&nbsp;","&nbsp;","-","1","0.00","0.00","1","10.00","0.00","22301.jpg","1","117"
"425","3","25160","Кунг Фу майстор","Japanese Man","Карнавален костюм, съдържащ: блуза, панталон, шапка и колан.","Costume Red wih Black Print with Shirt Pants Hat and Belt.","M/L","0","0.00","0.00","1","45.00","0.00","25060.jpg","1","341"
"426","5","23917","Маска на джудже","Gold Digger Half Face Mask","&nbsp;","&nbsp;","-","0","0.00","0.00","1","15.00","0.00","23817.jpg","1","85"
"427","2","30685","Риза с дълги ръкави, с дантела в черно/ в бяло","Long Sleeve Puff Blouse Black with Lace Trim","&nbsp;","&nbsp;","-","0","0.00","0.00","1","15.00","0.00","30585.jpg","1","547"
"428","9","21846","Преобразеният ","Elf Dog Costumes",,"&nbsp;","-","1","35.00","0.00","0","0.00","0.00","31746.jpg","0","3"
"429","6","23092","Майтапчийска шапка пуяк","Gobbler Bonnet Turkey Hat Fabric","&nbsp;","&nbsp;","-","0","0.00","0.00","1","12.00","0.00","22992.jpg","1","22"
"430","6","21538","Шапката на Снежанка с плитки","Santa Hat Red Fleece with Plaits and Ribbons","&nbsp;","&nbsp;","5","0","0.00","0.00","1","5.00","0.00","21438.jpg","1","64"
"431","8","29111","Розови крилца с марабу","Mini Glitter Wings Pink Marabou Trim","&nbsp;","&nbsp;","-","1","0.00","0.00","1","5.00","0.00","29011.jpg","1","118"
"432","9","31845","Кучето дядо Коледа","Santa Dog Costume","&nbsp;","&nbsp;","-","1","0.00","0.00","0","35.00","0.00","31745.jpg","0","4"
"433","8","19022","Ръкавици без пръсти","Gloves","&nbsp;","&nbsp;","-","1","0.00","0.00","1","5.00","0.00","19022.jpg","1","119"
"434","2","2091","Коте","Sexy cat","<div>Карнавален костюм, съдържащ: рокля, болеро и ушички.</div>","Contains: dress and headpiece.","STD","3","0.00","0.00","1","45.00","0.00","2091.jpg","0","499"
"435","2","2073","Зайче - байче","Bunny","<div>Съдържа: кадифена рокля и ушички.</div>","Contains: Dress and bunny ears.","STD","0","0.00","0.00","1","35.00","0.00","2073.jpg","1","500"
"436","2","31002","Готината пиртка","The cool pirate","Съдържа: карнавална рокля с корсет и &nbsp;шапка.","Contains: Dress and hat.","STD","0","0.00","0.00","1","55.00","0.00","31002.jpg","1","435"
"437","2","10030","Жената - котка","Catwoman","Съдържа: гащеризон и ушички.","Full set!","STD","0","0.00","0.00","1","55.00","0.00","10130.jpg","1","492"
"438","2","2556"," Чаровната гейша","Charming Geisha","Карнавален костюм, съдържащ: рокля и колан.","Costume with dress and belt.","S/M","0","0.00","0.00","1","50.00","0.00","2556.jpg","1","383"
"439","2","31007","Повелителката на пиратите делукс","Captens Mistress Costume","Карнавален, секси костюм, съдържащ: рокля и шапка.","Sexy pirate suit: dress and hat.","STD","0","0.00","0.00","1","55.00","0.00","31007.jpg","1","425"
"440","2","43010","Мис Santa Clause","Mrs Santa Clause","Съдържа: рокля с пухкава яка и шапка делукс.","Sexy dress and a fluffy hat.","STD","0","0.00","0.00","1","45.00","0.00","43010.jpg","1","567"
"441","2","43099","Помощничката на Дядо Мраз","Santa&#039;&#039;&#039;&#039;&#039;&#039;&#039;&#039;s helper","Коледна рокля с пухкави елементи.","Christmas dress with fluffy elements.","STD","0","0.00","0.00","1","32.00","0.00","43099.jpg","1","13"
"1416","15","M1","Мъжки официални костюми и фракове под наем","Men&#039;&#039;s Costumes for rent","<!--[if gte mso 9]><xml>
 <w:WordDocument>
  <w:View>Normal</w:View>
  <w:Zoom>0</w:Zoom>
  <w:HyphenationZone>21</w:HyphenationZone>
  <w:PunctuationKerning/>
  <w:ValidateAgainstSchemas/>
  <w:SaveIfXMLInvalid>false</w:SaveIfXMLInvalid>
  <w:IgnoreMixedContent>false</w:IgnoreMixedContent>
  <w:AlwaysShowPlaceholderText>false</w:AlwaysShowPlaceholderText>
  <w:Compatibility>
   <w:BreakWrappedTables/>
   <w:SnapToGridInCell/>
   <w:WrapTextWithPunct/>
   <w:UseAsianBreakRules/>
   <w:DontGrowAutofit/>
  </w:Compatibility>
  <w:BrowserLevel>MicrosoftInternetExplorer4</w:BrowserLevel>
 </w:WordDocument>
</xml><![endif]-->
<p class=""MsoNormal"">Най - новата услуга, която предлага &quot;Carnival for you&quot; е&nbsp;отдаване на официални, маркови, мъ<span style=""mso-ansi-language:EN-US"" lang=""EN-US"">ж</span>ки костюми и фракове под наем. Вече имаме голямо&nbsp;разнообразие на модели, цветове и размери. Някои от марките, които предлагаме са Pierre Cardin, Andrews, Pierlucci, Cartel. За повече информация можете да се свържете с нас или да дойдете директно на място, където да пробвате и да си изберете най-подходящия за вас!<!--[if gte mso 9]><xml>
 <w:LatentStyles DefLockedState=""false"" LatentStyleCount=""156"">
 </w:LatentStyles>
</xml><![endif]--><!--[if gte mso 10]>
<style>
 /* Style Definitions */
 table.MsoNormalTable
	{mso-style-name:""Table Normal"";
	mso-tstyle-rowband-size:0;
	mso-tstyle-colband-size:0;
	mso-style-noshow:yes;
	mso-style-parent:"""";
	mso-padding-alt:0cm 5.4pt 0cm 5.4pt;
	mso-para-margin:0cm;
	mso-para-margin-bottom:.0001pt;
	mso-pagination:widow-orphan;
	font-size:10.0pt;
	font-family:""Times New Roman"";
	mso-ansi-language:#0400;
	mso-fareast-language:#0400;
	mso-bidi-language:#0400;}
</style>
<![endif]--></p>","<!--[if gte mso 9]><xml>
 <w:WordDocument>
  <w:View>Normal</w:View>
  <w:Zoom>0</w:Zoom>
  <w:HyphenationZone>21</w:HyphenationZone>
  <w:PunctuationKerning/>
  <w:ValidateAgainstSchemas/>
  <w:SaveIfXMLInvalid>false</w:SaveIfXMLInvalid>
  <w:IgnoreMixedContent>false</w:IgnoreMixedContent>
  <w:AlwaysShowPlaceholderText>false</w:AlwaysShowPlaceholderText>
  <w:Compatibility>
   <w:BreakWrappedTables/>
   <w:SnapToGridInCell/>
   <w:WrapTextWithPunct/>
   <w:UseAsianBreakRules/>
   <w:DontGrowAutofit/>
  </w:Compatibility>
  <w:BrowserLevel>MicrosoftInternetExplorer4</w:BrowserLevel>
 </w:WordDocument>
</xml><![endif]--><span style=""font-size:12.0pt;font-family:"" times="""" new="""">Pierre Cardin, Andrews, Pierlucci, Cartel</span><!--[if gte mso 9]><xml>
 <w:LatentStyles DefLockedState=""false"" LatentStyleCount=""156"">
 </w:LatentStyles>
</xml><![endif]--><!--[if gte mso 10]>
<style>
 /* Style Definitions */
 table.MsoNormalTable
	{mso-style-name:""Table Normal"";
	mso-tstyle-rowband-size:0;
	mso-tstyle-colband-size:0;
	mso-style-noshow:yes;
	mso-style-parent:"""";
	mso-padding-alt:0cm 5.4pt 0cm 5.4pt;
	mso-para-margin:0cm;
	mso-para-margin-bottom:.0001pt;
	mso-pagination:widow-orphan;
	font-size:10.0pt;
	font-family:""Times New Roman"";
	mso-ansi-language:#0400;
	mso-fareast-language:#0400;
	mso-bidi-language:#0400;}
</style>
<![endif]-->","46, 48, 50, 52, 54, 56, 58, 60, 62, 64, 66","0","0.00","0.00","1","75.00","0.00","mencostv.jpg","1","1"
"442","2","43083","Коледната красавица","Christmas Beauty","Карнавален, коледен костюм, съдържащ: рокля с пухкави маншети и яка, колан.","Contains: dress and belt.","STD","0","0.00","0.00","1","38.00","0.00","43083.jpg","1","111"
"443","2","2165","Невинно ангелче","Christmas Angel","Карнавален костюм, съдържащ: рокля с марабу и крилца делукс.","Christmas costume: Dress, Marabu and wings.","STD","0","0.00","0.00","1","45.00","0.00","2165.jpg","1","525"
"444","2","43058","Коледно сладурче","Christmas cutie","Карнавален секси костюм, съдържащ: рокличка и &nbsp;шапка.","Sexy Costume: Dress and hat.","STD","3","0.00","0.00","1","49.00","0.00","43058.jpg","1","584"
"445","2","43104a","Коледна звезда","Christams Star","<div>Коледно палто делукс с бели пухкави&nbsp;елементи и качулка.</div>","Christmas coat with hood.","STD","0","0.00","0.00","1","37.00","0.00","43004.jpg","1","577"
"446","2","2097","Грижовната медицинска сестра","Nurse","Карнавален костюм, съдържащ: рокля и шапка.","Contains: dress and hat.","STD","0","0.00","0.00","1","37.00","0.00","2097.jpg","1","456"
"447","2","2039","Лошата полицайка","Police officer","Карнавален секси костюм, съдържащ: гащеризон с колан и полицeйска шапка.","Full set","STD","0","0.00","0.00","1","50.00","0.00","2039.jpg","1","444"
"448","2","2064","Невероятната кралица","Mistress","Карнавална рокля с яка и марабу.","Contains: Dress with marabu.","STD","0","0.00","0.00","1","55.00","0.00","2064.jpg","1","351"
"449","2","2083","Закачливата медицинска сестра","Naughty Nurse","Карнавален костюм, съдържащ: рокличка и шапка.","Costume with dress and hat.","STD","0","0.00","0.00","1","25.00","0.00","2083.jpg","1","457"
"450","2","2104","Своенравната дяволица","Sexy Devil","Карнавален костюм, съдържащ: рокля и дяволски рогца.","Contains: dress and horns.","STD","0","0.00","0.00","1","45.00","0.00","2104.jpg","1","516"
"451","2","2465","Горещата дяволица","Hot Devil","Съдържа: рокля и дяволски рога.","Contains: Dress and horns.","STD","0","0.00","0.00","1","28.00","0.00","2465.jpg","1","101"
"452","2","2483","Гангстерка","Gamgster","Карнавален костюм, съдържащ: рокля, маншети и гангстерска шапка.","Contains: Dress and hat.","STD","0","0.00","0.00","1","37.00","0.00","2483.jpg","1","451"
"454","2","10052","Котенце","Buny","Карнавален, секси костюм, съдържащ: рокля и ушички.","Dress and cat ears.","STD","0","0.00","0.00","1","45.00","0.00","10052.jpg","1","497"
"455","2","2012","Игриво коте","Playful Cat","Карнавален, секси костюм, съдържащ: рокля и ушички.","Contains: Dress and cat ears.","STD","0","0.00","0.00","1","38.00","0.00","2012.jpg","1","498"
"457","2","43100","Снежанка","Snow White","Съдържа: коледна рокля с колан и шапка.","Contains: Dress belt and hat.","STD","0","89.00","0.00","1","28.00","0.00","43100.jpg","1","583"
"458","2","43104","Новогодишна снежанка","Sexy Snow White","Съдържа: рокля с колан и шапка.","Contains: dress, belt and hat.","STD","0","0.00","0.00","1","39.00","0.00","43104.jpg","1","566"
"459","2","43105","Коледна приказка делукс","Cristmas costume","Карнавален секси костюм, който съдържа: рокля, колан и шапка.&nbsp;","Contains: dress, belt and hat.","STD","0","0.00","0.00","1","50.00","0.00","43105.jpg","1","572"
"461","2","43020","Мис Очарование","Charming Girl Santa","Карнавален, секси костюм, съдържащ: рокля с марабу и шапка.","Contains: dress with marabu and hat.","STD","0","0.00","0.00","1","45.00","0.00","43020.jpg","1","568"
"462","3","22670","Средновековен рицар","Knight","<div>Карнавален костюм, съдържащ: наметало, имитация на ризница.","Contains: Cape and chain mail imatation.","STD","1","0.00","0.00","1","45.00","0.00","22570.jpg","1","304"
"463","3","31025","Адмиралски костюм - син","Admiral Costume - Blue","<div>Карнавален костюм, съдържащ: Сако с прикачена жилетка, яка и декоративни ръкави.</div>","<div>Includes:&nbsp;&nbsp;Coat with Attached Waistcoat and Ruffle,&nbsp;&nbsp;Trim Collar and Cuffs</div>","STD","0","0.00","0.00","1","45.00","0.00","30925.jpg","1","308"
"464","3","33005","Бандит","El Bandito","<div>Карнавален костюм, съдържащ: Риза със златисто и черно, панталон, наметало, шапка, маска, колан и ботуши.&nbsp;</div>","<div>Costume, Black and Gold, with Shirt,&nbsp;Trousers, Cape, Hat, Mask, Belt and Boot Covers</div>","STD","0","0.00","0.00","1","40.00","0.00","32905.jpg","1","218"
"465","3","24905","Арабин","Arab","<div>Карнавален костюм, съдържащ: Дълга туника и арабска кърпа.</div>","Costume, with Long Tunic and Headdress","STD","0","0.00","0.00","1","30.00","0.00","24805.jpg","1","18"
"466","3","22421","Хипи","Flower Power Hippy ","<div>Карнавален костюм, съдържащ:&nbsp;Жилетка и панталон.</div>","<div>Costume, Multicoloured,&nbsp;with Waistcoat and Trousers</div>","STD","0","0.00","0.00","1","35.00","0.00","22321.jpg","1","361"
"467","3","28712","Пирата Джо","Pirate JOE","Карнавален костюм, съдържащ: шапка, риза, връхна дреха и имитация на ботуши.","<div>Contains:&nbsp;Hat, Coat with attached Shirt and boot tops</div>","STD","0","0.00","0.00","1","45.00","0.00","28612.jpg","1","286"
"468","3","56135","Мумията се завръща","Mummy King","Карнавален костюм, съдържащ: маска, роба с качулка, колан и имитация на ботуши.","<div>Contains:&nbsp;Eyemask, hooded robe, sash &amp; boot tops</div>","STD","0","0.00","0.00","1","50.00","0.00","56035xl.jpg","1","221"
"469","3","887120","Карибски пират","Carribean Pirate","Карнавален костюм, съдържащ: дълго палто, риза, колан и кърпа за глава.","<div>Contains:&nbsp;Long Coat with attached Shirt, Waist Sash and Head Scarf</div>
<div>&nbsp;</div>","STD, XL","0","0.00","0.00","1","45.00","0.00","887020xl.jpg","1","285"
"470","2","30417","Кабаретна танцьорка","Cabaret dancer","<div>Карнавален костюм,&nbsp;съдържащ: корсет и&nbsp; пола.</div>","<div>Contains:&nbsp;Corset and Skirt.</div>","S, M, L","0","0.00","0.00","1","55.00","0.00","30317.jpg","1","508"
"471","2","28169","Скромната монахиня","Fever Sister","<div>Карнавален костюм,&nbsp;съдържащ: рокля и монашеска кърпа за глава.</div>","<div>&nbsp;Bliss Costume, Black and White, with Dress and Headpiece</div>","STD","0","0.00","0.00","1","45.00","0.00","28069.jpg","1","530"
"472","2","23278","Котенце","Cat","Съдържа: Блуза и поличка, котешки уши, ръкъвици, имитация на ботуши и папионка.","<div>Costume, Black, with Leotard, Skirt, Ears,&nbsp;&nbsp;Boot Covers, Gloves and Bow Tie, PVC</div>","S, M","0","0.00","0.00","1","45.00","0.00","23178.jpg","1","491"
"473","2","21410","Ориенталска танцьорка","Harem Girl","Карнавален костюм, съдържащ: горнище, панталон и воал. <br />","<div>Costume, Red, with Top,&nbsp;Trousers and Veil</div>","S, M","1","0.00","0.00","1","35.00","0.00","21310.jpg","1","408"
"474","2","25154","Розово Зайче","Bunny Lady","<div>Карнавален костюм, съдържащ:&nbsp;Рокличка, заешки уши и опашка.</div>","<div>Costume, Pink,&nbsp;with Halterneck Dress, Ears and Tail</div>","S/M","0","0.00","0.00","1","50.00","0.00","25054.jpg","1","545"
"475","2","32136","Палава полицайка","Fever Naughty Cop","<div>Карнавален костюм, съдържащ: рокля, вратовръзка, шапка и колан.</div>","<div>&nbsp;Navy and Black, with Dress,&nbsp;&nbsp;Tie, Hat and Belt</div>","S, M","0","89.00","0.00","1","40.00","0.00","32036.jpg","1","445"
"476","2","27146","Секси прислужница","Fever French Maid","<div>Карнавален костюм, съдържащ:&nbsp;Рокля, шапчица, жартиер .</div>","<div>Costume, with Dress, Garter, Headpiece and Lace Cuffs</div>","S, M","0","0.00","0.00","1","35.00","0.00","27046.jpg","1","446"
"477","2","30437","Лейди Бел","Bijou Boutique Southern","<div>Карнавален костюм, съдържащ: корсет и пола.</div>","<div>Belle Costume,&nbsp;Blue &amp; White, with Corset and Skirt</div>","S, M","0","0.00","0.00","1","45.00","0.00","30337.jpg","1","544"
"478","2","30742","Шарената фея","Rebel Toons Miss Muffet ","<div>Карнавален костюм, съдържащ: рокля, ръкави, ръкавици, шапка и крилца.</div>","<div>Costume, Blue,&nbsp;Green and Purple, with Dress, Wings, Sleeves, Gloves and Hat</div>","S, M","0","0.00","0.00","1","65.00","0.00","30642.jpg","1","328"
"479","2","30552","Главатарка на разбойниците","Fever Pirate","<div>Карнавален костюм, съдържащ: рокля и корсет.</div>","<div>Costume, includes Dress&nbsp;with Lace-Up Corset</div>","S, M","1","0.00","0.00","1","50.00","0.00","30452.jpg","1","418"
"480","2","35128","Омагьосващата лейди","Bijou Boutique","<div>Карнавален костюм, съдържащ: блуза, корсет, пола и бижу.</div>","<div>5 Piece Witch Costume, Deluxe,&nbsp;Black and Silver, with Blouse, Petticoat, Corset, Choker</div>","S, M","1","0.00","0.00","1","70.00","0.00","35028.jpg","1","473"
"481","2","30833","Секси главорезка","Fever Sexy Swashbuckler ","<div>Карнавален костюм, съдържащ: рокля и шапка.</div>","<div>Costume, Black and Gold, with Dress and Hat</div>","S, M","0","0.00","0.00","1","35.00","0.00","30733.jpg","1","420"
"482","2","38378","Чаровната пиратка","Deluxe Pirate Lady ","<div>Карнавален костюм, съдържащ: пола, риза и жилетка.</div>","<div>Costume, with Skirt,&nbsp;&nbsp;Shirt and Waistcoat</div>","S, M","0","0.00","0.00","1","45.00","0.00","28638.jpg","1","417"
"483","2","32837","Секси кроманьонка","Fever Cave Babe","<div>Карнавален костюм, съдържащ: поличка, горнище, колан и рунтави ботуши.</div>","<div>Costume, Brown and Black,&nbsp;With Tutu, Top, Belt, Arm Bands and Boot Covers</div>","S, M","0","0.00","0.00","1","55.00","0.00","32737.jpg","1","484"
"484","2","31884","Китайка","Chinese Woman","<div>Карнавален костюм, съдържащ:&nbsp;Рокля.</div>","Contains: Kimono","S/M","0","0.00","0.00","1","50.00","0.00","31784.jpg","1","378"
"485","2","32948","Кралица","Deluxe Queen Costume","<div>Карнавален костюм, съдържащ: рокля, корона и огърлица.</div>","<div>Contains:&nbsp;Dress, Crown and Necklace.</div>"," M, L","0","0.00","0.00","1","80.00","0.00","32848.jpg","1","354"
"486","2","30545","Хипарка","Fever 70s Groovy Babe ","<div>Карнавален костюм, съдържащ: панталон и горнище.</div>","<div>Costume, Multi-Coloured, with Top and Flared Trousers</div>","S/ M","0","0.00","0.00","1","40.00","0.00","30445.jpg","1","538"
"487","17","31161","Господар на моретата","Caribbean Pirate Boy ","<div>Детски карнавален костюм съдържащ:&nbsp;Горнище, панталони, жилетка, шапка и имитация на ботуши.</div>","<div>Costume, with Top,&nbsp;&nbsp;Trousers, Waistcoat, Headpiece and Boot Covers</div>","S","0","0.00","0.00","1","28.00","0.00","31061.jpg","1","143"
"488","17","98931","Скелет","Skeleton","<div>Детски карнавален костюм съдържащ:&nbsp;Гащеризон и качулка.</div>","Costume, Black and White, Jumpsuit with Hood","STD","0","0.00","0.00","1","25.00","0.00","98831.jpg","1","172"
"489","17","32934","Непобедим пират","Pirate Muscle Boy ","<div>Детски карнавален костюм съдържащ:&nbsp;Панталон, риза, нагръдник с мускули, превръзка за око, колан и пиратска кърпа.</div>","<div>Costume, with Trousers,&nbsp;Shirt, Padded Chest, Eyepatch, Belt and Headpiece</div>","M","0","0.00","0.00","1","35.00","0.00","32834.jpg","1","142"
"490","17","20519","Робин Худ - Принцът на крадците","Robin Hood","<div>Детски карнавален костюм съдържащ:&nbsp;Панталон с прикачени ботуши,горна част, шапка и колан.</div>","Costume, Brown, with Shirt, Trousers with attached Boot Covers, Hat and Belt&nbsp;","М/ L","0","0.00","0.00","1","20.00","0.00","20419.jpg","1","133"
"491","19","99894","Детето на дъгата","Rainbow Baby","<div>Карнавален костюм, съдържащ: шапчица, рокля и чорапки.</div>
<div>&nbsp;</div>","<div>Contains:&nbsp;Bonnet, dress and ruffled panties</div>
<div>Special Features:&nbsp;Made of satin and sheer fabrics&nbsp;</div>","12 to 18","0","0.00","0.00","1","35.00","0.00","885350.jpg","1","15"
"492","19","29474","Малко котенце","Witches Cat","<div>Детски карнавален костюм съдържащ:&nbsp;Гащеризон и котешки ушички.</div>","<div>Costume, Black and White,&nbsp;with Jumpsuit and Ears</div>","T","0","0.00","0.00","1","28.00","0.00","29374.jpg","1","22"
"493","4","32500","Малкото дяволче","Devil","<div>Детски карнавален костюм съдържащ:&nbsp;Панталони, горнище, криле и рога.</div>","Costume, Red, with Top, Trousers, Wings and Horns&nbsp;","STD","0","0.00","0.00","1","30.00","0.00","32400.jpg","1","146"
"494","4","881166","Червената шапчица","Red Riding Hood","Карнавален костюм, съдържащ: рокля, наметало с качулка и коланче.","<div>Contains:&nbsp;Hooded cape, dress &amp; belt</div>","STD","1","0.00","0.00","1","25.00","0.00","881066.jpg","1","126"
"495","8","22932","Дълга брата с мустаци","Long Beard and Tash, Black","&nbsp;&nbsp;","&nbsp;&nbsp;","-","1","0.00","0.00","1","12.00","0.00","22832.jpg","1","120"
"496","8","24514","Черна вакса за зъби","Tooth Wax, Black","&nbsp;","&nbsp;","-","1","8.00","0.00","0","0.00","0.00","24414.jpg","0","121"
"497","8","24708","Комплет за гримиране (вампирски","Vampire Make Up and Teeth","&nbsp;","<div>Black,&nbsp;White, Grey and Red, 4 Colours, Brush, Sponge and Fangs</div>","-","1","12.00","0.00","0","0.00","0.00","24608.jpg","0","122"
"498","8","26455","Метална пиратска огърлица","Pirate Necklace, Metal, Heavy Duty","&nbsp;","&nbsp;","-","1","0.00","0.00","1","8.00","0.00","26355.jpg","1","123"
"499","8","29075","Хавайски гердан от цветя","Hawaiian Lei","&nbsp;&nbsp;","Purple and Pink, with Larger Flowers","-","1","0.00","0.00","1","5.00","0.00","28975.jpg","1","124"
"500","8","29800","Пиратски комплект"," Pirate Set","Съдържа: Маска, пиратска кърпа и меч.","<div>&nbsp;Red and White, with Mask, Scarf and Sword</div>
<div>&nbsp;</div>","-","1","0.00","0.00","1","15.00","0.00","29700.jpg","1","48"
"501","2","29810","Дяволски комплект","Devil Instant Set","&nbsp;Съдържа: рогца, тризъбец, крила, опашка и поличка.","<div>Red, with Tutu, Wings, Trident and Horns, Sequinned with Marabou</div>","STD","0","0.00","0.00","1","20.00","0.00","29710.jpg","1","348"
"502","8","29848","Розови очила на щастието","Large Round Seventies Specs","&nbsp;","Large Round Seventies Specs, Assorted, 6cm Diameter Lenses","-","1","0.00","0.00","1","5.00","0.00","29748.jpg","1","125"
"503","8","30170","Черна боа","Hen Night Boa","&nbsp;","Black, with Silver Tinsel, 80gm","-","1","0.00","0.00","1","5.00","0.00","30070.jpg","1","126"
"504","8","30301","Пиратско бижу с черепче и циркони","Bijou Boutique Pirate Choker","&nbsp;","Black and Silver, with Diamante Skull and Bow","-","1","0.00","0.00","1","5.00","0.00","30201.jpg","1","127"
"505","8","30323","Секси чорапи на розови сърчица","Bijou Boutique Thigh High","&nbsp;","<div>Sweetheart Stockings, White and Pink, with Lace and Bows</div>","-","1","14.00","0.00","0","0.00","0.00","30223.jpg","0","128"
"506","8","30465","Шапка с коса","Tales Of Old England Bowler","&nbsp;","Brown, with Hair","-","1","0.00","0.00","1","10.00","0.00","30365.jpg","1","129"
"507","8","31891","Детективски комплект","Instant Detective Kit","Съдържа: очила, значка, перука и постаци.","Glasses, Badge and Holder, Wig and Moustache","-","1","0.00","0.00","1","18.00","0.00","31791.jpg","1","130"
"508","6","31892","Капитанска шапка"," Pirate Captains Hat","&nbsp;","Attached Scarf and Feather Trim","-","0","0.00","0.00","1","15.00","0.00","31792.jpg","1","42"
"509","8","32078","Хавайско дайре","Plastic Tambourine, Assorted Colours","&nbsp;","&nbsp;","-","1","0.00","0.00","1","5.00","0.00","31978.jpg","1","131"
"510","8","35229","Ефектна брадва делукс","Large Aged Effect Axe","&nbsp;","Gold and Silver, with Handle and Spiked Top&nbsp;","-","1","0.00","0.00","1","8.00","0.00","35129.jpg","1","132"
"511","8","34481","поличка Хавай","Hawaiian Hemp Hula Skirt","&nbsp;","Green, with Elasticated Waist, 36&quot;x24&quot;","-","1","0.00","0.00","1","15.00","0.00","34381.jpg","1","133"
"512","7","27151","Афро черна перука","Daddy Cool Wig, Black, Afro, with Sideburns","&nbsp;","&nbsp;","-","1","0.00","0.00","1","15.00","0.00","27051.jpg","1","120"
"513","7","30008","Перука 40-те"," 40s Glamour Wig, Auburn, with Loose Curls","&nbsp;","&nbsp;","-","1","0.00","0.00","1","12.00","0.00","29908.jpg","1","121"
"514","7","31886","Кестенява перука с опашки","Rebel Toons Dorothy Wig, Auburn, Long","&nbsp;","&nbsp;","-","1","0.00","0.00","1","22.00","0.00","31786.jpg","0","122"
"515","7","32822","Руса перука Звезда","Rebel Toons Dorothy Wig, Auburn, Long - blonde","&nbsp;","&nbsp;","-","1","0.00","0.00","1","16.00","0.00","32722.jpg","1","123"
"516","7","99153","Забавна шапка с коса","Tam-O-Shanter, Deluxe, Red, Green and Ginger,  with Hair","&nbsp;","&nbsp;","-","1","0.00","0.00","1","12.00","0.00","99053.jpg","1","124"
"517","7","92256","Перука Плитки","Braided Wig, Black, with Beads","&nbsp;","&nbsp;","-","1","0.00","0.00","1","15.00","0.00","92156.jpg","1","125"
"518","7","27151w","Розова афро-перука","Ping afro wig","&nbsp;","&nbsp;","-","1","0.00","0.00","1","22.00","0.00","20402.jpg","1","36"
"519","7","218","Перука монах","Monk","&nbsp;","&nbsp;","-","1","0.00","0.00","1","12.00","0.00","118.jpg","1","126"
"520","7","24618","Перука Доли ","Boogie Babe Wig, Blonde, Long, Curly","&nbsp;","&nbsp;","-","1","0.00","0.00","1","15.00","0.00","24518.jpg","1","127"
"521","7","30592","Перука Бел","Bijou Boutique Southern Belle Wig, Black,  Shoulder Length  with Ringlet Curls","&nbsp;","&nbsp;","-","1","0.00","0.00","1","25.00","0.00","30492.jpg","1","128"
"522","7","31836","Перука 60-те","60s Factory Girl Wig, Sunny Blonde, Short","&nbsp;","&nbsp;","-","0","0.00","0.00","1","10.00","0.00","31736.jpg","1","129"
"523","5","L11","Детска маска лисица","Kids mask - fox","&nbsp;","&nbsp;","-","1","0.00","0.00","1","8.00","0.00","L11.jpg","1","88"
"524","5","G12","Детска маска жираф","Kids mask - giraffe","&nbsp;","&nbsp;","-","0","0.00","0.00","1","8.00","0.00","G12.jpg","1","89"
"525","5","S13","Детска маска слонче","Kids mask - elefant","&nbsp;","&nbsp;","-","1","0.00","0.00","1","8.00","0.00","S13.jpg","1","90"
"526","5","T14","Детска маска тигър","Kids mask - tiger","&nbsp;","&nbsp;","-","1","0.00","0.00","1","8.00","0.00","T14.jpg","1","91"
"527","5","K15","Детска маска крокодилче","Kids mask - crocodile","&nbsp;","&nbsp;","-","1","0.00","0.00","1","8.00","0.00","k15.jpg","1","92"
"528","5","P16","Детска маска пеликан","Kids mask - pelican","&nbsp;","&nbsp;","-","1","0.00","0.00","1","8.00","0.00","p16.jpg","1","93"
"529","5","V17","Детска маска вълк","Kids mask - wolf","&nbsp;","&nbsp;","-","1","0.00","0.00","1","8.00","0.00","V17.jpg","1","94"
"530","5","L18","Детска маска лъв","Kids mask - lion","&nbsp;","&nbsp;","-","1","0.00","0.00","1","8.00","0.00","L18.jpg","1","95"
"531","5","P19","Детска маска папагал","Kids mask - parrot","&nbsp;","&nbsp;","-","1","0.00","0.00","1","8.00","0.00","p19.jpg","1","96"
"532","5","M20","Детска маска маймунка","Kids mask - monkey","&nbsp;","&nbsp;","-","1","0.00","0.00","1","8.00","0.00","M20.jpg","1","97"
"533","5","S20","Детска маска рибка","Kids mask - fish","&nbsp;","&nbsp;","-","1","0.00","0.00","1","8.00","0.00","S20.jpg","1","98"
"534","5","P11","Детска маска тигър 2","Kids mask - tiger type 2","&nbsp;","&nbsp;","-","1","0.00","0.00","1","8.00","0.00","P11.jpg","1","99"
"535","5","P1","Детска маска пате","Kids mask - duck","&nbsp;","&nbsp;","-","1","0.00","0.00","1","8.00","0.00","P1.jpg","1","100"
"536","5","M22","Детска маска маймунка 2","Kids mask - monkey type 2","&nbsp;","&nbsp;","-","1","0.00","0.00","1","8.00","0.00","M22.jpg","1","101"
"537","3","21881","Доктор &quot;Ох боли&quot;","Surgeon Costume","Мъжки карнавален костюм, съдържащ: туника, панталон, шапкаи маска.","<div>Green, with Tunic, Trousers,&nbsp;Cap and Mask</div>","M, L","0","0.00","0.00","1","28.00","0.00","21781.jpg","1","314"
"538","3","25703","Гангстер","Zoot Suit Costume","<div>Мъжки карнавален костюм, съдържащ: сако с роза на ревера,вградена риза, панталон и вратовръзка.</div>","includes Jacket with Rose in Lapel,&nbsp;Trousers, Shirt Front and Tie","L, XL","0","0.00","0.00","1","50.00","0.00","25603.jpg","1","66"
"539","3","36217","Готически Лорд делукс","The Gothic Count Costume","Мъжки карнавален костюм, съдържащ: Жилетка, манто и шапка.","<div>&nbsp;Black,&nbsp;Purple and Gold, with Vest, Jacket and Hat</div>","STD","1","0.00","0.00","1","55.00","0.00","36117.jpg","1","122"
"540","3","29251","Елвис","Elvis Costume","Мъжки карнавален костюм, съдържащ: Риза, панталон, пелерина и колан.","White and Red, Shirt, Trousers, Cape and Belt","STD","0","0.00","0.00","1","50.00","0.00","29151.jpg","1","230"
"541","7","29244","Перука Елвис","Elvis Wig, Black","&nbsp;","&nbsp;","-","0","0.00","0.00","1","12.00","0.00","29144.jpg","0","130"
"542","6","33066","Автентично мексиканско сомбреро","Authentic Mexican Bandit Sombrero, Black","&nbsp;","&nbsp;","-","1","0.00","0.00","1","12.00","0.00","32966.jpg","1","36"
"543","8","29066","Хавайска, розова, карнавална  поличка","Hawaiian Hula Leaf Skirt, Pink, with Elasticated Waist","&nbsp;","&nbsp;","-","1","0.00","0.00","1","10.00","0.00","28966.jpg","1","134"
"544","7","33513","Babe Wig, Neon Pink, Short Bob with Fringe","Неонова розова перука","&nbsp;","&nbsp;","-","1","0.00","0.00","1","15.00","0.00","33413.jpg","0","131"
"545","2","30914","Костюм стил 50-те","50s Style Poodle Costume","съдържащ: Рокля, шал и колан.","Red and Black, with Dress, Scarf and Belt","S","0","0.00","0.00","1","35.00","0.00","30814.jpg","1","400"
"546","7","31695","Руса, къдрава перука","Sandy Last Scene Wig, Blonde, Curly","&nbsp;","&nbsp;","-","1","0.00","0.00","1","20.00","0.00","31595.jpg","1","132"
"547","8","20289","Гердан от чесън","Garlic Garland, 14 Pieces on necklace","&nbsp;","&nbsp;","-","1","0.00","0.00","1","6.00","0.00","20189.jpg","1","135"
"548","8","33503","Френски мустачки","Frenchman Moustache, Black","&nbsp;","&nbsp;","-","1","14.00","0.00","0","0.00","0.00","33403.jpg","1","136"
"549","2","33174","Чаровната мореплавателка"," Sailor Cutie Costume","Съдържа: Карнавална моряшка рокля и барета","White, Dress, Beret and Stockings","S/M","0","0.00","0.00","1","35.00","0.00","33074.jpg","1","407"
"550","8","29194","Жартиерче със спринцовка"," Nurse&#039;&#039;s Garter, White/Red, with Injection Pen","&nbsp;","&nbsp;","-","1","0.00","0.00","1","8.00","0.00","29094.jpg","1","137"
"551","8","25619","Клоунски луксозни обувки","Clown Shoes, Deluxe, Red and Yellow","&nbsp;","&nbsp;","-","1","0.00","0.00","1","18.00","0.00","25519.jpg","1","138"
"552","2","32982","Лейди Колун","Clown Lady Costume","Карнавален костюм, съдържащ: рокля, горно, вратовръзка и клоунска шапка.","<div>Multi-Coloured,&nbsp;with Hooped Dress, Shirt, Bow Tie, Stripy Tights and Hat</div>","S; M","0","0.00","0.00","1","35.00","0.00","32882.jpg","1","377"
"553","3","29036","Многоцветния клоун","Clown Costume","Съдържа: панталон и горно.","Multicoloured, with Top and Trousers","L","0","0.00","0.00","1","35.00","0.00","28936.jpg","1","234"
"554","7","34623","Многоцветна перука","70s Funky Afro Rainbow Wig, Rainbow, 120g","&nbsp;","&nbsp;","-","0","0.00","0.00","1","15.00","0.00","34523.jpg","1","134"
"555","4","28736","Феята на пролетта","Woodland Fairy Costume","Карнавално детска костюмче, съдържа: рокля, крилца и украса за коса.","<div>&nbsp;Green, with Dress,&nbsp;Wings and Headpiece</div>","STD","1","0.00","0.00","1","25.00","0.00","28636.jpg","1","155"
"556","17","36262","Безсърдечния нинджа","Heartless Ninja Costume","Детски карнавален костюм, съдържащ: горно, жилетка, панталон, имитация на обувки, броня за ръцете и краката.","<div>Green, Red, Black and Silver,&nbsp;with Top, Vest, Trousers, Shoe Covers, Leg Cuffs and Arm Cuffs</div>","М","0","0.00","0.00","1","30.00","0.00","36162.jpg","1","185"
"557","8","28458","Комплект Хипи","Mens Hippie Kit","Съдържащ: лента, очила и знак за врата.","Headband, Specs and Necklace","-","1","0.00","0.00","1","10.00","0.00","28358.jpg","1","139"
"558","7","33139","Руса дълга перука с букли","Rebel Toons Tinkerbell Wig, Blonde, Long and Wavy","&nbsp;","&nbsp;","-","1","0.00","0.00","1","23.00","0.00","33039.jpg","1","133"
"559","8","35081","Меч и щит","Weapons Set, with Sword and Shield","&nbsp;","&nbsp;","-","1","0.00","0.00","1","8.00","0.00","34981.jpg","1","141"
"560","8",,"Брада с плитки и мустаци","Pirate Facial Hair Set, Brown, Moustache and Beard","&nbsp;","&nbsp;","-","1","14.00","0.00","1","0.00","0.00","30123.jpg","1","142"
"561","17","31973","Световен Шампион","Boxer Costume","Детски карнавален костюм, съдържащ: наметало, колан, мускулести гърди и ръкавици.","Hooded Cape, Shorts, Belt, Gloves and Muscle Chest","М/ L","0","0.00","0.00","1","25.00","0.00","31873.jpg","1","157"
"562","8","29087","Зелена поличка Хавай със цветя","Light Green Hawaiian Skirt, 23in Long with Velcro Fastening","&nbsp;","&nbsp;","-","1","0.00","0.00","1","7.00","0.00","28987.jpg","1","144"
"563","3","30744","Римски сенатор","Roman Senator Costume","Мъжки карнавален костюм, съдържащ: роба, колан и венец.","White and Blue, Robe, Belt and Headpiece","STD","0","0.00","0.00","1","40.00","0.00","30644.jpg","1","117"
"564","2","30745","Римска Принцеса","Roman Beauty Costume","Дамски карнавален костюм, съдържащ: тога, колан и венец.","White and Blue, Dress, Toga, Belt and Headpiece","STD","1","0.00","0.00","1","40.00","0.00","30645.jpg","1","386"
"565","8","39407","Пиратски нож с черепи и кокали","Pirate Dagger, with Skull and Crossbones Handle","&nbsp;","&nbsp;","-","1","0.00","0.00","1","5.00","0.00","39307.jpg","1","145"
"566","8","94409","Пиратски меч","Pirate Sword, Silver and Black","&nbsp;","&nbsp;","-","1","0.00","0.00","1","5.00","0.00","94309.jpg","1","146"
"567","2","32906","Круела Де Вил","Evil Madame Costume","Карнавален дамски костюм, съдържащ: рокля, ръкавици и бижу.","Black and White, Dress with Gloves, Shrug and Choker","S/M","0","0.00","0.00","1","45.00","0.00","32806.jpg","1","40"
"568","3","31972","Шампион на света","Boxer Costume","Мъжки карнавален костюм, съдържащ: наметало, колан ръкавици и релефни гърди.","Blue, Red and White, with Cape, Shorts, Belt, Gloves and EVA Muscle Chest","-","0","0.00","0.00","1","40.00","0.00","31872.jpg","1","325"
"569","7","97400","Перука Круела Де Вил"," Evil Madam Wig, Black and White, Short, Curly","&nbsp;","&nbsp;","-","0","0.00","0.00","1","15.00","0.00","97300.jpg","1","44"
"570","2","33551","Карнавален костюм стил 20-те","Fringe Flapper Costume","Съдържа: рокля с ресни и украшение за глава с перо.","Black, Dress, Head Piece with Feather and Garter","S; M","1","0.00","0.00","1","40.00","0.00","33451.jpg","1","392"
"571","8","33756","Папагал"," Parrot 20&quot;, Red, White, Yellow and Blue, with Elastic Holder","чудесно допълнение към всеки пиратски костюм","&nbsp;","-","1","0.00","0.00","1","6.00","0.00","33656.jpg","1","147"
"572","2","31218","Карнавален костюм стил 60-те","60s Sexbomb Costume","Съдържа: рокля и шапка.","Multicoloured, with Dress and Hat.","S/M","0","0.00","0.00","1","35.00","0.00","31118.jpg","1","397"
"573","8","22495","Очила на звезда","Superstar Shades, Gold","&nbsp;","&nbsp;","-","1","0.00","0.00","1","5.00","0.00","22395.jpg","1","148"
"574","3","36474","Мистър Сигурност","Condom Man Costume","Мъжки карнавален костюм, съдържащ: гащеризон, имитация на обувки, шапка, ръкавици и наметало.","Bodysuit, Boot Covers, Hat, Gloves and Cape.","STD","0","0.00","0.00","1","45.00","0.00","36374.jpg","1","354"
"575","3","31976","Лошото ченге","Fever Cop Costume","Мъжки карнавален костюм, съдържащ:горно, панталон и шапка.","Black, Top, Trousers and Hat.","M, L","0","0.00","0.00","1","40.00","0.00","31876.jpg","1","118"
"576","8","33907","Затворническа верига"," Convict Chain Links, Grey","&nbsp;перфектно допълнение към затворнически костюм","&nbsp;","-","1","0.00","0.00","1","12.00","0.00","33807.jpg","1","29"
"577","6","22788","Абсулвентска шапка","Graduate hat","&nbsp;","&nbsp;","-","1","0.00","0.00","1","6.00","0.00","22688.jpg","1","46"
"578","2","22599","Хавайски розов комплект","Hawaiian Set, Pink, with Garland, Headband and Wristband","Хавайски розов комплект, включващ: гердан от цветя, <br />
венец и гривни.","&nbsp;&nbsp;&nbsp;&nbsp;","STD","0","0.00","0.00","1","12.00","0.00","22499.jpg","1","537"
"579","3","20473","Принца на Персия","Lawrence of Arabia Costume, White, Gown, Headpiece and Belt","Принца на Персия<br />
Карнавален мъжки костюм, съдържащ: мантия, кърпа за глава и колан.","&nbsp;","STD","0","0.00","0.00","1","45.00","0.00","20373.jpg","1","342"
"580","3","30106","Зулу войн","Zulu Warrior Costume, Straw, with Skirt, Anklets and Wristbands","<br />
Мъжки карнавален костюм, съдържащ: препаска за кръста, сламени елементи за ръцете и краката.","&nbsp;&nbsp;","STD","0","0.00","0.00","1","25.00","0.00","30006.jpg","1","280"
"581","2","33042","Пепеляшка","Rebel Toons Cinderella Costume, with Dress and Arm Sleeves","Карнавален дамски костюм, съдържащ: Рокля и ръкавчета.","&nbsp;&nbsp;&nbsp;","STD","1","0.00","0.00","1","40.00","0.00","32942.jpg","1","477"
"582","18","24510","Боички за лице, 7 цвята и апликаторче","Face Painting Palette, 7 colours, with Applicator","&nbsp;&nbsp;&nbsp;&nbsp;","&nbsp;&nbsp;&nbsp;","-","0","12.00","0.00","0","0.00","0.00","2441095324zoom.jpg","0","17"
"583","2","36218","Готическа контеса делукс","Countess Nocturna, Black and Purple, with Dress and Gloves","Карнавален костюм, съдържащ: рокля и ръкавици.","&nbsp;&nbsp;&nbsp;","STD","0","0.00","0.00","1","55.00","0.00","36118.jpg","1","27"
"584","8","30675","Пиратска шапка делукс  и пиратска кърпа","Pirate Hat and Scarf, Black and Silver","&nbsp;&nbsp;&nbsp;","&nbsp;","-","1","0.00","0.00","1","12.00","0.00","30575.jpg","1","80"
"585","2","27528","Мерилин Монро:съдържа рокля","Merilin Monro: dress","&nbsp;","&nbsp;","STD","1","0.00","0.00","1","40.00","0.00","27428.jpg","1","406"
"586","2","34449","Пиратка черно- бялото съкровище","Pirate deluks","<p>Съдържа: риза, корсет, пола и препаска.</p>","&nbsp;","STD","0","0.00","0.00","1","50.00","0.00","34349.jpg","1","424"
"587","3","31965","Дяволът - вампир","Devil - vapm costume","Двулицев костюм 2 в 1, съдържащ: рога, шапка, наметало, жилетка, жабо и колан.","&nbsp;","STD","0","0.00","0.00","1","50.00","0.00","31865.jpg","1","251"
"588","3","96418","Костюм &quot;Бягство от зарвора&quot;","Convict Costume, Black and White, with Shirt, Trousers and Hat.","Съдържа: блуза, панталон и шапка.","&nbsp;&nbsp;","STD","0","0.00","0.00","1","35.00","0.00","96318.jpg","1","318"
"589","12","1"," "," ","&nbsp;","&nbsp;"," ","0","0.00","0.00","0","0.00","0.00","Untitled-1.jpg","1","39"
"590","12","2","  ","  ","&nbsp;&nbsp;  <br />","&nbsp;&nbsp;","  ","0","0.00","0.00","0","0.00","0.00","Untitled-5.jpg","0","41"
"591","3","29635","Бягство от затвора","Escaped Prisoner","<div>Карнавален костюм,&nbsp;&nbsp;съдържащ: гащеризон.</div>","Prisoner Costume, Orange, with Boiler Suit.","XXL","0","0.00","0.00","1","35.00","0.00","29535.jpg","1","319"
"592","8","28525","Римски шлем лукс","Roman Armour Helmet","&nbsp;","Deluxe Rubber, Gold and Red, with Large Plume.","-","1","0.00","0.00","1","18.00","0.00","28425.jpg","1","42"
"593","3","25883","Пиратът от Черната перла","Pirate Man Costume","<div>Карнавален мъжки костюм,&nbsp;съдържащ: риза, панталон, имитация на ботуши, лента за глава и колан.</div>","Shirt, Trousers, Boot Covers, Headpiece and Belt.","STD","0","0.00","0.00","1","50.00","39.00","25783.jpg","1","292"
"594","8","20204","Надуваемо бебешко шишенце с биберон","Inflatable Baby Bottle","&nbsp;","Multi Coloured, 21 inch.","-","1","0.00","0.00","1","5.00","0.00","20104.jpg","1","65"
"595","4","29902","Вещерски комплект","Witch Instant Set","Съдържа: маска и туника.","Black and Green, with 1/2 Mask with Hat and Tunic.","STD","0","0.00","0.00","1","12.00","0.00","29802.jpg","1","130"
"596","17","29910","Комплект Чудовище","Monster Instant Set","Съдържа: маска и туника.","Green and Brown, with 1/2 Mask and Tunic.","S/ M","0","0.00","0.00","1","12.00","0.00","29810.jpg","1","181"
"597","2","30295","Снежанка","Fever Fairytale Costume","Карнавален костюм, съдържащ: рокля, бижу, диадема и жартиер.","Red, Blue and Gold, with Dress, Headband, Garter and Choker.","STD","0","0.00","0.00","1","45.00","0.00","30195.jpg","1","63"
"598","2","30526","Рокля 60-те","1960&#039;&#039;s Mondian Style Shift Dress","Рокля","White, Black, Blue, Red and Yellow, Block Colour Dress.","-","1","0.00","0.00","1","30.00","0.00","30426.jpg","1","393"
"599","2","30555","Фараонката","Diamond of the Nile","Карнавален дамски костюм, съдържащ: рокля, ръкави и колан.","Costume, Black, Dress, Armband and Belt.","STD","1","0.00","0.00","1","45.00","0.00","30455.jpg","1","388"
"600","2","30562","Цвете от 60-те години","60&#039;&#039;s Flower Power","Карнавална рокля и лента за коса.","Multi-Coloured, with Dress and Head Scarf.","STD","1","0.00","0.00","1","35.00","0.00","30462.jpg","1","395"
"601","5","31018","Изчистено домино - 4 модела","Halloween Masks","&nbsp;","Black, 4 Assorted, EVA.","-","1","0.00","0.00","1","5.00","0.00","30918.jpg","1","65"
"602","3","32132","Многоцветен Хипи","Psychedelic Hippie Man Costume","Карнавален мъжки &nbsp;костюм, съдържащ: панталон, лента за коса и колан.","Multi-Coloured, with Trousers, Shirt, Headband and Belt.","STD","0","0.00","0.00","1","40.00","0.00","32032.jpg","1","358"
"603","2","32912","Шехерезада","Fever Harem Babe Costume","Карнавален секси костюм, съдържащ: панталон, шорти, маска с воал и ръкави.","Black and Gold, Top, Trousers with Shorts, Mask and Arm Cuffs.","S/M","0","0.00","0.00","1","45.00","0.00","32812.jpg","1","409"
"604","2","32930","Гейшата Дракон","Fever Geisha Costume","Съдържа: рокля, колан и украса за косата.","Black and Red, Dress with Red Belt and Chopsticks for Hair.","S","0","0.00","0.00","1","40.00","0.00","32830.jpg","1","381"
"605","2","32972","Каубойката","Cowgirl Costume","Карнавален костюм, съдържащ: горно, пола, шапка и имитация на ботуши.","Brown, Top, Skirt, Belt, Hat and Boot Covers.","S","1","0.00","0.00","1","30.00","0.00","32872.jpg","1","540"
"606","2","33006","Ослепителната бандитка","Bandit Beauty Costume","Карнавален костюм, съдържащ: рокля, наметало, шапка и маска.","Black, with Dress, Cape, Belt, Hat and Mask.","S, M","0","0.00","0.00","1","35.00","0.00","32906.jpg","1","338"
"607","7","33054","Пиратска перука делукс","  Authentic Pirate WIg, Black, Long and Curly","&nbsp;","&nbsp;","-","1","0.00","0.00","1","25.00","0.00","32954.jpg","1","77"
"608","8","33273","Индианска томахавка","Authentic Western Tomahawk","&nbsp;","&nbsp;","-","1","0.00","0.00","1","5.00","0.00","33173.jpg","1","56"
"609","2","33392","Сърцето на Нил","Fever Queen of the Nile Costume","Карнавален костюм, съдържащ: рокля, украса за глава и ръкави.","Blue and Gold, with Dress, Headpiece and Arm Cuffs.","S, M","0","0.00","0.00","1","38.00","0.00","33292.jpg","1","387"
"610","7","33406","Гръцка перука с букли","Greek Goddess Wig","&nbsp;","&nbsp;","-","1","0.00","0.00","1","22.00","0.00","33306.jpg","1","64"
"611","2","33569","Мисия от Марс","Fever Space Cadet Costume","Карнавален костюм, съдържащ: рокля, колан, ръкави и имитация на обувки.","Silver and Purple, with Dress, Belt, Arm Cuffs and Boot Cuffs.","S/M","0","0.00","0.00","1","42.00","0.00","33469.jpg","1","137"
"612","7","33971","Перуката на Пепеляшка","Rebel Toons Cinderella Wig, Blonde, With Ringlets","&nbsp;","&nbsp;","-","0","0.00","0.00","1","28.00","0.00","33871.jpg","1","33"
"613","5","35008","Домино с дръжка в черно и златисто","Fastidious Eyemask, Black and Gold, on Stick with Lace Trim","&nbsp;","&nbsp;","-","0","0.00","0.00","1","7.00","0.00","34908.jpg","1","17"
"614","5","35216","Чудовищна маска Франкенщайн","Monster Mask","&nbsp;","Grey and Black, with Ear Bolts, Hair and Zip Detail, Overhead, Half Face, PVC","-","1","0.00","0.00","1","12.00","0.00","35116.jpg","1","72"
"615","3","36403","Шерифът","Tales of Old England Sheriff of Nottingham","Карнавален мъжки костюм,съдържащ: туника, панталон, ръкавици и колан.","Black, Tunic, Trousers, Gloves and Belt.","M, L","1","0.00","0.00","1","55.00","0.00","36303.jpg","1","311"
"616","3","36260","Индианецът Голямото око делукс","Authentic Western Indian Chief Costume","Карнавален костюм, съдържащ: блуза, панталон, бижу и украшение с пера за главата.","Top and Trousers","-","0","0.00","0.00","1","70.00","0.00","LinkImages_LARGE_IMAGE_36160_a.jpg","1","150"
"617","2","36333","80-те карнавален костюм","80s Wild Child Costume","Карнавален костюм, съдържащ: жакет, пола, горно, клин, ръкавици и украса за глава.","Black and Gold, with Jacket, Top, Tutu, Leggings, Gloves and Headband.","S/M","0","0.00","0.00","1","45.00","0.00","36233.jpg","1","399"
"618","7","36359","Перука Майкъл Джаксън","Michael Jackson Beat It Wig, Black, Curly","&nbsp;","&nbsp;","-","1","0.00","0.00","1","12.00","0.00","36259.jpg","0","39"
"619","7","36414","Индианска перука на плитки","Authentic Western Indian Wig","&nbsp;","Braided, with Feather Headband.","-","1","0.00","0.00","1","18.00","0.00","36314.jpg","1","47"
"620","7","36415","Готическа, черна перука","Gothic Count Wig, Black, Long, Straight ","&nbsp;","&nbsp;","-","0","0.00","0.00","1","22.00","0.00","36315.jpg","0","34"
"621","2","36482","Индийска приказка","Bollywood Star Costume","Карнавален дамски костюм, съдържащ: блуза, пола и воал.","Blue and Gold, with Top Skirt and Veil.","S/ M","0","0.00","0.00","1","45.00","0.00","36382.jpg","1","385"
"622","3","36476","Папата","Pope Costume","Карнавален костюм, съдържащ: роба, колан, шапка и наметало.","White and Gold, Robe, Sash, Hat, Necklace and Cape.","M","0","0.00","0.00","1","55.00","0.00","36376.jpg","1","193"
"623","3","28702","Непослушното бебе","Baby Boy Romper Costume","Карнавален костюм, съдържащ: гащеризон и лигавниче.","Blue, with Bonnet and Bib","STD","0","0.00","0.00","1","42.00","0.00","28602.jpg","1","78"
"625","3","20458","Шотладеца чудо","Well Hung Highlander Costume","Мъжки забавен карнавален костюм, съдържащ: горнище, поличка, панталонки, шапка и брада.","Red Tartan, Hat with Hair and Beard, Top, Sash, KIlt, Sporran, Socks and Endowment.","-","0","0.00","0.00","1","45.00","0.00","20358.jpg","1","352"
"626","3","20475","Безстрашния гладиатор","Gladiator Tunic Costume","Мъжки карнавален костюм, съдържащ: туника,наметка и броня.","Cape, Tunic and Armour&nbsp;","STD","0","0.00","0.00","1","45.00","0.00","20375.jpg","1","188"
"627","3","20543","Кроманьонeц","Caveman Costume","Мъжки карнавален костюм, съдържащ: Туника, наметало и превръзки за ръцете.","Tunic, Headband and Armbands","STD","0","0.00","0.00","1","28.00","0.00","20443.jpg","1","278"
"628","8","24313","Нож с кръв, звуци и светлина","Knife Light Up, Grey and Red","&nbsp;","Battery Included","-","1","0.00","0.00","1","5.00","0.00","24213.jpg","1","140"
"629","18","24517","Кожа за рани","Fake Skin Make Up, Skin Colored","&nbsp;","&nbsp;","-","0","8.00","0.00","0","0.00","0.00","24417.jpg","0","19"
"630","5","25414","Маска делукс - Злото се завръща","Devil Demon Mask","&nbsp;","Red and Black, with Horns, Full Head, Latex&nbsp;","-","1","0.00","0.00","1","16.00","0.00","25314.jpg","1","59"
"631","3","28432","Барок","Fever Male Baroque Vampire Costume","<div>Мъжки карнавален костюм,&nbsp;съдържащ: жакет, панталон, жабо, пояс.</div>","&nbsp;Black and Silver, with Jacket, Trousers, Cravat and Cummerbund.","S/ M/ L","0","0.00","0.00","1","38.00","0.00","28332.jpg","1","97"
"632","3","30503","Вуду магьосник","Voodoo Man Costume","<div>Мъжки карнавален костюм,&nbsp;съдържащ: жакет, шапка с коса и маска, вуду пръчка и гердан с черепи.</div>","Black, with Jacket, Stick, Hat with Mask, Hair and Necklace.","STD","1","0.00","0.00","1","50.00","0.00","30403.jpg","1","273"
"633","2","31804","Мадам Вамп","Madame Vamp","<div>Дамски карнавален костюм, съдържащ:&nbsp;корсет, пола и шапчица.</div>","Black, White and Red, with Corset, Skirt and Hat.","S/M/L","0","0.00","0.00","1","45.00","0.00","31804.jpg","1","369"
"634","2","32069","Мис скетет 2026","Fever Skeleton Costume","<div>Секси карнавален костюм, съдържащ:&nbsp;Рокля с къдрички и кокали. Перфектното допълнение е чоропогащник с кокали, който можете да си закупите от нас.</div>","Black and White, with Tutu Dress and Detachable Clear Straps.","S, M","0","0.00","0.00","1","38.00","0.00","31969.jpg","1","64"
"635","3","32008","Китаристът череп","Zombie Rocker Costume","<div>Мъжки карнавален костюм,&nbsp;съдържащ: маска с коса, риза с прикачено горно и китара от кости.</div>","Black and Beige, Mask with Hair, Shirt with Attached Waistcoat and Bone Guitar.","STD","1","0.00","0.00","1","39.00","0.00","31908.jpg","1","248"
"636","2","32281","Жената Прилеп","Devil Woman Costume","<div>Карнавален костюм, съдържащ:&nbsp;Рокля, наметало и бижу.</div>","Black and Red, Dress with Cape and Choker.","S, M, L","1","0.00","0.00","1","38.00","0.00","32181.jpg","1","356"
"637","7","32740","Двуцветна перука делукс","Tainted Garden Stricken Angel Wig","&nbsp;","Blue and Black, Shoulder Length with Fringe and Curls.","-","1","0.00","0.00","1","16.00","0.00","32640.jpg","1","41"
"638","2","32840","Кралицата на разбитите сърца се завръща","Queen of Broken Hearts Costume","<div>Дамски, карнавален костюм, съдържащ: Пола, горно, ръкавици, яка и корона.</div>","Red, Black and White, with Skirt, Top, Sleeves, Collar and Crown.","S, M, L","1","0.00","0.00","1","55.00","0.00","32740.jpg","1","353"
"639","2","33053","Жената Вамп","Fever Madame Vamp Costume","<div>Дамски карнавален костюм, съдържащ:&nbsp;корсет, пола и шапчица.</div>","Black, White and Red, with Skirt, Top and Hat.","S, M","1","0.00","0.00","1","45.00","0.00","32953.jpg","1","375"
"640","3","33117","Шапкаря","Mad Hatter Costume","<div>Мъжки карнавален костюм,&nbsp;съдържащ: панталон, риза, жакет, шапка и шалче.</div>","Green, Purple and White, with Trousers, Shirt, Hat, Jacket and Scarf.","STD","0","0.00","0.00","1","45.00","0.00","33017.jpg","1","212"
"641","7","33262","Перука Диво момиче","80s Wild Child Wig, Blonde, Short Curly with Bow","&nbsp;","&nbsp;","-","1","0.00","0.00","1","23.00","0.00","33162.jpg","0","38"
"642","2","34128","Барок","Fever Baroque Costume","<div>Дамски, карнавален костюм,&nbsp;съдържащ: рокля, сребристо и черно с орнаменти от дантела и брошка.</div>","Black and Silver, with Dress.","S/M","0","0.00","0.00","1","39.00","0.00","34028.jpg","1","373"
"643","3","34218","Пират от отвъдното","Zombie Ghost Pirate Costume","<div>Мъжки карнавален делукс костюм,&nbsp;съдържащ: жакет, риза, панталон, шапка с коса, маска и ръкавици.</div>","Grey and Black, with Jacket with Shirt, Trousers, Hat with Dreadlocks, Mask and Gloves.","STD","0","0.00","0.00","1","65.00","0.00","34118.jpg","1","289"
"644","2","34472","Любимата медицинска сестра","Sweetheart Nurse 4 Piece Costume","<div>Дамски, карнавален костюм,&nbsp;съдържащ: рокля, корсет, ръкавици и шапчица.</div>","White and Red, with Dress, Corset, Gloves and Headband.","S, M","1","0.00","0.00","1","45.00","0.00","34372.jpg","1","454"
"645","2","34584","Готическа наметка","Gothic Manor Ghost Cape, Grey","&nbsp;","&nbsp;","STD","0","0.00","0.00","1","28.00","0.00","34484.jpg","1","335"
"646","2","34586","Готическа чаровница","Gothic Manor Graveyard Enchantress Costume","<div>Дамски карнавален костюм, съдържащ:&nbsp;Рокля в синьо и зелено с качулка,декорация от черепи и ръкави.</div>","Green and Blue, Dress with Hood and Sleeves.","S, M, L","1","0.00","0.00","1","48.00","0.00","34486.jpg","1","339"
"647","6","35051","Готическа шапка с емблена череп","Gravedigger Top Hat, Grey, with Skull Emblem ","&nbsp;","&nbsp;","-","1","0.00","0.00","1","6.00","0.00","34951.jpg","1","35"
"648","2","35528","Бароков чар","Halloween Baroque Costume","<div>Дамски карнавален костюм, съдържащ:&nbsp;корсет с камъни, горна и долна пола и ръкави.</div>","Black and Red, with Corset, Underdress, Overskirt and Sleeves.","S, M","0","0.00","0.00","1","55.00","0.00","35428.jpg","1","347"
"649","3","35531","Батик костюм Хипи","1960&#039;&#039;&#039;&#039;&#039;&#039;&#039;&#039;s Tie Dye Top and Flared Trousers","<div>Мъжки карнавален костюм,&nbsp;съдържащ: панталон и горно.</div>","Multi Colored","STD","0","0.00","0.00","1","38.00","0.00","35431.jpg","1","190"
"650","5","35572","Барок маска в златисто и черваено","Baroque Fantasy Mask, Red, with Feathers","&nbsp;","&nbsp;","-","1","0.00","0.00","1","15.00","0.00","35472.jpg","1","64"
"651","10","35731","Готик чаша с паяк в лилаво и сребристо","Wine Glasses","<div>Перфектния артикул към вашето парти.</div>","Assorted Colours, with Silver Stem.","-","1","0.00","0.00","0","5.00","0.00","35631.jpg","1","35"
"652","5","35732","Маска на симпатично чудовище","Childs Devil Mask, Red","&nbsp;","&nbsp;","-","1","0.00","0.00","1","8.00","0.00","35632.jpg","1","87"
"653","5","35924","Латексова маска с рога… и то какви","Skull Overhead Mask and Hat, with Horns, Latex","&nbsp;","&nbsp;","-","1","0.00","0.00","1","12.00","0.00","35824.jpg","1","62"
"654","7","35933","Къдрава, кестенява перука","Fiery Vampiress Wig, Red, Long and Curly","&nbsp;","&nbsp;","-","0","0.00","0.00","1","14.00","0.00","35833.jpg","1","135"
"655","2","36293","Алиса делукс","Sweet Alice 4 Piece Costume","<div>Дамски карнавален костюм, съдържащ:&nbsp;корсет, рокля, престилка, ръкави и панделка за главата.</div>","Blue, Black and White, with Corset Top with Skirt and Apron, Dress, Sleeves and Headband.","S, M","0","0.00","0.00","1","55.00","0.00","36193.jpg","1","301"
"656","5","36638","Маска Пънк","Dark Dead Punk, Chinless Mask, Black and Red","&nbsp;","&nbsp;","-","1","0.00","0.00","1","10.00","0.00","36538.jpg","1","61"
"657","5","36952","Маска с коса - Разлагащо се зомби"," Decaying Zombie, with Grey Hair","&nbsp;","&nbsp;","-","1","0.00","0.00","1","15.00","0.00","36852.jpg","1","73"
"658","5","36953","Пират Зомби маска с коса и плитки","Pirate Zombie Mask, with Hat and Beaded Hair","&nbsp;","&nbsp;","-","1","0.00","0.00","1","18.00","0.00","36853.jpg","1","57"
"659","8","37015","Старинен нож - 37 см.","Mad Surgeons Blade, 37cm, Rusting Aged Effect","&nbsp;","&nbsp;","-","1","0.00","0.00","1","5.00","0.00","36915.jpg","1","43"
"660","8","37098","Готическо бижу с дантела","Gothic Lace Choker, Black, Ornate with Jewelled Cross","&nbsp;","&nbsp;","-","1","0.00","0.00","1","8.00","0.00","36998.jpg","1","62"
"661","8","96471","Антиалергична боя за лице и тяло, червен цвят, произвeдена в UK.","Face and Body Paint, Bright Red, Water Based","&nbsp;","&nbsp;","-","1","11.00","0.00","0","0.00","0.00","96371.jpg","1","69"
"662","8","96477","Антиалергична боя за лице и тяло, бял цвят, произвeдена в UK.","Face and Body Paint, White, Water Based","&nbsp;","&nbsp;","-","1","11.00","0.00","0","0.00","0.00","96377.jpg","1","70"
"663","8","96479","Антиалергична боя за лице и тяло, черен цвят, произвeдена в UK.","Face and Body Paint, Black, Water Based","&nbsp;","&nbsp;","-","1","11.00","0.00","0","0.00","0.00","96379.jpg","1","68"
"664","8","96480","Антиалергична боя за лице и тяло, кафяв цвят, произвeдена в UK.","Face and Body Paint, Dark Brown, Water Based","&nbsp;","&nbsp;","-","1","11.00","0.00","0","0.00","0.00","96380.jpg","1","71"
"665","10","37050","Висящ череп със светещи  в различни цветове очи - 18 см.","Skull with Colour Changing Eyes, 18cm High, Light Up","&nbsp;","&nbsp;","-","1","0.00","0.00","1","8.00","0.00","36950.jpg","1","4"
"666","10","28578","Паяжина с размер - 75cm x 180cm","Creepy Cloth, Black/Grey, 75cm x 180cm","&nbsp;","&nbsp;","-","1","0.00","0.00","1","5.00","0.00","28478.jpg","1","32"
"667","10","36784","Паяжина с размер -  75 cm x 300 cm"," Creepy Cloth, Cream, 75 cm x 300 cm","&nbsp;","&nbsp;","-","1","0.00","0.00","1","5.00","0.00","36684.jpg","1","33"
"668","10","22877","Машина за пушек и три цвята сетлина","Mist Maker","Перфектно допълнение към вашето парти.","Red, Yellow and Blue LED Lights, with Cauldron.","-","1","0.00","0.00","1","35.00","0.00","22777.jpg","1","11"
"669","10","23246","Паяк гигант с мигащи очи","Giant Hairy Spider","&nbsp;&nbsp;102 см.","Light Up Eyes, Black, 102cm, with Bendy Legs","-","1","0.00","0.00","1","9.00","0.00","23146.jpg","1","39"
"670","10","37061","Призрачен скелет","Screaming Skeleton in Black Shroud","92 см - със светещи очи и зловещи звуци.","Motion Activarted, 92cm, Batteries Included","-","1","0.00","0.00","1","25.00","0.00","36961.jpg","1","14"
"671","10","37025","Скелет в клетка","Skeleton in a Cage Hanging Decoration","45 см.","450 mm.","-","1","0.00","0.00","1","8.00","0.00","36925.jpg","1","34"
"672","10","35739","Готическа чаша за вино","Gothic Wine Glass","<div>Уникално допълнение за вашето парти&nbsp;или за подарък на гостите ви.</div>","Red and Gold, with Skeleton hand and Skull Stem.","-","1","0.00","0.00","0","5.00","0.00","35639.jpg","1","36"
"673","10","34944","Оранжева пояжина с паяци, светеща на неонова светлина","Spiderweb and Spiders, Neon Orange","&nbsp;","&nbsp;","-","1","8.00","0.00","0","0.00","0.00","34844.jpg","1","6"
"674","10","35022","Цикламена пояжина с паяци, светеща на неонова светлина","Spiderweb and Spiders, Neon Pink","&nbsp;","&nbsp;","-","1","8.00","0.00","0","0.00","0.00","34922.jpg","1","37"
"675","10","35044","Лилава пояжина с паяци, светеща на неонова светлина"," Spiderweb and Spiders, Purple ","&nbsp;","&nbsp;","-","1","8.00","0.00","0","0.00","0.00","34944.jpg","1","38"
"676","10","34181","Хелоуински гирлянди с тикви делукс","Pumpkin Garland","&nbsp;240 см.","Orange and Green, Cut-Out Cardboard 240cm Long, Pumkins 15cm","-","0","6.90","0.00","0","0.00","0.00","34081.jpg","1","1"
"677","10","36908","Хелоуински гирлянди делукс","Halloween Character Banner","Перфектната украса за партито ви- 180 см.","180cm Long x 28cm High","-","1","6.90","0.00","0","0.00","0.00","36808.jpg","1","3"
"678","8","35331","Искате ли брадва в главата","Hatchet Through the Head, Joke, 33 cm","&nbsp;","&nbsp;","-","1","0.00","0.00","1","5.00","0.00","35231.jpg","1","36"
"679","8","00595","Ох - ох нож в главата","Knife Through Head Headband, Black, Grey and Red","&nbsp;","&nbsp;","-","1","0.00","0.00","1","5.00","0.00","00495.jpg","1","35"
"680","8","99392","Тризъбец - 58 см.","PVC Trident, Red and Black, 58 cm.","&nbsp;","&nbsp;","-","1","0.00","0.00","1","3.00","0.00","99292.jpg","1","98"
"681","8","35736","Тризъбец с дървен ефект - 92 см."," Skeleton Trident with Wooden Effect Handle","&nbsp;","&nbsp;","-","1","0.00","0.00","1","5.00","0.00","35636.jpg","1","90"
"682","8","29335","Коса - 100 см.","Scythe, Grey and Black, 4 Piece, Plastic, 100cm","&nbsp;","&nbsp;","-","1","0.00","0.00","1","5.00","0.00","29235.jpg","1","91"
"683","8","29339","Превоз без бензин - модерната метла","Witch Broom, Brown and Black, 4 Piece, Plastic, 115cm","&nbsp;","&nbsp;","-","1","0.00","0.00","1","5.00","0.00","29239.jpg","1","89"
"684","8","21000","Черни големи крила с пера"," Feather Angel Wings, Black, 50cm x 60cm","&nbsp;","&nbsp;","-","1","0.00","0.00","1","20.00","0.00","20900.jpg","0","83"
"685","8","35069","неонови рогца","Neon Devil Horns, Neon Green and Black, with Marabou","&nbsp;","&nbsp;","-","1","0.00","0.00","1","4.00","0.00","32169.jpg","1","94"
"686","18","35704","Чоропогащник с кокали","Skeleton Tights, Black and White","&nbsp;   Точното допълнение към много костюми за Хелоуин.<br />","&nbsp;","-","0","14.00","0.00","0","0.00","0.00","35604.jpg","0","16"
"687","7","28655","Перука Малвина","Siren Wig, Blue, Long, Curly with Fringe ","&nbsp;","&nbsp;","-","0","0.00","0.00","1","12.00","0.00","28555.jpg","1","35"
"688","7","34619","Перука Вамп","Cirque Sinister Tainted Glamour Wig, Black, Long with Fringe and Ringlet Curls","&nbsp;","&nbsp;","-","1","0.00","0.00","1","15.00","0.00","34519.jpg","1","136"
"689","7","32781","Двуцветна оранжево - черна перука","Tainted Garden Wicked Witch Wig, Orange and Black, Shoulder Length with Curls","&nbsp;","&nbsp;","-","1","0.00","0.00","1","15.00","0.00","32681.jpg","1","42"
"690","6","38291","Червен цилиндър","Devil Topper Hat, Red","&nbsp;","&nbsp;","-","1","0.00","0.00","1","5.00","0.00","38191.jpg","0","47"
"691","6","36820","Вещерска шапка с тюл,паячета и пера","Witch Hat, Deluxe, Deep Red, with Net and Feathers","&nbsp;","&nbsp;","-","1","0.00","0.00","1","12.00","0.00","36720.jpg","1","44"
"692","6","33027","Малка черна шапчица","Fever Mini Top Hat, Black Glitter, with Netting","&nbsp;","&nbsp;","-","1","0.00","0.00","1","10.00","0.00","32927.jpg","1","27"
"693","6","35053","Вещерска шапка с тюл","Witches Hat, Black, with Netting","&nbsp;","&nbsp;","-","1","0.00","0.00","1","10.00","0.00","34953.jpg","1","45"
"694","4","35773","Тиквичка","Pumpkin Fairy Costume","Карнавален костюм за момиче, съдържащ: рокля с къдри и шапчица.","Dress and Headband.","S","1","0.00","0.00","1","26.00","0.00","35673T1.jpg","1","49"
"695","17","35930","Вампирче","Dracula Boy Costume","<div>Детски карнавален костюм, съдържащ: Наметка,колан, жабо и жилетка.</div>","Red and Black, with Cape, Cummerbund, Cravat and Waistcoat.","M","0","0.00","0.00","1","22.00","0.00","35830.jpg","1","161"
"696","4","34813","Забавната вещерка","Skelly Witch Costume","Карнавален костюм за момиче, съдържащ: рокля и вещерска шапка.","Black, White and Orange, Dress and Hat.","S","0","0.00","0.00","1","19.00","0.00","34713.jpg","1","141"
"697","17","36425","Пират от дълбините","Cut Throat Pirate Costume","Детски карнавален костюм, съдържащ: панталон, горно, колан, маска, ръкавици и пиратска шапка.","Brown, Green and White, with Top, Trousers, Belt, Mask, Gloves and Hat.","M/ L","0","0.00","0.00","1","32.00","0.00","36325.jpg","1","162"
"698","2","30405","Червена кадифена рокля","Mini Dress, Red, with Adjustable and Detachable Straps","<br />","<br />","S, M","0","0.00","0.00","1","18.00","0.00","30305.jpg","1","581"
"699","2","36410","Неустоимата дяволица","Fever Pin Up Devilicious Costume","<div>Дамски карнавален костюм, съдържащ:&nbsp;гащеризон, ръкавици, крила, колан, опашка и рога.</div>","Red, with Jumpsuit, Gloves, Wings, Belt, Tail and Horns.","S, M","0","0.00","0.00","1","55.00","0.00","36310.jpg","1","512"
"700","7","33870","Пъстроцветната перука","Rebel Toons Pumpkin Fairy Wig, Green, with Pigtails","&nbsp;","&nbsp;","-","1","0.00","0.00","1","14.00","0.00","33770.jpg","1","138"
"701","3","25149","Кардиналът","Cardinal Costume","<div>Мъжки карнавален костюм, съдържащ:&nbsp;роба, шал и шапчица.</div>","Robe, Sash and Headpiece.","STD","0","0.00","0.00","1","35.00","0.00","25049.jpg","1","333"
"702","3","34937","Готиния скелет","Skeleton Jumpsuit","<div>Мъжки карнавален костюм,&nbsp;съдържащ: гащеризон с релефни кокали и маска.</div>","Black and White, with Jumpsuit and Mask, EVA","STD","1","0.00","0.00","1","28.00","0.00","34837.jpg","1","262"
"703","3","32298","Страх","Grim Reaper Costume","<div>Мъжки карнавален костюм,&nbsp;съдържащ: наметка с качулка.</div>","Black and Grey, Robe with Hood.","M, L","1","0.00","0.00","1","26.00","0.00","32198.jpg","1","235"
"704","8","38290","Ръкавици с нокти","Horror Monster Gloves, Black and White","Добър аксесоар към зловещ костюм.","&nbsp;","-","1","0.00","0.00","1","8.00","0.00","38190.jpg","1","59"
"705","3","32009","Разходка до отвъдното","Deluxe Grim Reaper Costume","<div>Мъжки карнавален костюм,&nbsp;&nbsp;съдържащ: роба, наметка, маска и латексова яка.</div>","Black, with Gown, Cape, Mask and Latex Chest.","S, M, L","1","0.00","0.00","1","38.00","0.00","31909.jpg","1","249"
"706","3","32090","Дракула е тук","Dracula Costume","<div>Мъжки карнавален делукс костюм,&nbsp;съдържащ: жакет, жабо и шапка.<br />
</div>","Black and Red, with Jacket, Hat and Cravat","M, L","1","0.00","0.00","1","45.00","0.00","31990.jpg","1","252"
"707","6","30473","Пиратска шапка","Dick Turpin Tricorn Hat, Black and Gold, Felt","&nbsp;","&nbsp;","-","1","0.00","0.00","1","8.00","0.00","30373.jpg","1","52"
"708","3","34589","Готически Вампир в червено","Gothic Manor Vampire Costume","<div>Мъжки карнавален делукс костюм,&nbsp;съдържащ: риза, жабо и наметка от кадифе.</div>","Black and Red, with Shirt with Attached Cravat and Cape.","Std.","1","0.00","0.00","1","55.00","0.00","34489.jpg","1","247"
"709","7","24620","Перука - Къдравата Сю","Boogie Babe Wig, Brown, Long, Curly","&nbsp;","&nbsp;","-","0","0.00","0.00","1","15.00","0.00","24520.jpg","1","137"
"710","7","30060","Перука - Готината блондинка","Siren Wig, Blonde, Long, Curly with Fringe","&nbsp;","&nbsp;","-","0","0.00","0.00","1","10.00","0.00","29960.jpg","1","60"
"711","5","4778","Маска викинг","Viking Chinless Mask","&nbsp;","&nbsp;","-","1","0.00","0.00","1","12.00","0.00","4678.jpg","1","53"
"712","5","4776","Маска призрачен войн","Ninja Chinless Mask","&nbsp;","&nbsp;","-","1","0.00","0.00","1","12.00","0.00","4676.jpg","1","52"
"713","5","4732","Маска от отвъдното","CORPSE MUMMY 3/4 VINYL MASK ","&nbsp;","&nbsp;","-","1","0.00","0.00","1","12.00","0.00","4632.jpg","1","51"
"714","5","4700","Маска делукс череп пънк","MOTORMOUTH 3/4 VINYL MASK","&nbsp;","&nbsp;","-","1","0.00","0.00","1","15.00","0.00","4600.jpg","1","50"
"715","5","4575","Маска Клоун","Evil Fool Chinless Mask","&nbsp;","&nbsp;","-","0","0.00","0.00","1","12.00","0.00","4475.jpg","1","49"
"716","5","4505","Маска Веселия колун","Punk&#039;&#039;d Clown Mask ","&nbsp;","<br />","-","1","0.00","0.00","1","15.00","0.00","4405.jpg","1","48"
"717","5","4512","Маска черепът рапър","Speed Demon Mask","&nbsp;","&nbsp;","-","1","0.00","0.00","1","15.00","0.00","4412.jpg","1","46"
"718","5","4691","Маска делукс Зла сила","MOLTEN 3/4 VINYL MASK","&nbsp;","&nbsp;","-","1","0.00","0.00","1","18.00","0.00","4591.jpg","1","47"
"719","5","3405","Винил маска Супер дядо","Old Man Mask","&nbsp;","&nbsp;","-","1","0.00","0.00","1","15.00","0.00","3305.jpg","1","79"
"720","5","4697","Маска Чаровник","HEADHUNTER 3/4 VINYL MASK","&nbsp;","&nbsp;","-","1","0.00","0.00","0","18.00","0.00","4597.jpg","0","45"
"721","8","1508","Бухалка","Inflatable Cave Bat","&nbsp;","&nbsp;","-","1","0.00","0.00","1","5.00","0.00","1408.jpg","1","33"
"722","6","49684","Пиратска кадифена шапка","Buccaneer Hat ","&nbsp;","&nbsp;","-","1","0.00","0.00","1","12.00","0.00","49584.jpg","1","34"
"723","8",,"Светещ и издаващ звук меч","Skull Slayer Sword","<br />","Flashing strobe lights with sound effects!","-","1","0.00","0.00","1","8.00","0.00","2148.jpg","1","32"
"724","8","1671","Кръст","Plastic Monk Cross","&nbsp;","&nbsp;","-","1","5.00","0.00","0","0.00","0.00","1571.jpg","0","67"
"725","3","7748","Скелет комплект","Adult Skeleton Set with Wings","&nbsp;Съдържа: Крила, колан, ръкавици, маска с качулка, шал.","<div>Contains:&nbsp;wings, shawl, belt cord, vinyl gloves and hooded mask.&nbsp;</div>","STD","0","0.00","0.00","1","25.00","0.00","7648.jpg","1","242"
"726","6","49623","Вещерска светеща шапка","Black Witch Hat With Light Up Stars","&nbsp;&nbsp;","&nbsp;&nbsp;","-","1","0.00","0.00","1","16.00","0.00","49523.jpg","1","39"
"727","7","51335","Рапунцел перука","R.I.P.unzel Wig","&nbsp;","&nbsp;","-","1","0.00","0.00","1","18.00","0.00","51235.jpg","1","31"
"728","7","51284"," Перука Кроманьонка с кокал","Cavewoman Wig With Bone","&nbsp;","&nbsp;","-","0","0.00","0.00","1","18.00","0.00","51184.jpg","1","30"
"729","19","885339","Сладка тиквичка","Pumpkin Pie","<div>Карнавален костюм&nbsp;за Хелоуин, съдържащ:&nbsp;Рокля, крилца и украса за глава.</div>","<div>Contains:&nbsp;Dress with wings and headband.</div>","T/S","0","0.00","0.00","1","28.00","0.00","885239.jpg","1","26"
"730","17","882017","Затворник","Prisoner","<div>Карнавален костюм, съдържащ:&nbsp;Блуза, панталон и шапка.</div>","<div>Contains:&nbsp;Prisoner hat, shirt &amp; pants.</div>
<div>&nbsp;</div>
<div>Special Features:&nbsp;Fuller cut.</div>","M/ L","0","0.00","0.00","1","18.00","0.00","881917.jpg","1","156"
"731","17","882880","Пиратски светещ скелет","Pirate Skull","Карнавален костюм, съдържащ: роба с яка и маншети, колан, маска със светещи мигащи светлини. &nbsp;","<div>
<div>Contains:&nbsp;Robe with gauze collar and cuffs, waist sash and mask with flashing strobe lights.</div>
<div>&nbsp;</div>
<div>Special Features:&nbsp;Eerie Flashing Light Effects.</div>
</div>","M, L","0","0.00","0.00","1","35.00","0.00","882780.jpg","1","104"
"732","17","881136","Призракът","Cool Ghoul","&nbsp;Карнавален детски костюм, съдържащ: маска, роба с качулка и верига.","<div>Contains:&nbsp;Mask, hooded robe and chain.</div>","M, L","0","0.00","0.00","1","26.00","0.00","881036.jpg","1","92"
"733","17","881139","Нинджа войн","Red Ninja","<div>Карнавален костюм,&nbsp;съдържащ: горно с качулка, превръзка, колан, панталон, ленти за ръце и крака.&nbsp;</div>","<div>Contains:&nbsp;Hooded shirt, face scarf, waist sash, pants, arm &amp; leg ties</div>
<div>&nbsp;</div>
<div>Special Features:&nbsp;Gold and black glitter print embroidery.</div>","M","0","0.00","0.00","1","19.00","0.00","881039.jpg","1","57"
"734","4","881198","Главатарката на пиратите","Pirate","<div>Карнавален костюм,&nbsp;съдържащ: горно, панталон, колан, кърпа за глава <a style=""display:none;"" href=""http://www.bagshopsite.com"">Replica Balenciaga Handbags</a>.</div>","<div>Contains:&nbsp;Crop top, pants and belt.</div>
<div>&nbsp;</div>
<div>Special Features:&nbsp;Head scarf included.</div>","S, M","0","0.00","0.00","1","28.00","0.00","881098.jpg","1","84"
"735","4","881224","Магьосничка","Sorceress","&nbsp;Карнавален костюм,&nbsp;съдържащ: рокля, колан и вещерска шапка.","<div>Contains:&nbsp;Dress, belt and hat.</div>","M, L","0","0.00","0.00","1","28.00","0.00","881124.jpg","1","132"
"736","4","883253","Блещукаща магьосница","Twinkle Witch","<div>Карнавален костюм,&nbsp;съдържащ: рокля и шапка.</div>","<div>Contains:&nbsp;Fiber Optic Dress, Hat.</div>","M, L","0","0.00","0.00","1","35.00","0.00","883153.jpg","1","139"
"737","4","884054","Мини - мис Паяче","LiL&#039;&#039;&#039;&#039;&#039;&#039;&#039;&#039; Miss Spider","Карнавален костюм, съдържащ: рокля, яка и шапчица с паяк.","<div>
<div>Contains:&nbsp;dress, collar, headpiece.</div>
</div>","M, L","1","0.00","0.00","1","38.00","0.00","883954.jpg","1","138"
"738","4","882328","Диво котенце","Stola Kitty","Карнавален костюм, съдържащ: гащеризон с опашка, уши.&nbsp;","<div>Contains:&nbsp;Jumpsuit with tail, headband, and ears.</div>","S, M","1","0.00","0.00","1","26.00","0.00","882228.jpg","1","147"
"739","4","882130","Опасното пиратче","Ship Wrecked","Карнавален костюм, съдържащ: горно, пола с блестящ череп, колан с череп медальон. <a style=""display:none;"" href=""https://www.justcheapshoes.com"">elevator shoes for men</a>","<div>Contains:&nbsp;Shirt, skirt with printed skull, waist sash with vinyl skull medallion.</div>
<div>&nbsp;</div>
<div>Special Features:&nbsp;Shirt with vinyl cuffs, glitter print skull on skirt.</div>","M, L","0","0.00","0.00","1","28.00","0.00","882030.jpg","1","45"
"740","17","884014","Викинг","Nordic Warrior","&nbsp;Карнавален делукс костюм, съдържащ: гащеризон, ризница, маска и колан.","&nbsp;Contains:&nbsp;Jumpsuit w/ molded chest piece and att. armor pieces, mask &amp; belt","M/ L","0","0.00","0.00","1","36.00","0.00","883914a.jpg","1","184"
"741","5","4583","Маска Горила","Congo Chinless Mask","&nbsp;","&nbsp;","-","0","0.00","0.00","1","15.00","0.00","4483.jpg","1","43"
"742","4","884057","Феята на пеперудите","Butterfly Fairy","&nbsp;Карнавален детски костюм, съдържащ: рокля и крила. <a style=""display:none;"" href=""https://www.bestshoesites.com"">elevator sneakers</a>","&nbsp;
<div>Contains:&nbsp;Dress, Wings.</div>","S, M","0","0.00","0.00","1","38.00","0.00","883957.jpg","1","7"
"743","17","884064","Великия Самурай","Samurai","<div>Карнавален делукс костюм, съдържащ:&nbsp;гащеризон, ризница, маска и колан.&nbsp;</div>","<div>Contains:&nbsp;Jumpsuit w/ attached molded chest piece &amp; attached armor pieces, mask and belt.</div>","M, L","0","0.00","0.00","1","36.00","0.00","boets.jpg","1","71"
"744","17","884011","Индиански войн","Apache Warrior","Карнавален костюм, съдържащ: панталон, горно, ризница, маска и колан.","<div>Contains:&nbsp;Shirt w/ attached molded armor pieces, pants w/ attached loin cloth, belt &amp; mask.</div>","M/ L","0","0.00","0.00","1","36.00","0.00","883911a.jpg","1","139"
"745","17","883599","Свиреп вампир с ефекти","Vampire FIber Optic","Карнавален костюм, съдържащ: риза с прикачена жилетка със светещи частици, наметка и панталон.","<div>Contains:&nbsp;shirt w/att vest, cape, pants.</div>","M/ L","0","0.00","0.00","1","38.00","0.00","883499.jpg","1","160"
"746","17","883053","Дяволът","Horrorland Devil Robe","Карнавален костюм, съдържащ: роба с качулка и маска.","<div>Contains:&nbsp;hooded robe and mask.</div>","M/ L","0","0.00","0.00","1","26.00","0.00","882953.jpg","1","176"
"747","17","882910","Мрачния войн","Child Grim Reaper","Карнавален костюм, съдържащ: роба с качулка и маска.","<div>Contains:&nbsp;hooded robe and mask.&nbsp;</div>","S, L","0","0.00","0.00","1","26.00","0.00","882810.jpg","1","83"
"748","17","883921","Скелетче","EVA Skeleton","<div>Карнавален костюм, съдържащ: маска,&nbsp;гащеризон и ръкавици с релефни кости.</div>","<div>Contains:&nbsp;EVA mask and jumpsuit with EVA bones and EVA gloves.</div>","S, M","0","0.00","0.00","1","22.00","0.00","883821.jpg","1","167"
"749","17","883611","Кунг - Фу тигър","Horrorland Tiger","Карнавален костюм, съдържащ: горно с тигрови маншети и маска.","<div>Contains:&nbsp;Shirt &amp; Headpiece.</div>","M, L","0","0.00","0.00","1","28.00","0.00","883511.jpg","1","183"
"750","3","886274","Големия войн","Big Bruiser CPL Punishment","Карнавален костюм, съдържащ: горно, маска делукс, препаска с гранати, надуваемо допълнение за мускули.","<div>Contains:&nbsp;shirt, mask, bandalier, inflatable harness.</div>","M, L","0","0.00","0.00","1","45.00","0.00","886174.jpg","1","241"
"751","4","883916","Принцесата на духовете","Ghostly Spirit","Карнавален костюм, съдържащ: рокля и горно.&nbsp;","<div>Contains: hooded gauze coat and dress.</div>
<div>&nbsp;</div>
<div>Special Features:&nbsp;Gauze coat and wig included.</div>","M, L","1","0.00","0.00","1","29.00","0.00","883816.jpg","1","142"
"752","17","884018","Страшния вамп","Transylvanian Vampire ","Карнавален костюм, съдържащ: наметка с яка, жилетка, риза, панталон и медальон.","<div>Contains:&nbsp;Cape w/ collar, vest with shirt, pants and medallion.</div>
<div>&nbsp;</div>","M/ L","0","0.00","0.00","1","35.00","0.00","vampjpg.jpg","1","159"
"753","17","882161","Зомби Пънк","Punk Zombie","Карнавален костюм, съдържащ: винилна маска, горно с ефектна имитация на разядена кожа и кожени ръкавици.","<div>Contains:&nbsp;Vinyl mask, jacket with molded chest piece, and studded gloves.</div>
<div>&nbsp;</div>
<div>Special Features:&nbsp;Leather-look jacket.</div>","M","0","0.00","0.00","1","38.00","0.00","882061.jpg","1","164"
"754","3","55141","Стената на злото","Mortar","Карнавален костюм, съдържащ: роба с качулка и колан.","<div>Contains:&nbsp;Hooded robe and waist sash.</div>","STD","0","0.00","0.00","1","26.00","0.00","55041.jpg","1","236"
"755","2","889466","Дива и красива","Tribal Temptress","Карнавален костюм, съдържащ: рокля, имитация на обувки и колан.","<div>Contains:&nbsp;Dress, shoe covers w/ leg wraps and belt.</div>","STD","1","0.00","0.00","1","28.00","0.00","889366.jpg","1","485"
"756","2","57115","Царицата на духовете","Ghostly Spirit","Карнавален костюм, съдържащ: перука, рокля и горно.&nbsp;","<div>Contains:&nbsp;Wig, hooded gauze coat and dress.</div>
<div>&nbsp;</div>
<div>Special Features:&nbsp;Gauze coat and dress.</div>","STD","0","0.00","0.00","1","38.00","0.00","57015.jpg","1","326"
"757","3","888476","Животоспасяваща система","Mobile Life Support System","Карнавален костюм, съдържащ: роба и система.","<div>Contains:&nbsp;Patient robe and novelty headpiece</div>","STD","0","0.00","0.00","1","45.00","0.00","888376.jpg","1","351"
"758","2","15356","Чаровната тиквичка","Pumpkin","Карнавален костюм, съдържащ: шапчица и рокличка.","<div>Contains:&nbsp;Headpiece and romper.</div>","STD","0","0.00","0.00","1","40.00","0.00","15256.jpg","1","364"
"759","3","889456","Вампирът Аристократ","Royal Vampire","Карнавален костюм, съдържащ: горно с прикачена жилетка и медальон.","<div>Contains:&nbsp;Coat with attached vest &amp; medallion.</div>","STD","1","0.00","0.00","1","45.00","0.00","889356.jpg","1","245"
"760","2","889470","Мис Вамп","Vampira","Карнавален костюм, съдържащ: рокля, яка.","<div>Contains:&nbsp;Dress, Collar</div>","STD","0","0.00","0.00","1","38.00","0.00","889370.jpg","1","337"
"761","3","889541","Кралски вампир","Transylvanian Vampire","Карнавален костюм, съдържащ: наметка, риза, жилетка, медальон.","<div>Contains:&nbsp;Cape, Shirt, Vest, Medallion.</div>","STD","0","0.00","0.00","1","45.00","0.00","889441.jpg","1","244"
"762","3","16558","Фантом","Phantom Mime","Карнавален костюм, съдържащ: маска, роба с качулка, шал.","<div>Contains:&nbsp;PVC mask and hooded robe with printed shawl.</div>","STD","1","0.00","0.00","1","45.00","0.00","16458.jpg","1","243"
"763","3","889582","Свети Петър с ключовете от Рая","Gate Keeper","Карнавален костюм, съдържащ: роба, ореол, колан.","<div>Contains:&nbsp;Robe, Halo, &amp; Belt</div>","STD","1","0.00","0.00","1","45.00","0.00","889482.jpg","1","67"
"764","3","17052","Будка за Целувки","Kissing Booth","Карнавален забавен костюм, съдържащ: будка.","<div>Contains:&nbsp;Foam Body.</div>","STD","0","0.00","0.00","1","50.00","0.00","16952.jpg","1","353"
"765","2","8801","Сладко бебе","Baby Boomer Girl","Карнавален костюм, съдържащ: боне, горно, гащички, надуваемо дупе.","<div>Contains:&nbsp;Bonnet, shirt, bloomers, inflatable derri&eacute;re.</div>
<div>&nbsp;</div>
<div>Special Features:&nbsp;Inflatable derri&egrave;re.</div>","STD","1","0.00","0.00","1","45.00","0.00","8701.jpg","1","475"
"766","3","888316","Джентълмена Късметлия","Card Dealer","Карнавален костюм, съдържащ: риза с жилетка, козирка с 100$, верижка с талисмани.","<div>Contains:&nbsp;vest w/built in shirt, visor w/$100 bills, armbands, watch chain w/charms.</div>","STD","0","0.00","0.00","1","40.00","0.00","888216.jpg","1","326"
"767","2","889757","Секси войн","Mad Maxine","Карнавален костюм, съдържащ: горно, панталонки, колан с прикачени жартиери.","<div>Contains:&nbsp;Top, Shorts, Belt with attached leg wraps</div>","STD","0","0.00","0.00","1","45.00","0.00","889657.jpg","1","333"
"768","3","888278","Омагьосаното дърво","Haunted Tree","Карнавален делукс костюм, съдържащ: роба с качулка, шапка с надпис, ръкавици като клони, имитация на обувки и два надписа.&nbsp;","<div>Contains:&nbsp;Hooded robe, headpiece with attached sign, gloves, shoe covers and two signs.</div>","STD","0","0.00","0.00","1","60.00","0.00","888178.jpg","1","348"
"769","3","16409","Алоха Горила","Aloha Gorilla","Карнавален делукс костюм, съдържащ: маска, цвете, гирлянд, горно с козина със сутиен от кокос и палмова пола.&nbsp;","<div>Contains:&nbsp;Latex, mask, flower pin, lei, fur shirt with attached coconut bra &amp; palm skirt.</div>
<div>&nbsp;</div>
<div>Special Features:&nbsp;Fur shirt with attached coconut bra.</div>","STD","0","0.00","0.00","1","55.00","0.00","16309.jpg","1","224"
"770","2","888679","Булката затворник","Prison Bride","Карнавален костюм, съдържащ: шапка с вало, бижу, горно, пола.","<div>Contains:&nbsp;headpiece with veil, choker, top, skirt with bustle.</div>","STD","0","0.00","0.00","1","55.00","0.00","888579.jpg","1","376"
"771","3","889443","Звероукротител","Ring Master","<div>Карнавален костюм, съдържащ: цилиндър, фрак, жилетка с риза и папионка, панталон.</div>","<div>Contains:&nbsp;Top hat, Tailcoat, Vest with attached shirt front and tie, Pants.</div>","STD","0","0.00","0.00","1","65.00","0.00","889343.jpg","1","228"
"772","3","17868","Феята на зъбчетата","Tooth Fairy","Карнавален костюм, съдържащ: пола, горно, понталонки, коронка и крила.","<div>Contains:&nbsp;Shirt, skirt, shorts, tiara and wings.</div>","STD, XL","1","0.00","0.00","1","55.00","0.00","17768.jpg","1","215"
"773","2","16216","Моргана","Burgundy Velvet Cape","<div>Карнавален костюм, съдържащ:&nbsp;наметка с качулка и бордюр с черепчета.</div>","<div>Contains:&nbsp;cape with burgundy velvet, mesh hood, overlay and printed trim.</div>","STANDART","0","0.00","0.00","1","35.00","0.00","16116.jpg","1","357"
"774","2","17434","Принцесата на нощта","Midnite Priestess","Карнавален костюм, съдържащ: кадифена роба с бордюр.","<div>Contains:&nbsp;Hooded velvet robe with metallic trim.</div>
<div>&nbsp;</div>
<div>Special Features:&nbsp;Velvet robe with metalic trim.</div>","STD, L","1","0.00","0.00","1","45.00","0.00","17334.jpg","1","412"
"775","2","17799","Неандерталка","Cavewoman","Карнавален костюм, съдържащ: рокля, колан, превръзка за глава и коже за крака.","<div>Contains:&nbsp;Dress, waist sash, headband and boot tops.</div>","XXL","1","0.00","0.00","1","45.00","0.00","17699.jpg","1","488"
"776","3","17798","Неандерталецът","Caveman","Карнавален костюм, съдържащ: туника","<div>Contains:&nbsp;Tunic</div>","XXL","1","0.00","0.00","1","38.00","0.00","17698.jpg","1","279"
"777","7","51631","Перука делукс Нейтири с уши","Deluxe Neytiri Wig With Ears","&nbsp;","&nbsp;","-","0","0.00","0.00","1","28.00","0.00","51531.jpg","1","29"
"778","7","52097","Перука делукс Джейк Съли","Jake Sully Adult Wig","&nbsp;","&nbsp;","-","1","0.00","0.00","1","22.00","0.00","51997.jpg","1","28"
"779","8","68455","Джейк Съли уши","Jake Sully Ears","&nbsp;","&nbsp;","-","1","0.00","0.00","1","8.00","0.00","68355.jpg","1","31"
"780","3","889858","Смърф","Deluxe Adult Smurf","Карнавален делукс костюм, съдържащ: горно, панталон, шапка, ръкавици и имитация на обувки.","<div>Contains:&nbsp;Shirt, pants, headpiece, mittens and shoe covers.</div>
<div>&nbsp;</div>","XL","0","0.00","0.00","1","55.00","0.00","889758.jpg","1","214"
"781","5","4792","Маска Смърф","Smurf Mask","&nbsp;","&nbsp;","-","1","0.00","0.00","1","12.00","0.00","4692.jpg","1","42"
"782","3","889501","Сблъсъка на Титаните","Deluxe Adult Calibos","<div>Карнавален делукс костюм, съдържащ: горно, имитиращо кожа&nbsp;с броня, туника, пръсти и маска.</div>","<div>Contains:&nbsp;Molded chest armor, gauntlet, shin guards, tunic, molded finger tips and mask.</div>","STD","0","0.00","0.00","1","65.00","0.00","889401.jpg","1","210"
"783","17","884028","Сблъсъка на Титаните ","Deluxe Child Calibos","<div>Карнавален детски делукс костюм, съдържащ: горно, имитиращо кожа&nbsp;с броня, туника, пръсти и маска.</div>","<div>Contains:&nbsp;Molded chest armor, gauntlet, shin guards, tunic, molded finger tips and mask.</div>","M, L","0","0.00","0.00","1","45.00","0.00","883928.jpg","1","114"
"784","2","32027","Чаровната вещерка","Blue Sparkle Witch Costume","Карнавален дамски костюм, съдържащ: рокля, наметка и шапка.","Dress, Detachable Clear Straps, Cape and Hat.","S, M","1","0.00","0.00","1","42.00","0.00","31927.jpg","1","321"
"785","2","21862","Секси монахиня","Nun Sexy Costume","Карнавален дамски костюм, съдържащ: рокля и част за главата.","Black, with Short Dress and Headpiece.","S, M","0","0.00","0.00","1","29.00","0.00","21762.jpg","1","325"
"786","2","33851","Ангела на нощта","Tainted Garden Stricken Angel Costume","Карнавален дамски костюм, съдържащ: рокля, крила и ръкавици.","Blue and Black, with Dress, Wings and Glovettes.","S, M","0","0.00","0.00","1","55.00","0.00","33751.jpg","1","319"
"787","2","32071","Забавната  вещица","Fever Pumpkin Witch","Карнавален дамски костюм, съдържащ: горно, рокля и шапка.","Orange and Black, with Jacket, Dress and Hat.","S, M","3","0.00","0.00","1","39.00","0.00","31971.jpg","0","318"
"788","2","21512","Костюм от кокалчета","Teen Punky Bones","Карнавален дамски костюм, съдържащ: горно, пола, клин и ръкавици.","Black, White and Purple, Top, Skirt, Leggings and Gloves.","S, M","1","0.00","0.00","1","38.00","0.00","21412.jpg","1","317"
"789","4","31335","Розовата малка вещица","Fairy Glitter Witch","Детски карнавален костюм, съдържащ: рокличка, шапка и магическа пръчица.","Pink, with Dress, Hat and Wand.","S","3","0.00","0.00","1","23.00","0.00","31235.jpg","1","134"
"790","4","35755","Кривата шапчица","Cinder Witch","Детски карнавален костюм, съдържащ: рокличка с клин и шапка.","&nbsp;Black, Pink and Yellow, Dress, Hat and Tights.","S","1","0.00","0.00","1","26.00","0.00","35655.jpg","1","133"
"791","10","37006","Светещ Скелет 150 см.","Skeleton Hanging Decoration","&nbsp;","&nbsp;Neon Colours, 150cm, with Light up Eyes","-","1","0.00","0.00","1","14.00","0.00","36906.jpg","1","31"
"792","10","36920","Череп с кокали","Bag of Bones in Net Bag, includes Skull","&nbsp;","&nbsp;","-","1","0.00","0.00","1","10.00","0.00","36920.jpg","1","15"
"793","3","32875","Капитана на главорезите","Pirate Ship Mate","Мъжки карнавален костюм, съдържащ: горно, панталон, кърпа, и колан.","Red, Brown and Black, Top, Trousers, Scarf and Belt.","S, M, L","0","0.00","0.00","1","42.00","0.00","32775.jpg","1","290"
"794","3","33532","Страшния пират","Buccaneer Costume","Мъжки карнавален костюм, съдържащ: горно, риза, панталон и шапка.","Brown, Coat, Shirt, Trousers and Hat.","S, M, L","3","0.00","0.00","1","50.00","0.00","33432.jpg","1","291"
"795","10","28444","Пиратското съкровище","Pirate Coin Bag, Black, with Coins","&nbsp;","&nbsp;","-","1","0.00","0.00","1","5.00","0.00","28344.jpg","1","30"
"796","3","20460","Голямата изненада","Snake Charmer Costume","Мъжки карнавален костюм, съдържащ: горно, панталон, жилетка, шапка и змия.","Orange, White and Brown, Top, Waistcoat, Trousers, Hat and Snake.","S, M, L","0","0.00","0.00","1","45.00","0.00","20360.jpg","1","69"
"797","2","31312","Непослушната камелиерка","Fever Flirty French Maid","Карнавален дамски костюм, съдържащ: рокля, за главата, ръкави.","Black and White, with Dress, Headpiece and Sleeves.","S, M","1","110.00","0.00","1","45.00","0.00","31212.jpg","1","316"
"798","2","37093"," Скелетът с горещо сърце","Bright Bones Glow in the Dark ","Карнавален дамски костюм, съдържащ:рокля със светещо сърце.","Black and White, Dress with LED Lights.","S, M","1","0.00","0.00","1","39.00","0.00","36993.jpg","1","416"
"799","2","31023","Кръвожадната красавица","Fever Vixen Vamp","Карнавален дамски костюм, съдържащ: корст, яка, пола и ръкавици.","Black and Red, Skirt with Lace Petticoat, Corset, Collar and Gloves.","S, M","1","0.00","0.00","1","46.00","0.00","30923.jpg","1","315"
"800","3","32021","Обезглавения конник","Headless Man Costume","Мъжки карнавален костюм, съдържащ: тениска, наметало, колан и глава.","Black, White and Red, with T-Shirt, Cloak, Belt and Head.","M, L","0","0.00","0.00","1","56.00","0.00","31921.jpg","1","237"
"801","2","27046","Немирната затворничка","Fever Sexy Convict","Карнавален дамски костюм, съдържащ: рокля и шапка.","Black and White, with Dress and Hat","S/M","0","0.00","0.00","1","39.00","0.00","26946.jpg","1","311"
"802","2","33352"," Вива Лас Вегас","Elvis Viva Las Vegas","Карнавален дамски костюм, съдържащ: рокля и наметка.","White and Red, with Dress and Cape.","S, M","0","0.00","0.00","1","48.00","0.00","33252.jpg","1","314"
"803","3","36329","Пирата Джо","Pirate Hooped","Мъжки карнавален костюм, съдържащ: гащеризон, шапка с коса, имитация на ботуши и колан.","Green, White and Brown, Bodysuit, Hat with Hair, Boot Covers and Sash.","S, M, L","1","0.00","0.00","1","48.00","0.00","36229.jpg","1","287"
"804","3","33848","Любезния продавач на пуканки","Cirque Sinister Depraved Concession Man Costume","Мъжки карнавален костюм, съдържащ: риза, шапка с коса, маска, ръкавици, поставка и вкусотийки.","White and Green, with Shirt, Hat with Hair, Mask, Gloves, Carrying Case and Concession Food.","S, M, L","0","0.00","0.00","1","56.00","0.00","33748.jpg","1","274"
"805","2","30683","Зловещ комплект","Bijou Boutique Spider Web Cape","Карнавален дамски костюм, съдържащ: наметка и бижу.","Black and White, with Crystals and Neck Chain Fasten.","S, M, L","0","0.00","0.00","1","12.00","0.00","30583.jpg","1","509"
"806","3","30929","Дивото зове","Werewolf Costume","<div>Мъжки карнавален костюм, съдържащ: гащеризон, маска, крака и ръкавици.</div>","Grey, Jumpsuit with Feet, Hands and Mask.","S, M","0","0.00","0.00","1","58.00","0.00","30829.jpg","1","227"
"807","2","32795","Доброто дяволче","Teen Devil Pixie","Карнавален дамски костюм, съдържащ: рокля, крила, рога, бижу, ръкавици.","Red, with Dress, Wings, Horns, Choker and Arm Cuffs.","S, M","0","0.00","0.00","1","37.00","0.00","32695.jpg","1","307"
"808","7","34739","Чена права перука с бритон.","Glamourama Wig, Black, Long, Straight with Fringe","&nbsp;","&nbsp;","-","1","0.00","0.00","1","25.00","0.00","34639.jpg","1","37"
"809","2","33378","Неустоимата дяволица","Devil 5 Piece","Карнавален делукс дамски костюм, съдържащ: корсет, пола, яка, рога и ръкави.","Red and Gold, with Dress, Corset with Overskirt, Detachable Collar, Horns and Sleeves.","S, M","0","0.00","0.00","1","55.00","0.00","33278.jpg","1","306"
"810","17","35391","Капитан Скелет","Pirate Captain Skeleton","Детски карнавален костюм, съдържащ: горно, жакет, шапка.","Red, Yellow, Black and White, Jacket, Top, Trousers and Hat.","S/ M","0","0.00","0.00","1","35.00","0.00","35291.jpg","1","87"
"811","2","33845","Укротителката на змии","Cirque Sinister Wicked Tattoo Snake Charmer","&nbsp;Карнавален дамски костюм, съдържащ: рокля, ръкавици и змия.","&nbsp;Green, with Dress, Glovettes and Snake.","S, M","0","0.00","0.00","1","45.00","0.00","33745.jpg","1","305"
"812","2","101","Латино лейди","Latino Lady","Карнавален костюм съдържащ: рокля с волани.","&nbsp;","S, M","0","0.00","0.00","1","38.00","0.00","016.jpg","1","553"
"813","2","102","Кралицата на валса","The White Queen","Карнавален костюм съдържащ: Еластична рокля и фуста, украсена с пера.","&nbsp;","S, M","0","0.00","0.00","1","45.00","0.00","017a.jpg","1","555"
"814","2","103","Маркизата в бяло","The Marquise","Карнавален костюм съдържащ: корсет, пола, фуста, ръкави и шапка.","&nbsp;&nbsp;","S, M","0","0.00","0.00","1","80.00","0.00","04.jpg","1","344"
"815","2","104","Пънк балерина","Punk Ballerina","Карнавален костюм съдържащ: корсет, пола /пачка/.","&nbsp;","S, M","0","0.00","0.00","1","55.00","0.00","08.jpg","1","403"
"816","2","105","Победителката","She&#039;&#039;&#039;&#039;&#039;&#039;&#039;&#039;&#039;&#039;&#039;&#039;&#039;&#039;&#039;&#039;s a Winner!","Карнавален костюм съдържащ: горна част и панталон.","&nbsp;","S, M","0","0.00","0.00","1","35.00","0.00","09.jpg","1","405"
"817","2","106","Феята на купона","The Party Fairy","Карнавален костюм съдържащ: корсет и пола.","&nbsp;","S/M","0","0.00","0.00","1","48.00","0.00","06.jpg","1","394"
"818","2","107","Момиче-мечта","Dreamgirl","Карнавален костюм съдържащ: гащеризон и очила.","&nbsp;","S, M","0","0.00","0.00","1","35.00","0.00","07.jpg","1","401"
"819","2","108","Рио Лейди","Rio Carnival Costume","Карнавален костюм съдържащ: боди с пера.","&nbsp;","S, M","0","0.00","0.00","1","45.00","0.00","015.jpg","1","551"
"820","2","109","Секси Гейша","Geisha","Карнавален костюм съдържащ: корсет, пола.","&nbsp;","S, M","0","0.00","0.00","1","55.00","0.00","05.jpg","1","382"
"821","2","110","Мис Дяволица 2011","Miss Devil 2010","Карнавален костюм съдържащ: корсет и пола.","&nbsp;","S, M","0","0.00","0.00","1","65.00","0.00","013.jpg","1","522"
"822","3","28133","Щастливият Дядо Коледа","Plush Santa Costume","Коледен делукс костюм: Палто, панталон, колан, шапка, ръкавици и фалшиви ботуши.","Red, Black and White, with Jacket, Hat, Trousers, Gloves, Beard, Belt and Boots Covers.","M, L","0","0.00","0.00","1","65.00","0.00","28033.jpg","1","368"
"823","3","34240","Супер финния дядо Коледа","Super Santa Costume","Коледен забавен костюм, съдържащ: шапка, маска, брада, имитация на ботуши, наметка, горно с допълнителен корем, панталон с прикачени шорти и колан.","Red, Black and White, with Hat, Eyemask, Beard, Bootcovers, Cape, Top and Trousers with Attached Shorts and Belt.","S, M","0","0.00","0.00","1","49.00","0.00","34140.jpg","1","336"
"824","3","36314","Супер Дядо Коледа","Super Fit Santa Costume","Коледен забавен костюм, съдържащ: шапка, маска, брада, имитация на ботуши, наметка, горно с мускули, панталон с прикачени шорти и колан.","&nbsp;Red, with Hat, Eyemask, Beard, Cape, Muscle Top, Belt, Trousers and Boot covers.","M, L","0","0.00","0.00","1","55.00","0.00","36214.jpg","1","223"
"825","2","29809","Ангелът в теб","Angel Set","Ангелски комплект, съдържащ: ореол, крила, вълшебна пръчица и поличка.","White, with Wings, Wand, Halo and Tutu.","S, M, L","0","0.00","0.00","1","18.00","0.00","29709.jpg","1","303"
"826","8","92111","Ангелски сребърни крила","Angel Wings, Silver, PVC, 16&quot; Wide ","&nbsp;","&nbsp;","-","1","0.00","0.00","1","7.00","0.00","92111.jpg","1","30"
"827","2","31887","Пекрасната снежанка","Christmas Lady Costume","Коледен карнавален костюм, съдържащ: коледна рокля, шапка и колан.","Red with White Trim, with Dress, Belt and Hat.","S, M","0","0.00","0.00","1","19.00","0.00","31787.jpg","1","586"
"828","2","37085","Коледна принцеса","Santa Costume","Коледен корсет, пола, наметка, шапка и ръкавици.","Red and white, with Hat, Cape, Corset, Skirt and Gloves.","S/ M/L","0","0.00","0.00","1","65.00","0.00","36985.jpg","1","18"
"829","2","28107","Наметка и шапка Коледа делукс","Luxury Cape, Red and White, with Hat ","&nbsp;","&nbsp;","-","0","0.00","0.00","1","23.00","0.00","28007.jpg","1","561"
"830","3","26125","Работливко","Elf Costume","Карнавален костюм, съдържащ: горно, панталон и шапка.","Green and Red, with Top, Trousers and Hat.","M/L/XL","0","0.00","0.00","1","25.00","0.00","26025.jpg","1","364"
"831","2","28116","Мис Снежен човек","Miss Snowman Costume","Карнавален костюм, съдържащ: рокля, шапка, шал и колан.","&nbsp;White and Black, with Dress, Hat, Scarf and Belt.","S, M","0","0.00","0.00","1","47.00","0.00","28016.jpg","1","174"
"832","3","31414","Ще ме разтопиш","Snowman Costume","Карнавален костюм, съдържащ: гащеризон, шал, шапка и нос.","White, Green, Black and Orange, with Bodysuit, Scarf, Hat and Carrot Nose.","M/L/XL","0","0.00","0.00","1","55.00","0.00","31314.jpg","1","167"
"833","3","28118","Вземи ме вкъщи и ме разопаковай","Take Me Home and Unwrap Costume","Карнавален забавен костюм подарък.","Purple, Tabard.","S, M, L","0","0.00","0.00","1","47.00","0.00","28018.jpg","1","180"
"834","3","33418","Мистър Пингвин","Penguin Costume","Карнавален мъжки костюм, съдържащ: гащеризон с папионка.","Black, White, Red and Yellow, with Bodysuit with Bow Tie.","M, L","0","0.00","0.00","1","49.00","0.00","33318.jpg","1","47"
"835","17","31413","Снежко","Snowman Costume","Детски коледен карнавален костюм, съдържащ: гащеризон, шал, шапка, нос морков.","White, Green, Black and Orange, with Bodysuit, Scarf, Hat and Carrot Nose.","M/ L","0","0.00","0.00","1","33.00","0.00","31313.jpg","1","141"
"836","4","36435","Ангел в синьо","Angel Glam","Коледен карнавален костюм, съдържащ: рокля, крила, ореолче и клин.","White and Blue, with Dress, Wings, Halo on Headband and Leggings.","S, M","3","0.00","0.00","1","29.00","0.00","36335.jpg","0","170"
"837","4","36049","Звезден ангел","Star Fairy Costume","Детски Коледен карнавален костюм, съдържащ: карнавална рокля, диадема със звезда и крилца.","White and Gold, with Dress, Headband and Wings.","S, M, L","0","89.00","0.00","1","33.00","0.00","35949.jpg","1","118"
"838","17","36045","Сладкото Магаренце","Little Donkey Costume","Детски карнавален костюм, съдържащ: горно и маска.","Grey, Tabard with Hood and Detachable Tail.","S/ M","0","0.00","0.00","1","27.00","0.00","35945.jpg","1","122"
"839","8","755","Брада Дядо Мраз 28 см.","Santa Beard, Economy, White, 28 cm","&nbsp;","&nbsp;","-","1","15.00","0.00","0","0.00","0.00","655.jpg","1","160"
"840","6","38422","Коледна шапка с коса","Christmas hat with hair attached","&nbsp;","&nbsp;","-","0","0.00","0.00","1","7.00","0.00","38322.jpg","1","62"
"841","8","24890","Диадема Снежинка","Snowflake Boppers, White","&nbsp;","&nbsp;","-","1","0.00","0.00","1","5.00","0.00","24790.jpg","1","162"
"842","8","38569","Диадема с Дядо Мраз","Santa Boppers, White and Red","&nbsp;","&nbsp;","-","1","0.00","0.00","1","5.00","0.00","38469.jpg","1","161"
"843","8","38568","Диадема с Еленчета","Reindeer  Boppers","&nbsp;","&nbsp;","-","1","0.00","0.00","1","5.00","0.00","38468.jpg","1","159"
"844","8","30848","Коледни чорапи","Thigh High Stockings","<div>Перфектното допълнение,&nbsp;към коледните дамски костюми.</div>","&nbsp;Red and White, Striped.","-","1","14.00","0.00","0","0.00","0.00","30748.jpg","1","156"
"845","8","32085","Уши на елф","Pointy Elf Ear Tips, Skin Coloured ","&nbsp;","&nbsp;","-","1","7.00","0.00","0","0.00","0.00","31985.jpg","1","154"
"846","2","37088","Коледна изненада","Fever Hooded Santa Costume","Коледен карнавален костюм, съдържащ: коледна рокля с качулка и колан.","Red and White, Dress with Hood and Belt&nbsp;","S, M","3","0.00","0.00","1","45.00","0.00","36988.jpg","1","565"
"847","2","32140","Секси помощничка на Дядо Мраз","Fever Santas Hot Little Helper Costume","Коледен карнавален костюм, съдържащ: пола, горна, коледна шапка и колан.","Green and White, with Skirt, Top, Hat and Belt&nbsp;","S, M","0","0.00","0.00","1","37.00","0.00","32040.jpg","1","585"
"848","2","37086","Непослушната елфка","Fever Elf Halterneck Costume","Коледен карнавален костюм, съдържащ: рокля, шапка и ръкавели.","Green and Red, with Dress, Hat and Armlets.","S, M","0","0.00","0.00","1","39.00","0.00","36986.jpg","1","448"
"849","2","38134","Коледа е","Fever Christmas Maid Costume","Дамски карнавален костюм, съдържащ: рокля, престилка, ръкави и шапка.","Green and White, with Dress, Apron, Sleeves and Hat.","S/M","0","0.00","0.00","1","42.00","0.00","38035.jpg","1","569"
"850","2","33834","Снежната принцеса","Fever Winter Wonderland Lingerie","Коледен карнавален костюм, съдържащ: сутиен, поличка и шапчица.","Blue and White, with Bra, Skirt and Hat.","S, M","3","59.00","0.00","0","0.00","0.00","33734.jpg","1","582"
"851","2","33835","Лошата помощничка","Fever Santa&#039;&#039;s Bad Girl Lingerie","Карнавален костюм, съдържащ: горно с пикачена пола с жартиери и шапка.","&nbsp;Red and Black, with Bra, Attached Skirt, Garters and Hat.","S","0","69.00","0.00","0","0.00","0.00","33735.jpg","1","579"
"852","2","33156"," Ангел чудо","Bijou Boutique Golden Heart Angel 5 Piece Costume","Карнавален дамски костюм, съдържащ: рокля, корсет, ръкави ,ореолче и крилца.","White and Gold, with Dress, Corset, Sleeves, Halo and Wings.","S, M","0","145.00","0.00","1","55.00","0.00","33056.jpg","1","110"
"853","3","889906","Аватар делукс","Avatar Deluxe Costume","Мъжки карнавален костюм, съдържащ:<br />
панталон с опашка, горно,маншети и яка, маска. Като отделен продукт предлагаме перука Аватар.","&nbsp;","M, L","0","0.00","0.00","1","55.00","0.00","889906.jpg","1","209"
"854","3","36155","Робин Худ делукс","Robin Hod Costume","Мъжки карнавален костюм, съдържащ:<br />
горно, панталон, имитация на ботуши, шапка и колан.","&nbsp;","M, L","1","0.00","0.00","1","55.00","0.00","36155.jpg","1","206"
"855","3","16268","Султан","Sultan Costume","Мъжки карнавален костюм, съдържащ:<br />
шапка с перо, колан, елече и панталон.","<p>&nbsp;&nbsp;</p>","M, L","0","0.00","0.00","1","40.00","0.00","15168.jpg","1","347"
"856","2","216","Мускетарката","The Musketeer Costume","Дамски карнавален костюм, съдържащ: карнавална рокля, мускетарска шапка и фустичка.","<p>&nbsp;&nbsp;&nbsp;</p>","S, M, L","0","0.00","0.00","1","55.00","0.00","216.jpg","1","295"
"857","2","36239","Каубойка - мечта","Cowgirl Costume","Дамски карнавален костюм, съдържащ:<br />
рокля, колан, каубойска шапка.","<p>&nbsp;&nbsp;&nbsp;</p>","S/M","0","0.00","0.00","1","55.00","0.00","36239.jpg","1","297"
"858","2","889907","Найтири от &quot;Аватар&quot;","Avatar Naitiri Costume","Дамски карнавален костюм, съдържащ:<br />
гащеризон с опашка, препаска, кожен ръкавел.<br />
Като отделен продукт имаме перука Найтири.","<p>&nbsp;&nbsp;&nbsp;</p>","S, M","1","0.00","0.00","1","59.00","0.00","889907.jpg","1","294"
"859","2","128","Диско момиче","Disco Gal Costume","съдържа диско рокля и маска.","<p>&nbsp;&nbsp;&nbsp;</p>","S, M","0","0.00","0.00","1","32.00","0.00","018.jpg","1","556"
"860","2","129","Латино изкушение","Hot Latina Costume","<p>&nbsp;&nbsp;</p>","<p>&nbsp;&nbsp;&nbsp;</p>","S, M","0","0.00","0.00","1","25.00","0.00","020.jpg","1","557"
"861","2","130","Многоцветна рокля с ресни","Funky Dress","<p>&nbsp;&nbsp;</p>","<p>&nbsp;&nbsp;</p>","S/M","0","0.00","0.00","1","45.00","0.00","023.jpg","1","560"
"862","2","124","Очарователната Вампирка","Charming Vampire Outfit","Дамски карнавален костюм, съдържащ:<br />
корсет, пола с воланчета и шапчица.","<p>&nbsp;&nbsp;</p>","S, M, L","0","0.00","0.00","1","45.00","0.00","019.jpg","1","549"
"863","2","1233","Вампирката в червено","Miss Vamp in Red","Дамски карнавален костюм, съдържащ:<br />
рокля с дантела и камъни, шапчица.","<p>&nbsp;&nbsp;</p>","S/M","0","0.00","0.00","1","47.00","0.00","021.jpg","1","558"
"864","2","122","Падалият ангел","The Fallen Angel","Дамски карнавален костюм, съдържащ:<br />
рокля, черни крила.","<p>&nbsp;&nbsp;</p>","S, M","0","0.00","0.00","1","37.00","0.00","024.jpg","1","562"
"865","2","121","Лицето на греха","Carnival Costime","Дамски карнавален костюм, съдържащ: червена, карнавална рокля и ръкавица.","<p>&nbsp;&nbsp;</p>","S, M","0","0.00","0.00","1","39.00","0.00","011.jpg","1","520"
"866","2","120","Латино дяволче","Latino Devil Costume","Съдържа, карнавална ефектна рокля с ресни.","<p>&nbsp;&nbsp;</p>","S/M","0","0.00","0.00","1","36.00","0.00","022.jpg","1","559"
"867","2","119","Неустоймата пиратка","Stunning Pirate Costume","Дамски, карнавален, делукс костюм, съдържащ:<br />
кадифена рокля, фустичка и пиратска ефектна шапка.","<p>&nbsp;&nbsp;&nbsp;</p>","S, M","0","0.00","0.00","1","55.00","0.00","027.jpg","1","434"
"868","2","118","Скромното дяволче","Devil Costume","Дамски карнавален костюм, съдържащ:<br />
кадифена рокля, фустичка и дяволски рога.","<p>&nbsp;&nbsp;</p>","S, M","0","0.00","0.00","1","45.00","0.00","012.jpg","1","521"
"869","2","117","Вещица","Witch Costume","Дамски карнавален костюм, съдържащ: горно, пола, гердан, шапка с паяче.","<p>&nbsp;&nbsp;&nbsp;</p>","S, M","0","0.00","0.00","1","39.00","0.00","010.jpg","1","467"
"870","2","116","Дивото момиче","Wild Girl Costume","Дамски, карнавален, делукс костюм, съдържащ:<br />
корсет и ефектен панталон.","<p>&nbsp;&nbsp;</p>","S, M","0","0.00","0.00","1","49.00","0.00","014.jpg","1","541"
"871","2","115","Ефектен, дълъг гащеризон с качулка.","Black Outfit","&nbsp;&nbsp;","<p>&nbsp;&nbsp;&nbsp;&nbsp;</p>","S, M, L","0","0.00","0.00","1","32.00","0.00","025.jpg","1","493"
"872","2","114","Царицата на Бели денс ","Belly Dancer Costume","Дамски делукс карнавален костюм, съдържащ: горно с монети и пола.","<p>&nbsp;&nbsp;</p>","S, M, L","0","0.00","0.00","1","45.00","0.00","01.jpg","1","293"
"873","2","113","Дявола на греха","Devil Costume","Дамски карнавален костюм, съдържащ:<br />
Дантелена рокля и крила.","<p>&nbsp;&nbsp;</p>","S, M","0","0.00","0.00","1","45.00","0.00","02.jpg","1","292"
"874","2","112","Есмералда","Esmeralda Gypsy Costume","Дамски карнавален костюм - делукс, съдържащ:<br />
Пола, корсет, риза и цвете за косата.","<p>&nbsp;&nbsp;&nbsp;</p>","S, M, L","0","0.00","0.00","1","65.00","0.00","03.jpg","1","286"
"875","2","111","Танцуващата индийка","Indian Dancer Costume","Дамски карнавален костюм, съдържащ:<br />
горно и пола.","<p>&nbsp;&nbsp;&nbsp;</p>","S/M","0","0.00","0.00","1","32.00","0.00","026.jpg","1","563"
"876","2","21242","Карнавален костюм стил 60-те","1960&#039;&#039;&#039;&#039;S Party Girl Costume","Съдържащ: рокля черно и бяло и шапка.","Black and White, with Dress and Hat.","S, M","1","0.00","0.00","1","27.00","0.00","21142.jpg","1","291"
"877","2","21976","Монахиня делукс","Nun Deluxe Costume","Карнавален костюм, съдържащ: дълга лека роба и шапка.","Long Gown and Headpiece.","S, M, L","1","0.00","0.00","1","37.00","0.00","21876_1.jpg","1","290"
"878","7","22141","Рок перука","Hard Rocker Wig, Black, Long Tousled","&nbsp;&nbsp;","&nbsp; &nbsp;","-","0","0.00","0.00","1","14.00","0.00","22041.jpg","1","27"
"879","7","22166","Перука на звезда с комплект с очила","Star Man Set, Caramel Wig, includes Star Glasses","&nbsp;","&nbsp;","-","1","0.00","0.00","1","16.00","0.00","22066.jpg","1","25"
"880","2","22254","Горската фея","Woodland Fairy Costume","Карнавален, дамски костюм съдържащ: рокля, украшение за главата и крилца на фея.&nbsp;","Green, with Dress, Headpiece and Wings.","S, M","1","0.00","0.00","1","35.00","0.00","22154.jpg","1","287"
"881","3","22292","Доктор &quot;Няма проблем&quot;","Doctor&#039;&#039;&#039;&#039;&#039;&#039;&#039;&#039;&#039;&#039;&#039;&#039;&#039;&#039;&#039;&#039;s Costume","Карнавален мъжки костюм, съдържащ: престилка и маска.","White, with Long Coat and Mask.","M, L","1","0.00","0.00","1","19.00","0.00","22192.jpg","1","315"
"882","2","25901","Гръцка принцеса","Greek Princess Costume","Карнавален, дамски костюм съдържащ: рокля, преливаща от ванилия към светло синьо и украшение за главата.","Beige with Gold Trim, with Dress and Headpiece.","S, M, L","0","0.00","0.00","1","43.00","0.00","25801.jpg","1","147"
"883","3","26093","Сводникът","Pimp Daddy Costume","Карнавален, мъжки костюм, съдържащ: черно - бяло горно, панталон и шапка.","White and Black, with Long Coat, Trousers and Hat.","M, L","1","0.00","0.00","1","47.00","0.00","25993.jpg","1","328"
"884","8","26096","Патрондаж с патрони делукс - 150 см.","Bullet Belt, Gold, 96 Bullets, 150 cm long","&nbsp;&nbsp;","&nbsp;&nbsp;","-","1","0.00","0.00","1","8.00","0.00","25996.jpg","1","28"
"885","2","27172"," Пиратка-Авантюристка","Fever Swashbuckler Costume","Дамски, карнавален костюм, включващ: горно, рокля и пиратска шапка.","Jacket with Attached Dress and Hat.","S, M","1","0.00","0.00","1","49.00","0.00","27072.jpg","1","429"
"886","4","27365","Ориенталска принцеса","Arabian Princess Costume","Детски, карнавален <a style=""display:none;"" href=""http://www.bagshot.org"">Replica Givenchy Handbags</a> костюм, включващ: горно, панталон и воал за главата.","includes Trousers, Top and Headpiece.","S, M","0","0.00","0.00","1","23.00","0.00","27265.jpg","1","87"
"887","2","28700","Невероятната неандерталка","Cavewoman Costume","Карнавален костюм, съдържащ: туника, колан, лента за главата и ръката.","Black and Brown, with Tunic, Belt, Head and Armband, Leopard Prin.","S, M","1","0.00","0.00","1","27.00","0.00","28600.jpg","1","487"
"888","2","30579","Опасната пиратка","Fever Pirate Costume","Карнавален костюм, съдържащ: рокля, ръкавки, лента за глава и превръзка.","Dress, Sleeves, Eye Patch and Scarf.","S, M","1","0.00","0.00","1","33.00","0.00","30479.jpg","1","428"
"889","3","31180","Големят Джон","Big Bad John Cowboy Costume","Карнавален, каубойски костюм, съдържащ: жилетка, колан, бандана и панталон.","&nbsp;Brown, with Waistcoat, Belt, Bandanna and Big Chaps.","M, L","0","0.00","0.00","1","49.00","0.00","31080.jpg","1","284"
"890","2","31201","Чаровната калинка","Fever Lady Bug Costume","Карнавален костюм, съдържащ: поличка, корсет, kрилца, бижу,ръкавици и антенки.","Red and Black, with Corset, Tutu, Wings, Stockings, Choker, Gloves and Headpiece.","S, M","1","0.00","0.00","1","45.00","0.00","31101.jpg","1","285"
"891","3","31986","Смелият войник","Fever Army Guy Costume","Карнавален костюм, съдържащ: камуфлажна жилетка и шапка.","Camouflage, Waistcoat and Hat","M, L","1","0.00","0.00","1","37.00","0.00","31886.jpg","1","322"
"892","2","32780","Бягство от затвора","Fever Jail Diva Costume","Карнавален костюм, съдържащ: рокля, затворническа шапка и колан.","Dress and Hat.","S, M","1","98.00","0.00","1","45.00","0.00","32680.jpg","1","308"
"893","2","32872","Шерифката","Fever Sultry Sheriff Costume","Карнавален костюм, съдържащ: рокля, шапка, колан, кобур и вратовръзка.","Beige, with Dress, Hat, Belt, Holster and Tie.","S, M","1","0.00","0.00","1","47.00","0.00","32772.jpg","1","443"
"894","2","32926","Пипи дългото чорапче","Fever Ragdoll Costume","Карнавален костюм, съдържащ:рокля и шапчица.","Dress and Mop Cap.","S, M","1","0.00","0.00","1","36.00","0.00","32826.jpg","1","280"
"895","3","33069","Забавната Пепеляшка","Cinderfella Costume","Карнавален костюм, съдържащ: рокля и ръкавици.","Blue, Dress with Attached Peplums and Gloves.","M, L","0","0.00","0.00","1","49.00","0.00","32969.jpg","1","357"
"896","2","33124","Костюм 2 в 1","Fever Reversible Bumble Bee / Lady Bug Costume","Карнавален костюм, съдържащ:рокля, крилца и антенки.","Dress, Wings and Headpiece.","S, M","1","0.00","0.00","1","42.00","0.00","33024.jpg","1","283"
"897","3","33466","Пиратът - веселяк","Pirate Mate Costume","Карнавален костюм, съдържащ: горно с добавено коремче, превръзка, панталон, пиратска кърпа и превръзка за око.","Stuffed Top, Trousers, Sash, Bandana and Chain.","M, L","0","0.00","0.00","1","40.00","0.00","33366.jpg","1","293"
"898","3","33500","Пациент","Patient Costume","Карнавален костюм, съдържащ: престилка с дупе.","Blue, with Gown and Bum.","M, L","1","0.00","0.00","1","18.00","0.00","33400.jpg","1","316"
"899","2","33536","Мис Мулен Руж","Fever Lady Elegance Costume","Карнавален костюм, съдържащ: пола и корсет.","Blue, with Skirt and Top.","S, M","1","0.00","0.00","1","50.00","0.00","33436.jpg","1","279"
"900","3","33790","Капитанът","Captain Deluxe Costume","Карнавален костюм, съдържащ: горно, панталон, шапка и ръкавици.","White, with Jacket, Trousers, Cap and Gloves.","L/ XL","1","0.00","0.00","1","47.00","0.00","33690.jpg","1","327"
"901","2","33849","Омайна пеперуда","Tainted Garden Fallen Pixie Costume","Карнавален костюм, съдържащ: рокля, крила, ръкавчета и бижу.","Pink and Black, with Dress, Wings, Sleeves and Choker.","S, M","1","0.00","0.00","1","49.00","0.00","33749.jpg","1","282"
"902","2","33890","Закачливата тиролка","Fever Flirty Fraulein Costume","Карнавален костюм, съдържащ: рокля с престилка и панделки за коса.","Dress With Apron and Hair Bobbles.","S/ M","0","0.00","0.00","1","45.00","0.00","33790.jpg","1","273"
"903","2","33894","Костюм &quot;Кет Балу&quot;","Fever Wild West Costume","Карнавален, дамски костюм, съдържащ: рокля, шалче.","Brown, with Dress and Neckscarf.","S, M","1","0.00","0.00","1","37.00","0.00","33794.jpg","1","296"
"904","3","33939","Рокер от 70-те","70s Rocker Costume","Карнавален костюм, съдържащ: гащеризон, маншети и имитация на ботуши.","Black and Silver, Jumpsuit with Tabard, Cuffs and Bootcovers.","M, L","0","0.00","0.00","1","45.00","0.00","33839.jpg","1","232"
"905","3","33940","Звезда от 70-те","70s Rocket Man Costume","Карнавален костюм, съдържащ: сако, предница риза, панталон и вратовразка.","Shirt Front, Jacket, Trousers and Tie.","M, L","0","0.00","0.00","1","45.00","0.00","33840.jpg","1","229"
"906","2","33973"," Стюардесата","Trolley Dolly Costume","Карнавален костюм, съдържащ: жакет, пола, шалче и шапка.","Jacket, Skirt, Scarf and Hat.","S, M","0","0.00","0.00","1","43.00","0.00","33873.jpg","1","278"
"907","2","34124","Камуфлажна медицинска сестра","Fever Camo Nurse Costume","Карнавален костюм, съдържащ: комофлажна рокля и шапка.","Camouflage, with Dress and Hat.","S/ M","0","0.00","0.00","1","39.00","0.00","34024.jpg","1","459"
"908","3","34400","Жабокът - принц","Kiss the Frog Find the Prince Costume","Карнавален костюм, съдържащ: риза, панталон, шапка с перо и имитация на обувки.","&nbsp;Shirt, Trousers, Hat and Shoe Covers.","M/L","0","0.00","0.00","1","49.00","0.00","34300.jpg","1","350"
"909","2","34452","Кокетна лейди","Fever Boutique Bo Peep 4 Piece Costume","Карнавален костюм, съдържащ: бяла рокля, корсет, дантелени ръкави и боне.","Dress, Corset, Sleeves and Bonnett.","S/ M","0","0.00","0.00","1","55.00","0.00","34352.jpg","1","274"
"910","4","36265","Русалката Ариел делукс","Mermaid Princess Costume","Карнавален костюм, <a style=""display:none;"" href=""http://www.bagstyle.net"">www.bagstyle.net</a> съдържащ:дълга рокля &nbsp;с панделки и воалени ръкави.","Dress with Sleeves.","S, M","0","0.00","0.00","1","27.00","0.00","36165.jpg","1","99"
"911","4","36430","Прекрасната принцеса","Royal Princess Costume","Карнавален костюм, съдържащ: розова рокля с панделки и воали <a style=""display:none;"" href=""http://www.bagshot.org"">www.bagshot.org</a>.","Dress","S, M","0","0.00","0.00","1","23.00","0.00","36330.jpg","1","85"
"912","3","36478","За закуска","Man Eating Shark Costume","Карнавален, забавен костюм, съдържащ: акула, горно с мускули и плувни очила.","Shark, Bodysuit and Goggles.","M, L","0","0.00","0.00","1","45.00","0.00","36378.jpg","1","57"
"913","2","38156","Секси Съкровище","Fever Treasure Chest Costume","Карнавален костюм, съдържащ: елегантна, секси рокля със златни монети на бюста и ключакла.","Dress","S/M","0","0.00","0.00","1","55.00","0.00","38056.jpg","1","423"
"914","17","38752","Индианец Винету","Indian Boy Costume","Карнавален костюм, съдържащ: горно, панталон и индианска шапка. ","Top, Trousers and Headband.","S/ M","0","0.00","0.00","1","23.00","0.00","38652.jpg","1","137"
"915","17","38771","Том Сойер","Dodgy Victorian Boy Costume","Карнавален костюм, съдържащ: горно, панталон и шапка.","Black, with Top, Trousers and Hat.","S, M","0","0.00","0.00","1","19.00","0.00","38671.jpg","1","129"
"916","17","38656","Фред Флинстоун","Fred Flintstone","Карнавален, детски костюм, съдържащ: туника и вратовръзка.","<div>Contains:&nbsp;Necktie &amp; tunic.</div>","M, L","0","0.00","0.00","1","22.00","0.00","38556.jpg","1","116"
"917","4","51083","Туити","Tweety Bird","Карнавален, детски костюм, съдържащ: детски гащеризон, шапка с маска.","<div>Contains:&nbsp;Headpiece &amp; jumpsuit.</div>","S, M","1","0.00","0.00","1","27.00","0.00","18743.jpg","1","122"
"918","3","15658","Бъгс Бъни","Adult Bugs Bunny","Карнавален, лицензиран костюм, съдържащ: маска и гащеризон.","<div>Contains:&nbsp;Oversized head &amp; jumpsuit.</div>
<div>&nbsp;</div>
<div>Special Features:&nbsp;Oversized head.</div>","STD","0","0.00","0.00","1","57.00","0.00","15558.jpg","1","23"
"919","3","56177","Дарт Вейдър","Adult Deluxe Darth Vader","Карнавален, делукс костюм, съдържащ: маска със шлем, наметка, колан, гащеризон и яка.","<div>Contains:&nbsp;Helmet/Mask, cape, belt, jumpsuit with molded EVA collar and chest piece.</div>
<div>&nbsp;</div>
<div>Special Features:&nbsp;Boot Tops included.</div>","L, XL","0","0.00","0.00","1","55.00","0.00","56077.jpg","1","208"
"920","2","888991","Кралица Амидала - Междузвезни войни","Dlx Queen Amidala","Дамски, карнавален, делукс костюм, съдържащ: рокля и маска.","Dress and mask.","L, XL","1","0.00","0.00","1","47.00","0.00","888891.jpg","1","272"
"921","2","889798","Принцесата на ориента","Harem Girl","Карнавален, секси, делукс костюм, съдържащ: горно с монетки и панталон.","<div>Contains:&nbsp;Top and pants with attached briefs.</div>","S, M","1","0.00","0.00","1","50.00","0.00","889698.jpg","1","271"
"922","3","889939","Железния шейх","The Iron Sheik Adult","Карнавален, забавен костюм, съдържащ: предна част с мускули, роба, панталон, кърпа за глава и имитация на обувки.","<div>Contains:</div>
<div>Muscle chest with attached robe, pants, moustache, headpiece and boot covers.</div>
<div>&nbsp;</div>","L, XL","1","0.00","0.00","1","47.00","0.00","889839.jpg","1","343"
"923","4","882729","Лейди Зомби","Universal Studios Frankie&#039;&#039;s Girl","Карнавален, детски костюм, включващ: перука, кадифена рокля и имитация на обучки.","<div>Contains:&nbsp;Wig, velvet dress &amp; shoe covers.</div>
<div>Special Features:&nbsp;Special Value. Includes oversized EVA shoe covers!&nbsp;</div>","M, L","1","0.00","0.00","1","32.00","0.00","882629.jpg","1","144"
"924","17","10718","Мумията","The Mummy","Детски карнавален костюм, съдържащ: качулка, горно, панталон и връзки.","<div>Contains:&nbsp;Hood, shirt, pants, &amp; ties.</div>","M, L","0","0.00","0.00","1","25.00","0.00","10618.jpg","1","166"
"925","17","883755","Супер Марио делукс","Deluxe Mario","Детски, забавен костюм, включващ: гащеризон, надуваемо коремче, шапка, ръкавици.","<div>Contains:&nbsp;Jumpsuit, inflatable belly, hat, gloves and moustache.</div>","M, L","0","0.00","0.00","1","28.00","0.00","883655.jpg","1","101"
"926","3","889330","Супер Марио делукс","Adult Deluxe Mario","Карнавален, мъжки костюм, включващ: гащеризон, надуваемо коремче, шапка, ръкавици.","<div>Contains:&nbsp;Jumpsuit, inflatable belly, gloves, hat and moustache.</div>","M, L","0","0.00","0.00","1","48.00","0.00","889230.jpg","1","186"
"928","3","889864","Шрек Делукс","Deluxe Shrek Adult","Карнавален, лицензиран костюм, включващ: маска, риза, жилетка, панталон, имитация на обувки и колан.&nbsp;","<div>Contains:&nbsp;Mask, shirt with attached vest and padding, pants with attached boot tops and waist sash.</div>","L, XL","0","0.00","0.00","1","65.00","0.00","889764.jpg","1","24"
"929","5","4796","Маска на Магарето от Шрек","Donkey 3/4 Vinyl Mask","&nbsp;&nbsp;","&nbsp; &nbsp;","-","3","0.00","0.00","1","23.00","0.00","4696.jpg","1","41"
"930","3","889249","Жабока Кермит","Kermit","Карнавален, делукс костюм, съдържащ: Жакет с прикачена риза, маска, ръкавици и имитация на обувки.","<div>Contains:&nbsp;JACKET W/ATT SHIRT, 1/2 MASK, GLOVES &amp; SHOECOVERS.</div>
<div>&nbsp;</div>","STD","0","0.00","0.00","1","55.00","0.00","889149.jpg","1","213"
"931","8","51993","Мис Пиги","Miss Piggy Wig","Включва: перука с тиара, ушички и носле.","<div>Contains:&nbsp;wig with tiara, ears and nose.</div>
<div>&nbsp;</div>","-","1","0.00","0.00","1","23.00","0.00","51893.jpg","1","27"
"932","4","884863","Принцеса Лимонче","Deluxe Lemon Meringue","Карнавален, детски костюм, съдържащ: рокля, клипс за коса.","<div>Contains:&nbsp;Dress, hair clip and tights.</div>","S, M","0","0.00","0.00","1","25.00","0.00","884763.jpg","1","168"
"933","17","885902","Динозавърче","Triceratops","Детски, карнавален костюм, включващ: гащеризон с опашка и шапка - маска за главата.","<div>Contains:&nbsp;Jumpsuit, headpiece.</div>
<div>&nbsp;</div>","S/ M","0","0.00","0.00","1","32.00","0.00","885802.jpg","1","44"
"934","19","11844","Малкото коте","Lil&#039;&#039;&#039;&#039;&#039;&#039;&#039;&#039; Kitty Kat","Карнавално костюмче, включващо: наметка с качулка, ръкавички и терлички&nbsp;","<div>Contains:&nbsp;Hooded cape, mittens and booties.</div>
<div><br />
</div>","inf","0","0.00","0.00","1","22.00","0.00","11744.jpg","1","21"
"935","17","881197","Капитанът на Черната перла","Carribean Pirate","Карнавален, детски костюм, включващ: риза с прикачено горно, колан и кърпа за главата.","<div>Contains:&nbsp;Shirt with attached vest and waist sash.</div>
<div>Special Features:&nbsp;Head scarf included .</div>","S, L","0","0.00","0.00","1","28.00","0.00","881097.jpg","1","140"
"936","4","883998","Кралицата","Red Heart Princess","<div>Карнавален, детски костюм, съдържащ: рокля, корона &nbsp;и жезъл.</div>","<div>Contains:&nbsp;Dress, tiara and wand.</div>","M, L","1","0.00","0.00","1","32.00","0.00","883898.jpg","0","123"
"937","2","886312","Пънк Лейди","Punk Ballerina","Карнавален, дамски костюм, съдържащ: рокля, тиара, ръкавки и панделки.","<div>Contains:&nbsp;Dress, Tiara, Sleevelets, Leg ties.</div>","STD","0","0.00","0.00","1","55.00","0.00","886212.jpg","1","270"
"938","3","16702","Готиния Призрак","Cool Ghoul","Карнавален, мъжки костюм, съдържащ: маска, роба с качулка и верига.","<div>Contains:&nbsp;Mask, hooded robe &amp; chain.</div>","STD","1","0.00","0.00","1","40.00","0.00","16602.jpg","1","266"
"939","3","889531","Баронът","The Baron","Карнавален, мъжки костюм, съдържащ: горно с прикачена наметка, риза с жилетка и жабо.","<div>Contains:&nbsp;Coat with attached cape, Shirt with attached vest, Neck scarf.</div>","STD","1","0.00","0.00","1","55.00","0.00","889431.jpg","1","246"
"940","2","889468","Вуду кралица","Voodoo Queen","Карнавален, дамски костюм, съдържащ: рокля и кърпа за глава.","<div>Contains:&nbsp;Dress &amp; Head scarf.</div>","STD","0","0.00","0.00","1","45.00","0.00","889368.jpg","1","266"
"941","3","889467","Вуду кукла","Voodoo Doll","Карнавален, мъжки костюм, включващ: риза със забодени игли и панталон.","<div>Contains:&nbsp;Shirt with pins &amp; pants.</div>","STD","1","0.00","0.00","1","42.00","0.00","889367.jpg","1","277"
"942","3","889746","Младоженецът","Just Married &amp; Committed","Карнавален, забавен, мъжки костюм, съдържащ: усмирителна риза и папионка.","<div>Contains:&nbsp;Straight jacket &amp; bow tie.</div>","STD","3","0.00","0.00","1","38.00","0.00","889646.jpg","1","349"
"943","2","880275","Цветното момиче","Jellybean","Карнавален, дамски костюм, съдържащ: рокля и шапчица.","<div>Contains:&nbsp;Dress and hat.</div>","S, M","1","0.00","0.00","1","47.00","0.00","880175.jpg","1","268"
"944","3","17842","Мексиканецът","Hombre","Карнавален, мъжки костюм, съдържащ: риза, колан, патрондаж и шапка.","<div>Contains:&nbsp;Shirt, belt, bandolier and hat.</div>","L, XL","0","0.00","0.00","1","49.00","0.00","17742.jpg","1","335"
"945","3","17864","Сводникът","Pimp","Карнавален, мъжки костюм, съдържащ: горно, шапка, риза, панталон и верижка.&nbsp;","<div>Contains:&nbsp;Coat, hat, shirt, pants and chain.</div>
<div>&nbsp;</div>","L, XL","1","0.00","0.00","1","55.00","0.00","17764.jpg","1","329"
"946","3","888732","Жокерът","the Joker","Карнавален, мъжки костюм делукс, съдържащ: жакет с риза, вратовръзка, панталон и маска.","Jacket with attached shirt, tie, vest, pants and mask.","M, L","1","0.00","0.00","1","55.00","0.00","43736.jpg","1","207"
"947","19","885689","Ягодка","Berry cute","Детски карнавален костюм съдържащ: Рокличка и шапчица","Includes: A puffy red tunic with leaf collar and the strawberry top headpiece","INF","0","0.00","0.00","1","22.00","0.00","885589.jpg","1","17"
"948","12","3","  "," ","&nbsp;","&nbsp;&nbsp;","  ","0","0.00","0.00","0","0.00","0.00","Untitled-2.jpg","1","42"
"949","12","4"," "," ","&nbsp;","&nbsp;"," ","0","0.00","0.00","0","0.00","0.00","q9.jpg","1","40"
"950","12","5"," ","  ","&nbsp;","&nbsp;"," ","0","0.00","0.00","0","0.00","0.00","001.jpg","1","43"
"951","12","6"," "," ","&nbsp;","&nbsp;&nbsp;"," ","0","0.00","0.00","0","0.00","0.00","002.jpg","1","44"
"952","12","7"," "," ","&nbsp;&nbsp;","&nbsp;&nbsp;"," ","0","0.00","0.00","0","0.00","0.00","003.jpg","1","45"
"953","12","8"," "," ","&nbsp;&nbsp;","&nbsp;&nbsp;"," ","0","0.00","0.00","0","0.00","0.00","004.jpg","1","46"
"954","12","9"," ","   ","&nbsp;&nbsp;","&nbsp;&nbsp;","  ","0","0.00","0.00","0","0.00","0.00","005.jpg","1","47"
"955","12"," 9"," "," ","&nbsp;&nbsp;","&nbsp;&nbsp;"," ","0","0.00","0.00","0","0.00","0.00","006.jpg","1","48"
"956","12"," 10"," "," ","&nbsp;&nbsp;","&nbsp;&nbsp;"," ","0","0.00","0.00","0","0.00","0.00","007.jpg","1","49"
"957","12"," 11"," "," ","&nbsp;&nbsp;","&nbsp;&nbsp;"," ","0","0.00","0.00","0","0.00","0.00","008.jpg","1","50"
"958","12"," 12","   "," ","&nbsp; &nbsp;","&nbsp; &nbsp;"," ","0","0.00","0.00","0","0.00","0.00","009.jpg","1","51"
"959","12","  13"," "," ","&nbsp;&nbsp;","&nbsp; &nbsp;"," ","0","0.00","0.00","0","0.00","0.00","0010.jpg","1","52"
"960","12"," 13"," "," ","&nbsp;&nbsp;","&nbsp;&nbsp;"," ","0","0.00","0.00","0","0.00","0.00","a1.jpg","1","53"
"961","12"," 14"," "," ","&nbsp;&nbsp;","&nbsp; &nbsp;"," ","0","0.00","0.00","0","0.00","0.00","a2.jpg","1","54"
"962","12"," 15"," "," ","&nbsp; &nbsp;","&nbsp;&nbsp;"," ","0","0.00","0.00","0","0.00","0.00","a3.jpg","1","55"
"963","12"," 16"," "," ","&nbsp;&nbsp;","&nbsp;&nbsp;"," ","0","0.00","0.00","0","0.00","0.00","a4.jpg","1","56"
"964","12"," 17"," "," ","&nbsp; &nbsp;","&nbsp; &nbsp;"," ","0","0.00","0.00","0","0.00","0.00","a5.jpg","1","57"
"965","12"," 18","   "," ","&nbsp;&nbsp;&nbsp;  <br />","&nbsp;","   ","0","0.00","0.00","0","0.00","0.00","a6.jpg","1","58"
"966","12"," 19"," ","  ","&nbsp; &nbsp; &nbsp;","&nbsp; &nbsp;"," ","0","0.00","0.00","0","0.00","0.00","a7.jpg","1","59"
"967","12"," 20","   ","   ","&nbsp; &nbsp; &nbsp;","&nbsp; &nbsp;","  ","0","0.00","0.00","0","0.00","0.00","a8.jpg","1","60"
"968","12"," 21","  "," ","&nbsp; &nbsp; &nbsp;","&nbsp; &nbsp;"," ","0","0.00","0.00","0","0.00","0.00","a9.jpg","1","61"
"969","12","22"," "," ","&nbsp; &nbsp;","&nbsp; &nbsp;&nbsp;","   ","0","0.00","0.00","0","0.00","0.00","a10.jpg","1","62"
"970","12","23"," "," ","&nbsp; &nbsp;","&nbsp; &nbsp;","  ","0","0.00","0.00","0","0.00","0.00","a11.jpg","1","63"
"971","12","24","  "," ","&nbsp; &nbsp;","&nbsp; &nbsp;&nbsp;","   ","0","0.00","0.00","0","0.00","0.00","a12.jpg","1","64"
"972","12","25","  ","   ","&nbsp; &nbsp;&nbsp;","&nbsp; &nbsp;","  ","0","0.00","0.00","0","0.00","0.00","q1.jpg","1","11"
"973","12","26","  ","   ","&nbsp; &nbsp;","&nbsp; &nbsp;","  ","0","0.00","0.00","0","0.00","0.00","q2.jpg","1","65"
"974","12","27","  ","    ","&nbsp; &nbsp;","&nbsp; &nbsp;","   ","0","0.00","0.00","0","0.00","0.00","q3.jpg","1","66"
"975","12","28","  ","   ","&nbsp; &nbsp;&nbsp;","&nbsp; &nbsp;&nbsp;","   ","0","0.00","0.00","0","0.00","0.00","q4.jpg","1","22"
"976","12","29","  ","   ","&nbsp; &nbsp;","&nbsp; &nbsp;&nbsp;"," ","0","0.00","0.00","0","0.00","0.00","q5.jpg","1","67"
"977","12","30","   ","   ","&nbsp; &nbsp;&nbsp;","&nbsp; &nbsp;&nbsp;"," ","0","0.00","0.00","0","0.00","0.00","q6.jpg","1","68"
"978","12","31","  ","   ","&nbsp; &nbsp;","&nbsp; &nbsp;","  ","0","0.00","0.00","0","0.00","0.00","q7.jpg","0","69"
"979","12","32","  "," ","&nbsp; &nbsp;","&nbsp; &nbsp;","  ","0","0.00","0.00","0","0.00","0.00","q8.jpg","0","70"
"980","12","34","     ","    ","&nbsp; &nbsp;","&nbsp; &nbsp;","  ","0","0.00","0.00","0","0.00","0.00","q10.jpg","1","71"
"981","12","35","  ","  ","&nbsp; &nbsp;","&nbsp; &nbsp;","  ","0","0.00","0.00","0","0.00","0.00","q11.jpg","1","20"
"982","12","36","   ","  ","&nbsp;&nbsp;","&nbsp; &nbsp;","  ","0","0.00","0.00","0","0.00","0.00","q13.jpg","1","72"
"983","12","37","   ","  ","&nbsp;&nbsp;","&nbsp; &nbsp;","   ","0","0.00","0.00","0","0.00","0.00","q14.jpg","1","73"
"984","12","38","  ","   ","&nbsp; &nbsp;&nbsp;","&nbsp; &nbsp;","  ","0","0.00","0.00","0","0.00","0.00","q15.jpg","1","17"
"985","12","39","   ","  ","&nbsp; &nbsp;","&nbsp; &nbsp; &nbsp;","   ","0","0.00","0.00","0","0.00","0.00","q16.jpg","1","74"
"986","12","40","   ","   ","&nbsp; &nbsp;","&nbsp; &nbsp;&nbsp;","   ","0","0.00","0.00","0","0.00","0.00","q17.jpg","1","75"
"987","12","41","  ","   ","&nbsp; &nbsp;","&nbsp; &nbsp;","  ","0","0.00","0.00","0","0.00","0.00","q18.jpg","1","19"
"988","12","42","  ","   ","&nbsp; &nbsp;&nbsp;","&nbsp; &nbsp;","   ","0","0.00","0.00","0","0.00","0.00","q19.jpg","1","76"
"989","12","43","    ","   ","&nbsp; &nbsp;&nbsp;","&nbsp; &nbsp;","  ","0","0.00","0.00","0","0.00","0.00","q20.jpg","1","77"
"990","12","44","    ","   ","&nbsp; &nbsp;","&nbsp; &nbsp;&nbsp;","   ","0","0.00","0.00","0","0.00","0.00","q22.jpg","1","21"
"991","12","45","   ","   ","&nbsp; &nbsp; &nbsp;","&nbsp; &nbsp;&nbsp;","  ","0","0.00","0.00","0","0.00","0.00","q23.jpg","1","78"
"992","12","46","   ","   ","&nbsp; &nbsp;&nbsp;","&nbsp; &nbsp;&nbsp;","   ","0","0.00","0.00","0","0.00","0.00","q24.jpg","1","79"
"993","12","47","   ","  ","&nbsp; &nbsp;","&nbsp; &nbsp;&nbsp;","  ","0","0.00","0.00","0","0.00","0.00","q25.jpg","1","6"
"994","12","48","   ","   ","&nbsp; &nbsp;","&nbsp; &nbsp;","   ","0","0.00","0.00","0","0.00","0.00","q26.jpg","1","80"
"995","12","49","   ","    ","&nbsp; &nbsp;&nbsp;","&nbsp; &nbsp; &nbsp;","   ","0","0.00","0.00","0","0.00","0.00","q27.jpg","1","81"
"996","12","51","   ","  ","&nbsp; &nbsp;&nbsp;","&nbsp; &nbsp;","  ","0","0.00","0.00","0","0.00","0.00","q28.jpg","1","7"
"997","12","52","   ","   ","&nbsp; &nbsp;&nbsp;","&nbsp; &nbsp;","   ","0","0.00","0.00","0","0.00","0.00","q29.jpg","1","82"
"998","12","53","    ","   ","&nbsp; &nbsp;&nbsp;","&nbsp; &nbsp;","  ","0","0.00","0.00","0","0.00","0.00","q30.jpg","1","83"
"999","12","54","   ","  ","&nbsp; &nbsp;&nbsp;","&nbsp; &nbsp;","   ","0","0.00","0.00","0","0.00","0.00","q31.jpg","1","84"
"1000","12","55","   ","   ","&nbsp; &nbsp;","&nbsp; &nbsp;","   ","0","0.00","0.00","0","0.00","0.00","q33.jpg","1","85"
"1001","12","56"," ","  ","&nbsp; &nbsp;","&nbsp; &nbsp;&nbsp;","   ","0","0.00","0.00","0","0.00","0.00","q35.jpg","1","18"
"1002","12","57","  ","  ","&nbsp; &nbsp;","&nbsp; &nbsp;","  ","0","0.00","0.00","0","0.00","0.00","q36.jpg","1","86"
"1003","12","58","  ","   ","&nbsp; &nbsp;","&nbsp; &nbsp;"," ","0","0.00","0.00","0","0.00","0.00","q37.jpg","1","9"
"1004","12","59","  ","   ","&nbsp; &nbsp;","&nbsp; &nbsp;","  ","0","0.00","0.00","0","0.00","0.00","q38.jpg","1","87"
"1005","12","60","   ","   ","&nbsp; &nbsp;","&nbsp; &nbsp;","   ","0","0.00","0.00","0","0.00","0.00","q40.jpg","1","24"
"1006","12","61","   ","   ","&nbsp;&nbsp; <br />","&nbsp; &nbsp;","   ","0","0.00","0.00","0","0.00","0.00","q41.jpg","1","88"
"1007","12","62","   "," ","&nbsp; &nbsp;","&nbsp; &nbsp;","  ","0","0.00","0.00","0","0.00","0.00","q42.jpg","1","89"
"1008","12","63","   "," ","&nbsp; &nbsp;","&nbsp;&nbsp;","  ","0","0.00","0.00","0","0.00","0.00","q43.jpg","1","38"
"1009","12","64","  "," ","&nbsp; &nbsp;","&nbsp;"," ","0","0.00","0.00","0","0.00","0.00","q45.jpg","1","90"
"1010","12","65","   "," ","&nbsp; &nbsp;","&nbsp;&nbsp;"," ","0","0.00","0.00","0","0.00","0.00","q46.jpg","1","91"
"1011","12","66","  "," ","&nbsp;&nbsp;","&nbsp;&nbsp;"," ","0","0.00","0.00","0","0.00","0.00","q47.jpg","1","92"
"1012","12","67"," "," ","&nbsp;&nbsp;","&nbsp;&nbsp;"," ","0","0.00","0.00","0","0.00","0.00","q48.jpg","1","37"
"1013","12","68","  "," ","&nbsp;&nbsp;","&nbsp;","  ","0","0.00","0.00","0","0.00","0.00","q49.jpg","1","28"
"1014","12","69","  ","  ","&nbsp;&nbsp;","&nbsp;&nbsp;","  ","0","0.00","0.00","0","0.00","0.00","q50.jpg","1","36"
"1015","12","70","  ","  ","&nbsp;&nbsp;","&nbsp; &nbsp;&nbsp;","  ","0","0.00","0.00","0","0.00","0.00","q51.jpg","1","94"
"1016","12","71","  "," ","&nbsp; &nbsp;","&nbsp;&nbsp;","  ","0","0.00","0.00","0","0.00","0.00","q52.jpg","1","33"
"1017","12","72","  ","  ","&nbsp;&nbsp;","&nbsp; &nbsp;","  ","0","0.00","0.00","0","0.00","0.00","q53.jpg","1","15"
"1018","12","73","  ","  ","&nbsp;&nbsp;","&nbsp;&nbsp;","   ","0","0.00","0.00","0","0.00","0.00","q54.jpg","1","32"
"1019","12","74","  ","  ","&nbsp;&nbsp;","&nbsp; &nbsp;","  ","0","0.00","0.00","0","0.00","0.00","q55.jpg","1","2"
"1020","12","75","   ","    ","&nbsp; &nbsp;","&nbsp; &nbsp;","  ","0","0.00","0.00","0","0.00","0.00","q56.jpg","1","31"
"1021","12","76","   ","   ","&nbsp; &nbsp;","&nbsp; &nbsp;","   ","0","0.00","0.00","0","0.00","0.00","q58.jpg","1","29"
"1022","12","77","  ","   ","&nbsp; &nbsp;","&nbsp; &nbsp;"," ","0","0.00","0.00","0","0.00","0.00","q59.jpg","1","14"
"1023","12","78","   "," ","&nbsp;&nbsp;","&nbsp; &nbsp;","  ","0","0.00","0.00","0","0.00","0.00","q60.jpg","1","26"
"1024","12","79","   ","   ","&nbsp; &nbsp;","&nbsp; &nbsp;","   ","0","0.00","0.00","0","0.00","0.00","q63.jpg","1","4"
"1025","12","80","  ","   ","&nbsp; &nbsp;","&nbsp; &nbsp;"," ","0","0.00","0.00","0","0.00","0.00","w1.jpg","1","35"
"1026","12","81","  "," ","&nbsp; &nbsp;","&nbsp; &nbsp;","  ","0","0.00","0.00","0","0.00","0.00","w2.jpg","1","96"
"1027","12","82","  "," ","&nbsp;&nbsp;","&nbsp;"," ","0","0.00","0.00","0","0.00","0.00","w3.jpg","1","97"
"1028","12","83","  ","  ","&nbsp;&nbsp;","&nbsp;&nbsp;"," ","0","0.00","0.00","0","0.00","0.00","w5.jpg","1","25"
"1029","12","84","  ","  ","&nbsp;&nbsp;","&nbsp; &nbsp;","   ","0","0.00","0.00","0","0.00","0.00","w6.jpg","1","34"
"1030","12","85"," "," ","&nbsp;","&nbsp;&nbsp;"," ","0","0.00","0.00","0","0.00","0.00","w7.jpg","1","30"
"1031","12","86","  "," ","&nbsp;&nbsp;","&nbsp;&nbsp;","  ","0","0.00","0.00","0","0.00","0.00","w8.jpg","1","98"
"1032","12","87","  ","  ","&nbsp;&nbsp;","&nbsp; &nbsp;"," ","0","0.00","0.00","0","0.00","0.00","w11.jpg","1","93"
"1033","12","88"," ","  ","&nbsp;&nbsp;","&nbsp;"," ","0","0.00","0.00","0","0.00","0.00","w12.jpg","1","1"
"1034","12","89"," "," ","&nbsp;&nbsp;","&nbsp;&nbsp;","  ","0","0.00","0.00","0","0.00","0.00","w13.jpg","1","95"
"1035","12","90"," ","  ","&nbsp;","&nbsp;"," ","0","0.00","0.00","0","0.00","0.00","w14.jpg","1","5"
"1036","12","91","  ","  ","&nbsp;","&nbsp;&nbsp;"," ","0","0.00","0.00","0","0.00","0.00","w16.jpg","1","99"
"1037","12","92"," ","  ","&nbsp;&nbsp;","&nbsp; &nbsp;"," ","0","0.00","0.00","0","0.00","0.00","w17.jpg","1","27"
"1038","12","93"," "," ","&nbsp;&nbsp;","&nbsp;&nbsp;"," ","0","0.00","0.00","0","0.00","0.00","w21.jpg","1","3"
"1039","12","94","  "," ","&nbsp; &nbsp;","&nbsp;&nbsp;"," ","0","0.00","0.00","0","0.00","0.00","w23.jpg","1","13"
"1040","12","96"," "," ","&nbsp;&nbsp;","&nbsp;&nbsp;"," ","0","0.00","0.00","0","0.00","0.00","w26.jpg","1","100"
"1041","12","97","  ","  ","&nbsp;&nbsp;","&nbsp; &nbsp;","  ","0","0.00","0.00","0","0.00","0.00","w27.jpg","1","101"
"1042","12","98"," ","  ","&nbsp; &nbsp;","&nbsp;&nbsp;"," ","0","0.00","0.00","0","0.00","0.00","w29.jpg","1","102"
"1043","12","99","  ","  ","&nbsp; &nbsp;","&nbsp; &nbsp;"," ","0","0.00","0.00","0","0.00","0.00","w30.jpg","1","103"
"1044","12","100"," ","  ","&nbsp;&nbsp;","&nbsp;&nbsp;","  ","0","0.00","0.00","0","0.00","0.00","w31.jpg","1","104"
"1045","12","a1","  ","  ","&nbsp;&nbsp;","&nbsp;&nbsp;&nbsp;  <br />","  ","0","0.00","0.00","0","0.00","0.00","w34.jpg","1","105"
"1046","12","a2"," "," ","&nbsp;&nbsp;","&nbsp;&nbsp;"," ","0","0.00","0.00","0","0.00","0.00","w51.jpg","1","106"
"1047","12","a3"," "," ","&nbsp;&nbsp;","text"," ","0","0.00","0.00","0","0.00","0.00","w52.jpg","1","8"
"1048","12","a4"," ","   ","&nbsp; &nbsp;","&nbsp; &nbsp;","   ","0","0.00","0.00","0","0.00","0.00","w53.jpg","1","23"
"1049","12","a6","  "," ","&nbsp; &nbsp;","&nbsp;&nbsp;"," ","0","0.00","0.00","0","0.00","0.00","w54.jpg","1","10"
"1050","12","a8"," "," ","&nbsp; &nbsp;","&nbsp; &nbsp;"," ","0","0.00","0.00","0","0.00","0.00","w55.jpg","1","16"
"1051","12","a9","  ","   ","&nbsp; &nbsp;","&nbsp; &nbsp;&nbsp;","  ","0","0.00","0.00","0","0.00","0.00","w56.jpg","1","12"
"1052","3","20486","Нинджа - войн","Ninja Warrior Costume","Карнавален мъжки костюм, съдържащ: горно, панталон и качулка.","Top Trousers and Hood.","M, L","1","0.00","0.00","1","32.00","0.00","20386.jpg","1","339"
"1053","2","20659","Забавната гейша","Fever Vodka Geisha Costume","Карнавален дамски костюм, съдържащ: рокля, колан с чашки и поставки.","Dress and Belt with Shot Glass Holders.","S, M","0","0.00","0.00","1","49.00","0.00","20559.jpg","1","380"
"1054","3","20999","Повелителят на животните","Ringmaster Costume","Карнавален мъжки костюм, съдържащ: жакет и пояс.","Jacket and Cummerbund.","M/ L","0","0.00","0.00","1","47.00","0.00","20899.jpg","1","191"
"1055","2","21455","Призрачната баронеса","Skelly Von Trap","Карнавален &nbsp;дамски костюм за Хелоуин, съдържащ: рокля скелет с тюл.","Dress with Netting.","S/M","0","0.00","0.00","1","45.00","0.00","21355.jpg","1","327"
"1056","3","21864","Тъмният Жътвар","Grim Reaper Costume with Mask","Карнавален мъжки костюм, съдържащ: роба с качулка, маска и колан.","Mask, with Robe and Hood, Belt.","M, L, XL","1","0.00","0.00","1","27.00","0.00","L21764.jpg","1","268"
"1057","10","24710","Паяжина","Spiders Web","&nbsp;","&nbsp;","-","1","0.00","0.00","1","5.00","0.00","24610.jpg","1","12"
"1058","7","27678","Хелоуин перука Тиквичка","Pumpkin Wig","&nbsp;","&nbsp;","-","1","0.00","0.00","1","12.00","0.00","27578.jpg","1","26"
"1059","3","28433","Пиратът Зомби","Zombie Shipmate Costume","Карнавален мъжки костюм, включващ: ефектно горно, панталон, шапка и превръзка за око.","Top, Trousers, Hat and Eyemask.","M, L","0","0.00","0.00","1","55.00","43.00","28333__58209_zoom.jpg","1","288"
"1060","2","29196","Пророчицата","Sinful Soothsayer Costume","Карнавален дамски делукс костюм, съдържащ: рокля и горна рокля.","&nbsp;&nbsp;","M, L","0","0.00","0.00","1","47.00","0.00","29096.jpg","1","265"
"1061","3","29467","Тъмна Роба","Grim Reaper Costume","Карнавален мъжки костюм, съдържащ: роба с качулка и въжен колан.&nbsp;","Black, with Hooded Robe and Rope Belt.","M, L","1","0.00","0.00","1","23.00","0.00","29367__06155_zoom.jpg","1","269"
"1062","2","30816","Пиратска завоевателка","Pirate Wench","Карнавален дамски костюм, включващ: рокля, колан с череп и пиратска кърпа.","Dress, Belt and Headpiece.","M, L","1","0.00","0.00","1","35.00","0.00","30716.jpg","0","264"
"1063","2","30990","Чаровната тиквичка","Fever Pumpkin Costume","Карнавален дамски костюм, съдържащ: рокля и диадема.","Orange, with Dress and Headpiece.","S, M","0","0.00","0.00","1","47.00","0.00","30890.jpg","1","468"
"1064","3","32010","Гангстер в действие","Zombie Gangster","Карнавален мъжки костюм, съдържащ: горно, панталон, риза и папионка.","Jacket, Trousers, Shirt Front with Latex Pieces and Bow Tie.","M, L","1","0.00","0.00","1","45.00","0.00","31910.jpg","1","250"
"1065","3","32047","Пратеник от отвъдното","Angel of Death Costume","Карнавален мъжки делукс костюм, съдържащ: роба, качулка и крила.","&nbsp;Grey, with Robe, Hood and Wings.","M/L","0","0.00","0.00","1","55.00","0.00","31947.jpg","1","233"
"1066","2","32503","Готическа дама","Gothic Bride Dress","Карнавален дамски костюм, съдържащ: сива рокля с черни ленти.","Grey.","M/ L","0","0.00","0.00","1","45.00","0.00","32403.jpg","1","366"
"1067","3","32865","Майкъл Джаксън","Michael Jackson Billie Jean Costume","Карнавален мъжки делукс костюм, съдържащ: сако, риза, чорапи и ръкавица.","Jacket, Shirt, Socks and Glove.","M, L","0","0.00","0.00","1","65.00","0.00","smiffys-32765.jpg","1","231"
"1068","2","33358","Смелата гладиаторка","Fever Gladiator Costume","Карнавален дамски костюм, съдържащ: рокля и наметка.","Dress with Cape.","S/M","0","0.00","0.00","1","55.00","0.00","33258.jpg","1","263"
"1069","10","34187","Хелоуинска завеса с тикви","Pumpkin Door Curtain","&nbsp; &nbsp;","&nbsp; &nbsp;","-","1","15.00","0.00","0","0.00","0.00","34087.jpg","1","29"
"1070","2","34326","Арлекин","Sinister Pierrot Costume","Карнавален дамски костюм, съдържащ: рокля, шапчица, украшение за врата и ръкавели.","Dress, Neckpiece, Hat and Arm Cuffs.","S/ M","0","0.00","0.00","1","47.00","0.00","L34226.jpg","1","495"
"1071","2","34759","Звездна вещичка","Teen Star Witch ","Карнавален дамски костюм, съдържащ: рокля и вещерска шапка.","Dress and Hat.","S/M","0","0.00","0.00","1","35.00","0.00","34659.jpg","1","466"
"1072","4","35154","Скелетче в лила","Skellie Punk Girl","Детски карнавален костюм, включващ: гащеризон и поличка, украшение за глава и бижу.","&nbsp;All in One with Attached Tutu, Headband and Choker.","M, L","1","0.00","0.00","1","25.00","0.00","35054.jpg","1","143"
"1073","4","35748","Малката тиквичка","Little Pumpkin Baby Costume","Детски карнавален делукс костюм, включващ: горно, панталонче и шапчица.","&nbsp;All in One with Attached Tutu, Headband and Choker.","Т (3 - 4)","1","0.00","0.00","1","27.00","0.00","35648t2.jpg","1","140"
"1074","3","36223","Живия мъртвец","Gravestone Costume","Карнавален мъжки костюм за Хелоуин, съдържащ: 3D костюм и маска.","&nbsp;3D Foam Suit and Mask.","M, L","1","0.00","0.00","1","55.00","0.00","36123.jpg","1","240"
"1075","2","36151","Добрата Кралица","Tales of Old England Maid Marion Costume","Карнавален дамски костюм, съдържащ: рокля, корона и воал.","&nbsp;Dress, Crown and Veil.","M/L","0","0.00","0.00","1","55.00","0.00","36151.jpg","1","198"
"1076","8","36770","Пухкави лапи с нокти","Hairy Monster Hands","&nbsp; &nbsp;","&nbsp; &nbsp;","-","1","0.00","0.00","1","6.00","0.00","36670.jpg","0","26"
"1077","10",,"Череп с коса за декорация","Skull Hanging Decoration","Подходящо допълнение за Хелоуин.","Muslin Shroud","-","1","0.00","0.00","1","7.00","0.00","skull-hanging-decoration-36883.jpg","1","28"
"1078","2","38590","Червената Шапчица ","Fever Red Riding Hood Costume","Карнавален дамски костюм, съдържащ: рокля и наметка с качулка.","Dress and Cape with Hood.","S/ M","0","0.00","0.00","1","47.00","0.00","38490.jpg","1","83"
"1079","2","39574","Алиса в страната на чудесата","Deck of Cards Girl Costume","Карнавален дамски костюм, съдържащ: рокля.","&nbsp;Dress.","S/ M","0","0.00","0.00","1","45.00","0.00","39474_Deck_of_Cards_Girl_Costume.jpg","1","120"
"1080","3","21665","Деня на страшния съд","Day of the Dead Costume","<div>Карнавален, Хелоуински, мъжки костюм,&nbsp;съдържащ: горно, шапка и пояс.</div>","Suit, hat and mask.","M, L","1","0.00","0.00","1","42.00","0.00","21565_Day_of_the_Dead_Costume.jpg","1","238"
"1081","4","25174","Пленителната магиосница","Bewitched Costume","Детски карнавален костюм, включващ: рокля и вещерска шапка.","<div>Black&nbsp;and Green, Velour, Dress with Hat.</div>","M, L","1","0.00","0.00","1","25.00","0.00","25074.jpg","1","137"
"1082","17","25181","Нинджата се завръща","Ninja Costume","Детски карнавален костюм, включващ: гащеризон с качулка, колан и ленти.","&nbsp;Jumpsuit with Hood, Belt and Bands.","M/ L","0","0.00","0.00","1","23.00","0.00","25081_Ninja_Costume.jpg","1","187"
"1083","3","33930","Чарли Чаплин","1920&#039;&#039;&#039;&#039;&#039;&#039;&#039;&#039;s Star Costume","<div>Карнавален мъжки костюм,&nbsp;съдържащ: горно, панталон, жилетка и вратовръзка.</div>","<div>&nbsp;Jacket,&nbsp;Trousers, Mock Waistcoat and Tie.</div>","M, L","0","0.00","0.00","1","45.00","0.00","33830_1920s_Star_Costume.jpg","1","101"
"1084","17","30903","Пухкавото мече","Bear Costume","Детски карнавален костюм, включващ: гащеризон с качулка на муцунка на мече.","Small, Plush, with Hood.","S/M","0","0.00","0.00","1","27.00","0.00","30803.jpg","1","14"
"1085","2","33045","Покахонтас","Rebel Toons Pocahontas Costume","Карнавален дамски костюм, съдържащ: рокля и украшение за коса.","Beige, with Dress and Headpiece.","S/M","1","0.00","0.00","1","39.00","0.00","32945.jpg","1","261"
"1086","3","34415","Кръстоносец","St George Hero ","Карнавален мъжки костюм, съдържащ: горно, наметало, ризница, ръкавели и колан.","Headpiece, Cuffs, Top with Cape Belt.","M, L","0","0.00","0.00","1","50.00","0.00","34315__85553_zoom.jpg","1","162"
"1213","4","234567","Още детски костюми","new carnival costumes","Още нови детски костюмчета: козле, лисица, жабче, мишле, коте, тигър, петле, зайче, чушка! За повече информация на тел:0888716941","&nbsp;&nbsp;&nbsp;  <br />","S/M","1","0.00","0.00","0","0.00","0.00","Untitled2.jpg","1","113"
"1088","3","20481","Фараон","Pharaoh Costume","Карнавален мъжки костюм, съдържащ: туника, колан, маншети, шапка.","Skirt, Headpiece, Belt, Arm and Leg Cuffs.","M, L","0","0.00","0.00","1","45.00","0.00","20381.jpg","1","203"
"1089","3","908619","Могъщия фараон","Pharaoh Costume Deluxe","Карнавален мъжки костюм, съдържащ: туника, колан, маншети, шапка.","Tunic, Headpiece, Belt, Arm.","M, L","0","0.00","0.00","1","45.00","0.00","pharaoh-costume-3894-p.jpg","1","346"
"1090","2","33843","Дама пика","Cirque Sinister Tainted Harlequin"," <div>Дамски карнавален костюм, съдържащ: корсет, панталонки, горна пола, ръкавели, яка и шапка.</div>   "," Corset with Overskirt, Garters, Shorts, Hat with Veil, Collar and Glovettes.   ","S/M","1","0.00","0.00","1","55.00","0.00","33743.jpg","1","370"
"1091","3","32941","Бременната монахиня","The Fun Nun","Мъжки карнавален костюм, съдържащ: дълга лека роба и шапка и корем.","Long Gown, Headpiece and belly.","M, L","1","0.00","0.00","1","35.00","0.00","32941.jpg","1","205"
"1092","3","888485","Пиратско зомби","Pirate Zombie Costume ","Роба с качулка и маска.","<div>Hidden Face.&nbsp;<br />
Costume includes: hooded robe with printed mesh mask. you can see out, but others can't see in. mens standard size.</div>","M, L","0","0.00","0.00","1","25.00","0.00","888385.jpg","1","265"
"1093","4","31208","Жулиета","Maid of Honour Costume","Детски карнавален костюм, съдържащ: Лилава желурена рокля и украшение за глава.","includes Purple Velour Dress and Headpiece with Gold Detail.","M, L","1","0.00","0.00","1","32.00","0.00","31108Ls.jpg","1","159"
"1094","3","34164","Хипи Веселяка ","Psychedelic 1960&#039;&#039;&#039;&#039;&#039;&#039;&#039;&#039;s Hippy  Costume","Мъжки карнавален костюм, съдържащ: Риза, панталони, жилетка и превръзка.","Brown and Floral Pattern, with Shirt, Trousers and Waistcoat, in Display Bag.","M/L","0","0.00","0.00","1","40.00","0.00","34064.jpg","1","360"
"1095","17","882119","Дарт Вейдър","Darth Vader Deluxe Costume","<div>Карнавален, детски, &nbsp;делукс костюм,&nbsp;съдържащ: маска със шлем, наметка, колан, гащеризон и яка.</div>","<div>Includes: Mask, Cape, Belt, Jumpsuit with&nbsp;attached collar, chest piece and boot tops.</div>","M, L","0","0.00","0.00","1","38.00","0.00","882019.jpg","1","39"
"1096","3","33696","Уди Кълвача","Woody Woodpecker","Мъжки карнавален костюм, съдържащ: Гащеризон с шапка, ръкавици и иметация на ботуши.","<div>This Great Costume is Blue and White,&nbsp;with Jumpsuit, Hat, Gloves and Shoe Covers.</div>","M, L","0","0.00","0.00","1","40.00","0.00","33596.jpg","1","204"
"1097","2","30919","Секси редник","Fever Combat Chick Costume","<div>Дамски карнавален костюм,&nbsp;съдържащ: гащеризон, шапка и бижу.</div>","Jumpsuit, Hat and Choker, Deluxe.","S, M","1","0.00","0.00","1","45.00","0.00","30819.jpg","1","463"
"1098","2","28164","Сестрата на вашите мечти","Fever Nurse","<div>Дамски карнавален костюм,&nbsp;съдържащ: рокля и касинка.</div>","Halterneck Dress, with Hat.","S, M","1","0.00","0.00","1","38.00","0.00","28064.jpg","1","455"
"1099","2","31205","Срамежливата ученичка","School Girl Costume","<div>Дамски карнавален костюм,&nbsp;съдържащ: рокля, риза, вратовръзка.</div>","Dress, Shirt and Tie.","S, M","1","0.00","0.00","1","35.00","0.00","31105.jpg","1","452"
"1100","2","2442","Сладко ангелче","4 Piece Sexy Angel Costume","<div>Дамски карнавален костюм,&nbsp;съдържащ: рокля, крилца и ореолче.</div>","includes Tube Dress with Built in Petticoat and Bow, Halo, Wings.","S, M","0","0.00","0.00","1","45.00","0.00","2442.jpg","1","304"
"1158","10","B90"," Забавното Духче","Monster decoration type 2","Перфектната украса за Хелоуин парти. Цената се определя в зависимост от бройката и размерите, има различни модели!&nbsp;","&nbsp; &nbsp;","-","0","0.00","0.00","0","0.00","0.00","B82.jpg","1","25"
"1102","5","B1","Венецианска маска с пера","mask type 1","&nbsp;","&nbsp;","-","0","0.00","0.00","1","12.00","0.00","B1.jpg","1","40"
"1103","5","B2","Венецианска маска","mask type 2","&nbsp; &nbsp;","&nbsp; &nbsp;","-","0","0.00","0.00","1","5.00","0.00","B2.jpg","1","39"
"1104","5","B3","Венецианска маска с пера, цяло лице","mask type 3","&nbsp; &nbsp;","&nbsp; &nbsp;","-","0","35.00","0.00","0","0.00","0.00","B3.jpg","1","38"
"1105","5","B4","Венецианска маска","mask type 4","&nbsp;&nbsp;","&nbsp;&nbsp;","-","0","0.00","0.00","1","5.00","0.00","B4.jpg","1","16"
"1106","5","B5","Венецианска маска","mask type 5","&nbsp;&nbsp;","&nbsp;&nbsp;","-","0","15.00","0.00","1","5.00","0.00","B5.jpg","1","37"
"1107","5","B6","Венецианска маска","mask type 6","&nbsp;&nbsp;","&nbsp;&nbsp;","-","0","0.00","0.00","1","5.00","0.00","B6.jpg","1","36"
"1108","5","B7","Венецианска маска с пера","mask type 7","&nbsp; &nbsp;","&nbsp; &nbsp;","-","0","0.00","0.00","1","12.00","0.00","B7.jpg","1","35"
"1109","5","B10","Венецианска маска с пера, делукс","mask type 10","&nbsp;&nbsp;","&nbsp; &nbsp;&nbsp;","-","0","0.00","0.00","1","15.00","0.00","B10.jpg","1","34"
"1110","6","B12","Вещерска шапка с воал","Witch hat - type 1","&nbsp; &nbsp;","&nbsp; &nbsp;","-","0","0.00","0.00","1","12.00","0.00","B12.jpg","1","33"
"1111","6","B13","Вещерска шапка с дантела","Witch hat - type 2","&nbsp;&nbsp;","&nbsp;&nbsp;","-","0","0.00","0.00","1","12.00","0.00","B13.jpg","1","32"
"1112","6","B14","Вещерска шапка с дантела, сребриста","Witch hat - type 3","&nbsp;&nbsp;","&nbsp;&nbsp;","-","0","0.00","0.00","1","12.00","0.00","B14.jpg","1","31"
"1113","6","B15","Вещерска пшапка с коса","Witch hat - type 4","       ","       ","-","0","0.00","0.00","1","12.00","0.00","B15.jpg","1","28"
"1114","7","B16","Перука гейша с цеветя","Geisha Wig","&nbsp;&nbsp;","&nbsp;&nbsp;","-","0","0.00","0.00","1","18.00","0.00","B16.jpg","1","74"
"1115","6","B20","Шапка с череп и рига","Hat type 5","&nbsp; &nbsp;","&nbsp; &nbsp;","-","0","11.50","0.00","0","0.00","0.00","B17.jpg","1","29"
"1116","6","B34","Сомбреро","Hat type 6","&nbsp;&nbsp;","&nbsp;&nbsp;","-","0","16.00","0.00","0","0.00","0.00","B30.jpg","0","25"
"1117","5","B35","Венециански маски в различни цветове","masks type 35","&nbsp; &nbsp;","&nbsp; &nbsp;","-","0","12.00","0.00","0","0.00","0.00","B31.jpg","1","33"
"1118","6","B36","Каубойска шапка различни цветоев, велур и кожа.","Hat type 7","&nbsp; &nbsp;","&nbsp; &nbsp;","-","0","11.00","0.00","0","0.00","0.00","B32.jpg","0","30"
"1119","5","B37","Сребриста маска с пайети и пета","mask type 37","&nbsp;&nbsp;","<div style=""text-align: left; "">&nbsp; &nbsp;</div>","-","0","12.00","0.00","0","0.00","0.00","B33.jpg","1","32"
"1120","18","B38","Венецианска маска делукс ","mask type 38","&nbsp; &nbsp;","&nbsp; &nbsp;","-","0","12.00","0.00","1","0.00","0.00","B34.jpg","0","10"
"1121","5","B39","Маска с пера в червено","mask type 39","&nbsp;&nbsp;","&nbsp;&nbsp;","-","0","12.00","0.00","1","5.00","0.00","B35.jpg","1","31"
"1122","5","B40","Маска с пера в черно със златно","mask type 40","&nbsp; &nbsp;","&nbsp;&nbsp;","-","0","12.00","0.00","1","5.00","0.00","B36.jpg","1","30"
"1123","6","B41","Дяволска шапка с рога и опашка","Hat type 8","&nbsp; &nbsp;","&nbsp; &nbsp;","-","0","19.00","0.00","1","7.00","0.00","B37.jpg","1","56"
"1124","5","B42","Уникална маска цяло лице с коса","mask type 42","&nbsp; &nbsp;","&nbsp; &nbsp;","-","0","35.00","0.00","1","9.00","0.00","B38.jpg","1","29"
"1125","8","B43","Диадема с шапчица и очички","Monster headpiece","&nbsp;&nbsp;","&nbsp;&nbsp;","-","0","12.00","0.00","1","5.00","0.00","B39.jpg","1","25"
"1126","18","B44","маска Писък","mask type 44","&nbsp;&nbsp;","&nbsp;&nbsp;","-","0","6.00","0.00","1","0.00","0.00","B40.jpg","0","14"
"1127","8","B46","Забавни очила","fun glasses type 1","&nbsp;&nbsp;","&nbsp; &nbsp;","-","0","12.00","0.00","1","5.00","0.00","B42.jpg","1","24"
"1128","8","B47","Очила пеперуда","fun glasses type 2","&nbsp; &nbsp;","&nbsp; &nbsp;","-","0","12.00","0.00","1","5.00","0.00","B43.jpg","1","23"
"1129","8","B48","Очила с пистолети","fun glasses type 3","&nbsp; &nbsp;","&nbsp; &nbsp;","-","0","14.00","0.00","1","5.00","0.00","B44.jpg","1","21"
"1130","8","B49","Розови очила","fun glasses type 4","&nbsp;&nbsp;","&nbsp;&nbsp;","-","0","0.00","0.00","1","5.00","0.00","B45.jpg","1","20"
"1131","8","B50","Очила Батман","fun glasses type 5","&nbsp;&nbsp;","&nbsp; &nbsp;","-","0","0.00","0.00","1","5.00","0.00","B46.jpg","1","19"
"1132","8","B51","Дяволскаи рога","Devil&#039;&#039;s horns","&nbsp;&nbsp;","&nbsp;&nbsp;","-","0","0.00","0.00","1","3.00","0.00","B47.jpg","1","18"
"1133","8","B52","Вампирски очила. ","fun glasses type 6","Само под определен ъгъл се виждат кървясали светещи очи.","&nbsp;&nbsp;","-","0","14.00","0.00","1","5.00","0.00","B48.jpg","1","17"
"1134","5","B55","Страшна маска","mask type 53","&nbsp;&nbsp;","&nbsp;&nbsp;","-","0","0.00","0.00","1","3.00","0.00","B49.jpg","1","28"
"1135","8","A56","Очила белезници","fun glasses type 7","&nbsp; &nbsp;","&nbsp;&nbsp;","-","0","14.00","0.00","1","5.00","0.00","B50.jpg","1","16"
"1136","8","B59","Ореолче с крилца","Halo with wings","&nbsp; &nbsp;","&nbsp; &nbsp;","-","0","0.00","0.00","1","5.00","0.00","B52.jpg","0","15"
"1137","5","B60","Изчистени маски различни цветове","mask type 56","&nbsp;","&nbsp;","-","0","0.00","0.00","1","5.00","0.00","B53.jpg","1","27"
"1138","5","B61","Изчистено домино - черно и бяло","mask type 57","&nbsp;&nbsp;","&nbsp;&nbsp;","-","0","0.00","0.00","1","5.00","0.00","B54.jpg","1","26"
"1139","5","B62","Нестандартни маски цяло лице","mask type 58","&nbsp; &nbsp;","&nbsp;&nbsp;","-","0","0.00","0.00","1","5.00","0.00","B55.jpg","1","25"
"1140","5","B63","Нестандартни маски цяло лице","mask type 59","&nbsp;","&nbsp;&nbsp;","-","0","0.00","0.00","0","5.00","0.00","B41.jpg","1","24"
"1141","18","B64","Дълга руса перука","Blonde wig","&nbsp; &nbsp;","&nbsp; &nbsp;   Лесен и бърз начин за преобразяване на цялостната ви визия.<br />","-","0","35.00","0.00","1","0.00","0.00","B56.jpg","0","11"
"1142","18","B65","Дълга черна перука","Brunette wig","&nbsp; Подходящо допълнение към голяма гама от костюми.<br />","&nbsp;&nbsp;","-","0","35.00","0.00","1","0.00","0.00","B57.jpg","0","13"
"1143","17","B29","Супермен","Superman Costume","Детски карнавален костюм, съдържащ: панталон, горно с наметало и маска.","&nbsp; &nbsp;","S","0","23.00","0.00","0","0.00","0.00","superman.jpg","0","108"
"1144","17","B667","Спайдермен","Spider-man Costume","Детски карнавален костюм, съдържащ, маска горно и панталон. Прекрасен подарък за всяко момче.","&nbsp; &nbsp;&nbsp;","S, M, L","0","23.00","0.00","0","0.00","0.00","B58.jpg","0","109"
"1145","8","B66","Меч","Sword","&nbsp; &nbsp;","&nbsp;&nbsp;","-","0","0.00","0.00","1","8.00","0.00","B59.jpg","1","14"
"1146","6","B68","Вещерска шапка с тюл и пера","Witch hat - type 5","&nbsp; &nbsp;","&nbsp; &nbsp;","-","0","19.00","0.00","1","5.00","0.00","B60.jpg","0","24"
"1147","10","B69","Огромен, фолиев балон с духче","balloon type 1","&nbsp;&nbsp;","&nbsp; &nbsp;","-","0","5.50","0.00","0","0.00","0.00","B61.jpg","1","27"
"1148","10","B70","Голям фолиев балон Къщата на духовете","balloon type 2","&nbsp;&nbsp;","&nbsp;&nbsp;","-","0","5.50","0.00","0","0.00","0.00","B62.jpg","1","26"
"1149","10","B71","Тиквичка - най- готината декорация за Хелоуин","balloon type 3","&nbsp;&nbsp;","&nbsp; &nbsp;","-","0","1.90","0.00","0","0.00","0.00","B63.jpg","1","17"
"1150","17","B74","Скелет","Skeleton Costume","Детски карнавален костюм, съдържащ, гащеризон и маска. Прекрасен подарък за всяко момче.","Jumpsuit and mask.","S, M, L","0","25.00","0.00","0","0.00","0.00","B66.jpg","0","171"
"1151","10","B75","Балони с надписи и фигурки","balloon type 4","&nbsp; &nbsp;","&nbsp;&nbsp;","-","0","0.50","0.00","0","0.00","0.00","B67.jpg","1","24"
"1152","10","B77","Писък Перфектната украса за Хелоуин парти.","Monster type 1","&nbsp;&nbsp;","&nbsp; &nbsp;","-","1","0.00","0.00","1","14.00","0.00","B69.jpg","1","20"
"1153","8","B84","Детска тиква за събиране на бонбони","Pumpkin basket","&nbsp;&nbsp;","&nbsp;&nbsp;","-","0","6.00","0.00","0","0.00","0.00","B76.jpg","1","163"
"1154","10","B86","Декорация за Хелоуин, много ефектни, голени черепи","Skulls decoration","&nbsp;","&nbsp;&nbsp;","-","0","0.00","0.00","1","5.00","0.00","B78.jpg","1","5"
"1155","18","B87","Вещерска шапка","Witch hat type 9","&nbsp; &nbsp;   Перфектната вещерска шапка за един Хелоуински купон, можете да добавите и една метла и е готов и транспорта. Вечерската шапка е с декорация от пера, тюл и малки паячета.<br />","&nbsp; &nbsp;","-","0","19.00","0.00","1","0.00","0.00","B79.jpg","0","12"
"1156","5","B88","Венецианска маска с вечрила и перо","mask type 81","&nbsp;&nbsp;","&nbsp;&nbsp;","-","0","27.00","0.00","1","12.00","0.00","B80.jpg","1","23"
"1157","5","B89","Венецианска маска","mask type 82","&nbsp;&nbsp;","&nbsp;&nbsp;","-","0","0.00","0.00","1","5.00","0.00","B81.jpg","1","22"
"1159","10","B91","Духче","Monster decoration type 3","Перфектната украса за Хелоуин парти. Цената се определя в зависимост от бройката и размерите, има различни модели!&nbsp;","&nbsp;&nbsp;","-","0","0.00","0.00","0","0.00","0.00","B83.jpg","1","23"
"1160","10","B93","Смъртта","Monster decoration type 4","Перфектната украса за Хелоуин парти. Цената се определя в зависимост от бройката и размерите, има различни модели!&nbsp;","&nbsp;&nbsp;","-","0","0.00","0.00","0","0.00","0.00","B85.jpg","1","22"
"1161","10","B94","Перфектната украса за Хелоуин парти","Monster decoration type 5","Цената се определя в зависимост от бройката и размерите, има различни модели!&nbsp;","&nbsp;&nbsp;","-","0","0.00","0.00","0","0.00","0.00","B86.jpg","1","19"
"1162","10","B95","Перфектната украса за Хелоуин парти.","Monster decoration type 6","Цената се определя в зависимост от бройката и размерите, има различни модели!&nbsp;","&nbsp;&nbsp;","-","0","0.00","0.00","0","0.00","0.00","B87.jpg","1","18"
"1163","10","B96","От отвъдното","Monster decoration type 7","Перфектната украса за Хелоуин парти. Цената се определя в зависимост от бройката и размерите, има различни модели!&nbsp;","&nbsp; &nbsp;","-","0","0.00","0.00","0","0.00","0.00","B88.jpg","1","16"
"1164","3","1063","Смелия крал","Noble King Elite Costume","Карнавален костюм от специалната делукс серията, включващ: Туника, рицарски ръкавици, наметало с медальон, имитация на ботуши, корона и колан.","Knights will tremble, maidens will faint and dragons will shake as you are crowned the King of Halloween.&nbsp;Includes:&nbsp;Tunic, gauntlets, Cape with medallion, boot covers, crown, Belt.","M, L","0","0.00","0.00","1","75.00","0.00","1063.jpg","1","6"
"1166","2","1078","Кралицата на отвъдното","Mummy Queen Costume","Карнавален, дамски костюм от специалната делукс серията, включващ: Рокля, украса на главата, колан и ефектна яка.","<div>Includes: Dress, headpiece, printed collar, belt.</div>","S, M","0","0.00","0.00","1","65.00","0.00","1078.jpg","1","104"
"1167","3","1079"," Фараона Тутанкамон","Mighty Pharaoh Elite Costume","Карнавален, мъжки костюм от специалната делукс серията, съдържащ: Туника, украшение за глава, нагръдник с яка, колан, ръкаели, протектори за краката.","Includes: Tunic, headpiece, chest and collar armour, belt, belt drape, cuffs, shin guards.","M, L","1","0.00","0.00","1","75.00","0.00","1079M.jpg","1","202"
"1168","3","1081","Чингис Хан","Genghis Khan Costume","Карнавален, мъжки костюм от специалната делукс серията, съдържащ: Туника, пластмасова шапка и броня, ръкавели и имитация на ботуши.","Includes: Tunic, vinyl helmet, vinyl chest armor, cuffs, boot covers.","M, L","1","0.00","0.00","1","80.00","0.00","1081.jpg","1","201"
"1169","3","3055","Кралят - рицар","Premium Crusader Costume","Карнавален, мъжки костюм от специалната делукс серията,съдържащ: Туника с ръкави, ръкавици, качулка имитираща верижна ризница, пластмасово украшение за глава и нараменници, колан.","Includes: Tunic with sleeves, gloves, chainmail effect hooded cowl, vinyl headpiece, vinyl shoulder guards, belt.","M, L","1","0.00","0.00","1","65.00","0.00","3055M.jpg","1","189"
"1170","17","6685","Трансформърс","Optimus Prime Deluxe Child Costume","Детски костюм от специалната делукс серия, включващ: Гащеризон, нагръдник, &nbsp;маска и играчка - оръжие на ръката.","Includes: Jumpsuit, chest piece, mask, toy arm weapon.","M","0","0.00","0.00","1","39.00","0.00","6685.jpg","1","99"
"1171","3","12921","Джина от Аладин","Genie Costume","Карнавален, мъжки костюм от специалната делукс серията,съдържащ: Гащеризон, ръкавели, колан и маска.","Includes: Jumpsuit, cuffs, sash, mask.","M, L","0","0.00","0.00","1","65.00","0.00","12921.jpg","1","165"
"1172","3","22006","Марсианец","Alien Lord Costume","Карнавален, мъжки костюм от специалната делукс серията,съдържащ: Роба, маска и ръкавици.","Includes: Robe, mask, hand covers.","M, L","1","0.00","0.00","1","40.00","0.00","22006.jpg","1","200"
"1173","3","26658","Локи от Тор","Deluxe Loki Costume","Карнавален, мъжки костюм от специалната делукс серията,съдържащ: Гащеризон, наметка и каска.","Includes: Jumpsuit, cape, helmet.","M, L","0","0.00","0.00","1","55.00","0.00","26658D.jpg","1","199"
"1174","2","29139","Царицата - Магьосница","Phantom Queen Costume","Карнавален, дамски костюм от специалната делукс серията, включващ: Горно, панталон, шапка и ръкавели.","Includes: Dress, sleeves, bodice, crown, mask.","S, M","1","0.00","0.00","1","55.00","0.00","29139.jpg","1","256"
"1175","17","38359","Спортакус","Lazy Town Sportacus Child","Перфектният костюм за малките фенове на хита &quot;Lazy town&quot;, съдържа горно, панталон, шапка и налакътници.","Includes: Top, trousers, hat, cuffs.","M","0","0.00","0.00","1","29.00","0.00","38359M.jpg","1","115"
"1176","8","60471","Гладиаторски меч и щит","Gladiator Combat Shield","&nbsp; &nbsp;","&nbsp; &nbsp;&nbsp;","-","1","0.00","0.00","1","18.00","0.00","60318.jpg","1","13"
"1177","3","130824","Осама Бен Ладен","Osama Bin Laden costume","Карнавален, мъжки костюм от специалната делукс серията,съдържащ: Роба в авганистански стил и маска.","<div>Includes:&nbsp;Afghan style robe w/ a camo jacket, bin Laden mask.</div>","M, L","0","0.00","0.00","1","55.00","0.00","130824.jpg","1","198"
"1178","3","889039","Помпай Моряка","Popeye™ Costume","Карнавален, мъжки костюм от специалната делукс серията,съдържащ: Риза с подплъни на ръкавите, панталони, фалшива кутия със спанак, моряшка шапка и лула.","Includes: Shirt W/ Padded Forearms, trousers, fabric spinach can, fabric pipe &amp; sailor hat.","M, L","1","0.00","0.00","1","55.00","0.00","889039.jpg","1","187"
"1179","3","889840","Предатор","Predator Costum","Карнавален, мъжки костюм от специалната делукс серията, съдържащ: Гащеризон със закачен нагръдник, нараменници, протектори за краката, колан, ръкавици и маска.","<div>Includes:&nbsp;Jumpsuit W/ Attached Chest Piece,&nbsp;Shoulder Guard,&nbsp;&nbsp;Leg Guards,&nbsp;Belt,&nbsp;Hands, Character Mask.</div>
<div>&nbsp;</div>","M/ L","1","0.00","0.00","1","65.00","0.00","889840.jpg","1","197"
"1180","3","6809561","Тенекиения човек","The Wicked of Oz™, Tin Woodsman","Карнавален, мъжки костюм от специалната делукс серията,съдържащ: Риза, панталон, нагръдник, маска, наметка и протектори за крака.","<div>Includes:&nbsp;mask, shin guards with points at the knees, a circular chest plate, and a brown cape.</div>
<div>&nbsp;</div>","M/L","1","0.00","0.00","1","45.00","0.00","6809561.jpg","1","194"
"1181","2","73511600","Пухкаво коте","Fluffy Cat Costume","Дамски карнавален костюм, включващ: Рокличка, ушички, имитация на пухкави ботуши, папионка и лапички. Сив.","Dress, cat ears, fluffy boot covers, bow and gloves. Gray.","S/M","1","0.00","0.00","1","55.00","0.00","Untitleda-5.jpg","1","259"
"1182","3","DG6678","Карибския пират - акула","Maccus Sharkman Costume - Pirates of the Caribbean","Карнавален, мъжки костюм от специалната делукс серията,съдържащ: Туника с прикачена препаска на рамото, колан, маска, декорация от морски звезди и корали.","<div>Includes: Tunic Top With Shoulder Strap And Buckle, striped sash, maccus sharkman mask, sculpted star fish, sculpted coral.</div>
<div>&nbsp;</div>","M/L","0","0.00","0.00","1","59.00","0.00","DG6678.jpg","1","196"
"1183","2","123456","Снежното момиче","Snow Girl","<div>Карнавален дамски костюм, съдържащ: &nbsp;Рокля и шапчица.</div>","Dress and hat.","S/M","0","0.00","0.00","1","45.00","0.00","frostythesnowvixen-s.jpg","1","576"
"1184","2","2040","Магическото зайче в шапка","The Magical Rabbit in the Hat Costume","<div>Карнавален дамски костюм, съдържащ:&nbsp;Рокля, маншети, папионка и заешки уши.</div>","<div>Dress and headpice.</div>","S/M","0","0.00","0.00","1","45.00","0.00","IC-2040.jpg","1","258"
"1185","2","1057","Пленителната разбойничка","Ravishing Rogue Pirate Costume","Карнавален, дамски костюм от специалната делукс серията, включващ: Шапка и рокля.","Includes: Hat, dress.","S, M","0","0.00","0.00","1","45.00","0.00","L1057.jpg","1","436"
"1186","2","83486","Циганската принцеса","Gypsy Princess Costume","Карнавален, дамски костюм от специалната делукс серията, включващ: Рокля и шал за главата.","Includes: Top, halter dress, head scarf.","S/ M","0","0.00","0.00","1","45.00","35.00","LA-83486-2.jpg","0","254"
"1187","3","4320","Ахмед - Мъртвият Терорист","Jeff Dunham&#039;s Achmed the Dead Terrorist costume","Карнавален, мъжки костюм от специалната делукс серията,съдържащ: Маска, гащеризон, ръкавици.","Includes: Mask, jumpsuit, gloves.","M, L","0","0.00","0.00","1","57.00","0.00","rtp4320.jpg","1","195"
"1188","7","21076","Перука Чар","Saloon Girl Wig, Auburn, Long and Curly","&nbsp; &nbsp;","&nbsp; &nbsp;","-","0","0.00","0.00","1","18.00","0.00","21076_Saloon_Girl_Wig.jpg","1","24"
"1189","6","22046","Перфектната коледна шапчица","White Christmas Top Hat Headband, Glitter, with Holly on Band","&nbsp; &nbsp;","&nbsp; &nbsp;","-","0","0.00","0.00","1","9.00","0.00","22046.jpg","1","66"
"1190","2","22048","Коледна приказка","Holly Princess Costume","Дамски, карнавален, коледен костюм, съдържащ: рокля с цветни панделки.","<div>Green, Dress with Clear Straps.</div>","S, M","0","0.00","0.00","1","45.00","0.00","22048_Holly_Princess_Costume.jpg","1","23"
"1191","6","24206","Карнавална пиратска шапка с панделки ","Fever Pirate Hat, Black","&nbsp; &nbsp;","&nbsp; &nbsp;","-","0","0.00","0.00","1","10.00","0.00","24206_Fever_Pirate_Hat.jpg","1","20"
"1192","3","24502","Перфектния дядо Коледа","Santa Costume","съдържащ: жакет, панталон, колан, шапка, имитация на ботуши, перука с брада и очила.","Velour, with Jacket, Trousers, Wig, Beard, Belt, Hat and Boot Covers","M, L","0","0.00","0.00","1","85.00","0.00","24502xm.jpg","1","369"
"1193","17","25761","Безстрашния пират","Pirate Costume","<div>съдържа:&nbsp;пиратска риза, панталон, имитация на ботуши, пиратска кърпа и колан.</div>","Shirt, Trousers, Boot Covers, Headscarf and Belt, Deluxe.","S, M, L","0","0.00","0.00","1","23.00","0.00","25761__93330_zoom.jpg","1","146"
"1194","3","25963","Истинския Дядо Коледа от серията Делукс","Plush Santa Suit Costume","&nbsp;съдържа: &nbsp;жакет, панталон, колан, шапка, имитация на ботуши и ръкавици.","Red, with Jacket, Trousers, Belt, Hat, Gloves and Boot Covers.","L, XL","0","0.00","0.00","1","85.00","0.00","25963_26.jpg","1","367"
"1195","2","38033","Готината снежанка","Sweet Santa ","Карнавален, дамски костюм, съдържащ: рокля и наметка.","Fever Secret Santa Costume, with Dress and Cape with Hood<br />
<br />","S/M","0","0.00","0.00","0","47.00","0.00","fever-secret-santa-38033.jpg","1","575"
"1196","5","21719","Барокова черна маска с дръжка","Baroque Fantasy Eyemask, Black, with Feathers","&nbsp;&nbsp;","&nbsp; &nbsp;"," ","0","0.00","0.00","1","15.00","0.00","Untitled1.jpg","1","21"
"1197","2","34963","Светицaта","Mary Costume","&nbsp;Дамски, коледен костюм, съдържащ: ореол, рокля, колан и наметка.","&nbsp;with Halo, with Robe, Sash Belt and Hooded Shawl&nbsp;","S/M/L","0","0.00","0.00","1","49.00","0.00","3TREG.jpg","1","126"
"1198","2","36989","Мис Коледа","Miss Santa Costume","Карнавален, дамски костюм, съдържащ: жакет, пола, колан, шапка.","Muff, with Jacket, Skirt, Hat, Belt.","S, M","0","0.00","0.00","1","53.00","0.00","36989.jpg","1","17"
"1199","6","38335","Шапка Дядо Коледа в комин","Santa Stuck in Chimney Hat","&nbsp;&nbsp; <br />","&nbsp;&nbsp;&nbsp; <br />","-","0","0.00","0.00","1","13.00","0.00","38335_Santa_Stuck_in_Chimney_Hat.jpg","1","19"
"1200","2","39297","Забавното момиче","Boo Boo The Clown","Карнавален, дамски костюм, съдържащ: Рокля и шапка.<br />","Dress and Hat on Headband.","S/M","0","0.00","0.00","1","49.00","0.00","39297.jpg","1","105"
"1202","2","29709","Ангелски комплект","Angel Set","Съдържащ: ореолче, крила, поличка и пръчица.","Tutu, with Wings, Wand, Halo.","S/M","0","0.00","0.00","1","18.00","0.00","angel-set-29709.jpg","1","528"
"1203","6","31704","Коледна шапка със звездички","Christmas Cowboy Hat, Red","&nbsp;&nbsp; <br />","&nbsp;&nbsp;&nbsp;&nbsp; <br />","-","1","0.00","0.00","1","8.00","0.00","christmas-cowboy-hat-31704.jpg","1","65"
"1204","2","36987","Сладкото елфче","Fever Elf Costume","Карнавален, дамски костюм, съдържащ: рокля, елфска шапка и ръкавели.","Dress, Hat and Gauntlets.<br />","S/M","0","0.00","0.00","1","29.00","0.00","36987aaa.jpg","1","574"
"1205","2","31875","Новогодишно настроение","Fever Holiday Cheer ","Карнавален, дамски костюм, съдържащ: корсет, пола, шапка.","Silver and White, with Skirt, Top, Hat and 4 Garter Straps.","S/M","0","0.00","0.00","1","39.00","0.00","fever-holiday-cheer-silver-31875.jpg","1","95"
"1206","2","38750","Пиратката от тайствения остров","Fever Pirate Dress","Карнавален, дамски костюм, съдържащ: рокля и шапка.","Dress.","S/M","1","0.00","0.00","1","55.00","0.00","fever-pirate-dress-303-p.jpg","1","426"
"1207","3","39419","Костюма на дядо Коледа от плюш","Santa Costume","&nbsp;&nbsp; &nbsp;съдържащ: панталон, горно, колан, шапка.<br />","&nbsp;&nbsp; Trousers,Belt, Hat.<br />","M/L","0","65.00","0.00","0","0.00","0.00","Untitl.jpg","1","366"
"1208","7","39519","Перука Парцалената Кукла","wig rag doll","&nbsp; &nbsp;&nbsp;&nbsp;  <br />","&nbsp;&nbsp;&nbsp;  <br />"," ","0","0.00","0.00","1","15.00","0.00","39419.jpg","1","9"
"1209","2","34354","Трудолюбивата камелиерка","Fever Boutique French Maid","Карнавален секси костюм, съдържащ: рокля, престилка, ръкавчета и диадема за главата.","4 Piece Costume, with Dress, Apron, Sleeves and Headpiece","S/M","0","0.00","0.00","1","45.00","0.00","34354__82361_zoom.jpg","1","447"
"1210","2","36977","Ангел - Пазител","Angel ","&nbsp;Карнавален, дамски костюм, съдържащ: рокля, колан, ореол и крила.","Robe, Wings, Belt, Halo","S/M","0","0.00","0.00","1","49.00","0.00","36977.jpg","1","149"
"1211","2","29132"," Текила момиче","Tequila Shooter Girl Costume, ","Карнавален костюм, съдържащ: рокля, колан, колан с място за текила и текила чашки.","with Dress, Striped Belt and Belt with Holsters","S/M","0","0.00","0.00","1","47.00","0.00","29132__11135_zoom.jpg","1","253"
"1212","3","26147","Елена Рудолф","Adult Reindeer Costume","&nbsp;Новогодишен, забавен карнавален костюм, съдържащ: гащеризон и шапка с главата на елен. <br />","With Jumpsuit And Hood","M/L","0","0.00","0.00","1","47.00","0.00","ntit.jpg","1","86"
"1214","17","38768","Цветното момче","Mr Brighty Balloons","Карнавален, детски костюм, съдържащ: Карнавален гащеризон с тиранти и шапка.","<div>&nbsp;Jumpsuit With Mock Braces and Hat.</div>","L","0","0.00","0.00","1","23.00","0.00","38668.jpg","1","128"
"1215","7","30462","Викторианска перука с букли","Tales Of Old England Victorian Wig","&nbsp;","&nbsp;&nbsp;Blonde, Long With Curls.","-","0","0.00","0.00","1","19.00","0.00","30362.jpg","1","23"
"1216","2","41548","Секси Лейди","Pimp Lady Costume","Дамски, карнавален костюм, съдържащ: екстравагантна тигрова рокля &nbsp;и ръкавици без пръсти.&nbsp;","<div>Leopard Print, With Dress and Glovettes.</div>","S/M","1","0.00","0.00","1","38.00","0.00","41448.jpg","1","246"
"1217","2","31102","Хостесата","Mile High Hostess ","Карнавален костюм, съдържащ: синя рокля, шапка и болеро.","<div>&nbsp;Blue, With Dress, Hat and Shrug.</div>","XS, S","1","0.00","0.00","1","35.00","0.00","31002a.jpg","1","245"
"1218","3","35388","Силния Викинг ","Viking Man","Карнавален мъжки костюм, съдържащ: горно, панталон, имитация на обувки и колан.","Top, Trousers With Mock Bootcovers and Belt.","M, L","1","0.00","0.00","1","37.00","0.00","35288.jpg","1","302"
"1219","2","20451","Викинг Лейди","Viking Warrior ","Карнавален, дамски костюм, съдържащ: оригинална рокля и ръкавели. Като допъкнителен аксесоар се предлага щапката и брадвата.","&nbsp;With Dress and Arm Cuffs.","S, M","1","0.00","0.00","1","35.00","0.00","m20351.jpg","1","244"
"1220","2","20940","Ти си на корицата!","Top Shelf Mens Magazine","Карнавален, забавен, дамски костюм, съдържащ: Горна предна част, имитираща корица на списатие с място за вашето лице.","With Face Frame Style Top With Tie Back.","S, M, L","1","0.00","0.00","1","27.00","0.00","20840.jpg","1","243"
"1221","3","38444","Щастливото листо!","Cannabis Leaf ","<div>Карнавален, забавен костюм, съдържащ: горна част с отвор за главата и захващане за ръцете.&nbsp;</div>","&nbsp;Green, Tabard With Face Hole.","M, L","0","0.00","0.00","1","27.00","0.00","38344.jpg","1","185"
"1222","2","20978","Изненадата","Flasher Costume","Забавен, нестандартен и заблуждаващ карнавален костюм, съдържащ: Манто с прикачена рокля, имитираща жена по бельо!","Mac Coat With Attached Printed Dress and Pasties.","S, M","1","0.00","0.00","1","45.00","0.00","20878.jpg","1","476"
"1223","3","38443","Адам","Naked Adam Costume","Карнавален, забавен костюм съдържащ: гащеризон ис изпринтена змия и листо.","Jumpsuit With Snake Print.","M, L","1","0.00","0.00","1","39.00","0.00","38343.jpg","1","225"
"1224","2","36342","Русалката Ариел","Mermaid Costume","Карнавален, дамски костюм, съдържащ: рокля, колан от перли и опашка на русалка.","Comes complete with Aquamarine Bodysuit, Peal Belt and Fin.","S, M","1","0.00","0.00","1","35.00","0.00","36242.jpg","1","242"
"1225","2","29898","Костюм 50те","Grease Poodle Costume","<div>Карнавален, ретро костюм, съдържащ:&nbsp;рокля с пуделчета и шалче.</div>","&nbsp;Black and Red, with Dress and Scarf, 1950s.","M, L","1","0.00","0.00","1","32.00","0.00","29798.jpg","1","241"
"1226","3","39070","Street Fighter Ryu","Ryu Costume","Карнавален, мъжки костюм, съдържащ: горно, панталон, релефни мускули, колан, превръзка за главата и ръцете.","Super Street Fighter Iv, Includes Jacket, Trousers, Padded Chest, Belt, Headband and Wristcuffs.","M, L","1","0.00","0.00","1","45.00","0.00","38970.jpg","1","340"
"1227","7","39182","Оранжева перука","Blanka Wig, Street Fighter Iv","&nbsp;&nbsp;","&nbsp;&nbsp;","-","0","0.00","0.00","1","12.00","0.00","39082.jpg","1","22"
"1228","2","32911","Топ Гън Авиаторка","Top Gun Aviator","Карнавален костюм, съдържащ: гащеризон и колан.","Green, With Jumpsuit and Belt.","XS, S","1","0.00","0.00","1","45.00","0.00","L32811.jpg","1","240"
"1229","2","37345"," Кити Лейди","Hello Kitty Young","Карнавален костюм, съдържащ: рокля на точки и панделка за коса.","Adult Dress, Polkadot, Black, Includes Dress and Headband.","XS, S","1","0.00","0.00","1","35.00","0.00","37245.jpg","1","239"
"1230","2","33115","Малката Червена Шапчица","Red Riding Hood Costume","Карнавален, дамски костюм, съдържащ: рокля, престилка и наметка с качулка.","Red and White, with Dress, Apron and Cape with Hood.","M, L","0","0.00","0.00","1","40.00","0.00","33015.jpg","1","87"
"1231","2","30737","Алиса в огледалния свят","Rebel Toons Alice In Wonderland Costume","&nbsp;Дамски, карнавален костюм, съдържащ: рокля, ръкавчета и панделка за коса.","With Dress, Pull On Sleeves and Headband.","M, L","1","0.00","0.00","1","45.00","0.00","30637.jpg","1","238"
"1232","3","36214","Тенекиения Човек","Rebel Toons Tin Man Costume","Карнавален, мъжки костюм, съдържащ: горно, панталон, &nbsp;маска с шапка и ръкавици.","Top, Trousers, Hat, Boot Covers, Gloves and Mask.","M, L","1","0.00","0.00","1","47.00","0.00","36114.jpg","1","184"
"1233","2","30740","Феята Тинкърбел ","Teen Rebel Toons Tinkerbell","Дамски костюм, съдържащ: рокля, крилца, ръкавици и иматация на ботушки.","With Dress, Wings, Tights, Gloves and Boot Covers.","Teen","1","0.00","0.00","1","35.00","0.00","smiffys-30640.jpg","1","237"
"1234","2","39593","Хипи Цвете","Hippy Flower Power Costume","Карнавален, дамски костюм, включващ: горно, панталон, лента за косата и колан.","Multi-Coloured, With Top, Trousers, Headband and Belt."," M/L","1","0.00","0.00","1","45.00","0.00","39493.jpg","1","236"
"1235","17","38764","Мистър Джак","Pirate Jack Boy Costume","Детски, карнавален костюм, включващ: горно, панталон и колан.","With Top, Trousers and Belt.","STD","0","0.00","0.00","1","25.00","0.00","38664.jpg","1","148"
"1236","17","30901","Лъвче","Lion Costume","Карнавален, детски костюм, включващ: гащеризон с качулка.","<div>Small, Plush, With Hood.</div>","S/ M","0","0.00","0.00","1","27.00","0.00","30801.jpg","1","121"
"1237","5","26048","Блестяща, черна маска","Gino Eyemask, Black, Glitter","&nbsp;&nbsp;","&nbsp;&nbsp;","-","1","0.00","0.00","1","4.00","0.00","L25948.jpg","1","20"
"1238","2","29197","Готината Морячка","Fever Boutique Sailor Sweetie Costume","Карнавален, дамски костюм, съдържащ: рокля от кадифе и сатен, шапка и ръкавчета.","With Dress, Hat and Sleeves.","S, M","1","0.00","0.00","1","47.00","0.00","29097_a1.jpg","1","189"
"1239","2","26138","Неустоймата","Fever Boutique Plentiful Pirate Costume","Карнавален, дамски, секси костюм, включващ: рокля, колан и жакет.","With Dress, Belt and Jacket","S/M","0","0.00","0.00","1","55.00","0.00","26038.jpg","1","144"
"1240","2","32844","Рокля с ресни","Fever Flapper Costume","Карнавален, ретро костюм, съдържащ: черно-лилава рокля и украшение за глава.","Purple, Dress and Head Piece With Feather.","M/L","1","0.00","0.00","1","40.00","0.00","32744_Fever_Flapper_Costume.jpg","1","235"
"1241","2","20233","Бурлеска","Fever Lace Burlesque Costume","Карнавален, сценичен, секси костюм, съдържащ рокля от кадифе и сатен и дантела.","Dress.","S/M/L","0","0.00","0.00","1","45.00","0.00","20133.jpg","1","234"
"1242","2","26148","Красивата индианка","Fever Indian Costume","Дамски карнавален костюм, включващ: кадифена рокля и индианска лента с перо за косата. Като допълнителни аксесоари може да се добави лък и перука.","<div>With Dress and Headband.</div>","S/ M","1","0.00","0.00","1","42.00","0.00","fever-indian-costume-26048-a.jpg","1","233"
"1243","2","20648","Пременената Пепеляшка","Fever Princess Cinders Costume","Карнавален костюм, който включва: рокля от сатен и кадифе.","Dress.","S/M","1","0.00","0.00","1","45.00","0.00","20548.jpg","1","232"
"1244","3","20986","Готиния Мореплавател","Fever Male French Sailor Costume","Карнавален, мъжки костюм, който включва горно, панталон и шалче. Допълнително може да се добави моряшка шапка.","With Top, Trousers and Neck Scarf.","M/L","0","0.00","0.00","1","45.00","0.00","20886.jpg","1","116"
"1245","4","38736","Малката Калинка","Little Lady Bug Costume","Карнавален, детски костюм, който съдържа: рокля, крилца на калинка и диадемка.","<div>Red, With Dress, Wings and Headband.</div>","-","0","0.00","0.00","1","19.00","0.00","38636.jpg","1","120"
"1246","4","38749","Принцесата","Tudor Girl Costume","Карнавален, детски костюм, съдържащ: рокля и тиара.","<div>Burgundy, With Dress and Headpiece.</div>","-","1","0.00","0.00","1","25.00","0.00","38649.jpg","1","119"
"1247","3","24950","Неустоймия Капитан","Captain Costume","Карнавален, мъжки костюм, включващ: горно, панталон, капитанска шапка и ръкавици.","<div>White, With Jacket, Trousers, Cap and Gloves.</div>","M, L","1","0.00","0.00","1","47.00","0.00","L24850.jpg","1","181"
"1248","6","21834","Капитанска шапка","Captain Hat, White, With Golden Detail","&nbsp;&nbsp;","&nbsp;&nbsp;","-","1","0.00","0.00","1","12.00","0.00","21734.jpg","1","18"
"1249","2","25111","Медуза","Medusa Costume","Дамски, карнавален костюм, съдържащ: Ефектна рокля, аксесоар за главата и ръкавели. Допълнително можем да ви предложим и подходяща перука.","Green, Dress, Headpiece and Arm Cuffs.","S/M","0","0.00","0.00","1","49.00","0.00","m25011.jpg","1","231"
"1250","2","23124","Елена от Троя","Helen Of Troy Costume","Карнавален, дамски костюм, съдържащ: свободна и ефирна рокля и тиара.&nbsp;","<div>White and Gold, Dress and Tiara.</div>","S/ M/ L","0","0.00","0.00","1","45.00","0.00","23024_22.jpg","1","106"
"1251","2","26204","Римска Статуя","Roman Female Statue Costume","Карнавален, дамски костюм, съдържащ: рокля и перука, имитиращи вида на статуя. Предлагаме допълнително и необходимата качествена боя за тяло.","Grey, Dress and Latex Hair Piece.","S/M/L","1","0.00","0.00","1","43.00","0.00","26104.jpg","1","228"
"1252","6","92516","Черна шапка  Бомбе","Flocked Bowler Hat, Black ","&nbsp;&nbsp;","&nbsp;&nbsp;","-","1","0.00","0.00","1","8.00","0.00","92416.jpg","1","17"
"1253","6","25723","Черна шапка  Бомбе - Делукс","Tales Of Old England Indestructible Derby Bowler Hat, Black","&nbsp;&nbsp;","&nbsp;&nbsp;","-","1","0.00","0.00","1","8.00","0.00","25623.jpg","1","16"
"1254","6","99888"," Черен Цилиндър","Stovepipe Topper Hat, Black, Felt With Black Band","&nbsp;&nbsp;","&nbsp;&nbsp;","-","0","0.00","0.00","1","8.00","0.00","99788.jpg","1","15"
"1255","7","229","Бяла Благородническа Перука ","Court Gentleman&#039;s Wig, White, With Black Ribbon and Ringlets ","&nbsp;&nbsp;","&nbsp;&nbsp;","-","1","0.00","0.00","1","18.00","0.00","129.jpg","1","21"
"1256","2","30142","Джаз мацка","All That Jazz Costume","Карнавален, дамски костюм, съдържащ: рокля с ресни и дантела и украшение за косата.","<div>Dress and Hair Piece.</div>","M/L","1","0.00","0.00","1","39.00","0.00","30042_All_That_Jazz_Costume.jpg","1","227"
"1257","2","28270","Лейди Гага","Dance Diva Costume","Карнавален, екстравагантен костюм, съдържащ: рокля.","Pink, With Dress.","XS/S/M","0","0.00","0.00","1","45.00","0.00","28170.jpg","1","230"
"1258","7","28160","Перука Лейди Гага","Pop Sensation Wig, Blonde, Long With Bow ","&nbsp;&nbsp;","&nbsp;&nbsp;","-","0","0.00","0.00","1","19.00","0.00","28060.jpg","0","20"
"1259","2","41260","Октоберфест костюм","Oktoberfest Costume","Карнавален, дамски костюм, съдържащ: рокля с връзки и престилка.","<div>Female, Dress With Attached Apron.</div>","S/ M","1","0.00","0.00","1","43.00","0.00","oktoberfest-costume-41160-636-p.jpg","1","229"
"1260","6","38561","Баварска шапка с перо","Bavarian Hat, Brown, With Feathers ","&nbsp;&nbsp;","&nbsp;&nbsp;","-","1","0.00","0.00","1","7.00","0.00","38461.jpg","1","14"
"1261","6","24188","Забавна, клоунска Шапка","Clown Bowler, Black, With Multi Colour Band and Flower","&nbsp;&nbsp;","&nbsp;&nbsp;","-","0","0.00","0.00","1","6.00","0.00","24088.jpg","1","13"
"1262","17","38759","Безстрашния Робин Худ","Robin Hood Costume","Детски, карнавален костюм, съдържащ: горно, панталон, колан и шапка. Ако желаете може да се добави допълнително и лък.","<div>Boys, With Top, Trousers and Hat.</div>","-","0","0.00","0.00","1","27.00","0.00","robin-hood-childrens-costume-38659.jpg","1","134"
"1263","3","39438"," Костюм Втора кожа ","Second Skin Suit","Карнавален или сценичен костюм, подходящ за танци, спектакли или фокуси, включва - гащеризон, покриващ цялото тяло, със специална материя при очите, за да се вижда от вътре, но не и отвън! Може да се доставят различни цветове!","<div>Black, With Bumbag, Concealed Fly and Under Chin Opening.</div>","M, L","1","0.00","0.00","1","45.00","0.00","39338_Second_Skin_Suit.jpg","1","182"
"1264","2","23130","Сладоледената принцеса","Candy Queen Costume","Карнавален дамски костюм, съдържащ: цветна рокля.","Latex Bodice with Dress.","S/M","0","0.00","0.00","1","45.00","0.00","23030.jpg","1","191"
"1265","2","27143","Червената Шапчица в гората","Fever Riding Hood Costume","Карнавален дамски костюм, съдържащ: карнавална рокля и наметало.","Dress and Cape.","S/M","1","0.00","0.00","1","38.00","0.00","27043.jpg","1","262"
"1266","2","32001","Страшната полицайка","Fever Sexy Cop Costume","Карнавален, дамски, секси костюм, съдържащ: рокля, колан и полицейска шапка. Към костюма може да се добави допълнително - полицейски очила, белезници и палка.","<div>Black, With Dress, Belt and Hat.</div>","S/M","1","0.00","0.00","1","45.00","0.00","31901.jpg","1","310"
"1267","2","32919","Мис Таен Агент","Police Cadet Costume","Карнавален дамски костюм, съдържащ: рокля, колан и полицейска шапка. Към костюма може да се добави допълнително - полицейски очила, белезници и палка.","Dress, Hat and Belt.","S/M","1","0.00","0.00","1","40.00","0.00","32819.jpg","1","225"
"1268","3","33229","Равин","Rabbi Costume","Карнавален мъжки костюм, включващ: роба, шапка с коса, брада и шал.&nbsp;","Robe, Beard, Hat with Hair and Scarf.","S/M/L","0","0.00","0.00","1","39.00","0.00","33129.jpg","1","331"
"1269","2","33238","Мис Снежно Момиче","Fever Sexy Snowman Costume","Карнавален дамски костюм, съдържащ: рокля, шапка и ръкавици.","<div>Dress, Scarf and Hat on Headband.</div>","S/M","0","0.00","0.00","1","45.00","0.00","33138.jpg","1","573"
"1270","2","33356","Сребърно момиче","Fever Santa&#039;&#039;s Naughty Helper","Карнавален дамски костюм, съдържащ: рокля, шапка и ръкавици.","White,with Dress, Hat and Gloves.","M/L","0","0.00","0.00","1","37.00","0.00","33256.jpg","1","578"
"1271","8","34058","Поличка в червено","Tulle Petticoat, Red","&nbsp;&nbsp;","&nbsp;&nbsp;","M/L","1","0.00","0.00","1","7.00","0.00","33958.jpg","0","12"
"1272","3","35434","Офицерът","Wartime Officer","Карнавален, мъжки костюм, съдържащ: горно, панталон, колан, вратовръзка.","<div>Green, Beret, Tie, Trousers, Belt and Jacket.</div>","M/L","1","0.00","0.00","1","55.00","0.00","35334.jpg","1","323"
"1273","2","36275","Пиратката от Тортуга","Authentic Pirate Wench Costume","Карнавален, дамски костюм делукс, съдържащ: Риза, корсет и пола в едно. Като отделен аксесоар за по-завършена визия можем да ви предложим: шапката, превръзака за око, пиратски пистолет и сабя.&nbsp;","All In One Dress.","S/M/L","0","0.00","0.00","1","65.00","0.00","36175.jpg","1","224"
"1274","6","36276","Карнавална Пиратска Шапка Делукс","Authentic Pirate Wench Hat","&nbsp; &nbsp;","&nbsp;Black, with Lace Trim and Red Ribbon Detail.","-","0","0.00","0.00","1","14.00","0.00","36176.jpg","1","12"
"1275","8","36821","Бижу Змия","Snake Jewellery, Gold, Bendable to Fit","Перфектно допълнение към костюм на Клеопатра","&nbsp;&nbsp;","-","1","0.00","0.00","1","5.00","0.00","36721.jpg","1","10"
"1276","3","37331","Извесния Спортакус","Lazy Town Sportacus Costume","<div>Карнавален, мъжки костюм от детското филче Lazy Town, съдържащ: горно, панталон, шапка и ръкавели.</div>","Blue, with Top, Trousers, Hat and Arm Cuffs","M/L","0","0.00","0.00","1","45.00","0.00","37231.jpg","1","179"
"1277","2","38442","Изкушителната Ева","Naked Eve Costume","Карнавален дамски костюм, съдържащ: рокля, телесен цвят и украшение за глава.","<div>Dress and Headpiece.</div>","S/M","1","0.00","0.00","1","38.00","0.00","38342.jpg","1","223"
"1278","2","28166","Стюардеса","Fever Fly Me Costume","Карнавален, дамски, секси костюм, съдържащ: рокля, шапка и шалче.&nbsp;","<div>With Stretch Cotton Dress, Hat and Scarf.</div>","S/M","1","0.00","0.00","1","35.00","0.00","28066.jpg","1","277"
"1279","6","9325","Викинг Шлем","Viking Helmet, Gold, with Large Horns","&nbsp;&nbsp;","&nbsp;&nbsp;","-","0","0.00","0.00","1","6.00","0.00","9225.jpg","1","11"
"1280","8","29110","Мини крилца с марабу","Mini Glitter Wings, White, Marabou ","&nbsp;&nbsp;","&nbsp;&nbsp;","-","1","0.00","0.00","1","5.00","0.00","29010.jpg","1","9"
"1281","2","29202","Принцесата на цирка","Fever Harlequin Shine with Sequins","text","Dress, Arm Sleeves and Hat on Headband.","S/M","1","0.00","0.00","1","40.00","0.00","29102.jpg","1","267"
"1282","8","30861","червена поличка тип пачка","Tutu Underskirt, Red, Layered ","&nbsp;&nbsp;","&nbsp;&nbsp;","S/M","1","0.00","0.00","1","7.00","0.00","30761.jpg","0","11"
"1283","2","20147","Красивата Бурлеска","Fever Bow Burlesque Costume","Карнавален, дамски костюм, съдържащ: ефектна рокля с корсет.","Corset Dress","S/M","1","0.00","0.00","1","55.00","0.00","20047.jpg","1","222"
"1284","2","21016","Кралицата от приказките","Fever Fairytale Queen Costume","Карнавален, дамски костюм, съдържащ: рокля, болеро и корона.","With Dress, Bolero and Crown On Headband.","M/L","1","0.00","0.00","1","47.00","0.00","20916.jpg","1","355"
"1285","2","21151","Медицинската сестра в розово","Fever Nurse Costume","Карнавален, дамски костюм, съдържащ: рокля и диадема.","With Dress and Headpiece.","S/M","1","0.00","0.00","1","35.00","0.00","21051.jpg","1","462"
"1286","2","22116","Изкушителната медицинска помощничка","Fever Sexy Nurse Costume","Карнавален, дамски костюм, съдържащ: рокля и шапчица.","&nbsp;With Dress and Hat.","XS/S","1","0.00","0.00","1","37.00","0.00","22016.jpg","1","461"
"1287","4","23004","Пеперудка","Butterfly Costume","Карнвален, детски костюм, съдържащ: горно с качулка и крилца.","With Tabard With Hood and Wings.","S/M","1","0.00","0.00","1","19.00","0.00","22904.jpg","1","23"
"1288","17","23005","Гъсеничка","Caterpillar Costume","Карнвален, детски костюм, съдържащ: горно с антенки и качулка.","Green, With Tabard With Hood.","S/M","0","0.00","0.00","1","19.00","0.00","22905.jpg","1","120"
"1289","4","23021","Хавайско момиче","Hula Hula Girl Costume","Карнвален, детски костюм, съдържащ: горно, поличка, цвете за глава, гирлянд и гривна.","<div>Top, Skirt, Headband, Garland and Wristband.</div>","M","1","0.00","0.00","1","25.00","0.00","22921.jpg","1","117"
"1290","8","23596","Камплект Цвете","Dancing Flower Kit","Съдържа: дегизировка за главата и очила.","Headpiece With Glasses and Inflatable Guitar.","-","1","0.00","0.00","1","17.00","0.00","23496.jpg","1","8"
"1291","6","26078","Шапката на Майстор Готвача","Chef Hat, White","&nbsp;","&nbsp;","-","1","0.00","0.00","1","6.00","0.00","25978.jpg","1","10"
"1292","2","26294","Капитанката","Fever Tutu Sailor Costume","Карнавален, дамски костюм, съдържащ: рокля с волани и моняшка шапка.","Tutu Dress With Straps and Hat.","S/M","1","0.00","0.00","1","45.00","0.00","26194.jpg","1","187"
"1293","2","27378","Гръцка богиня","Fever Venus Costume","Карнавален, дамски костюм, съдържащ: кадифена рокля с наметка и тиара за косата.","Velour Dress With Attached Cape, Arm and Headpiece.","S/M","1","0.00","0.00","1","45.00","0.00","27278.jpg","1","220"
"1294","2","29195","Лейди Макбет","Lady Assassin In Waiting Costume","Карнавален, дамски костюм, съдържащ: рокля, шапка с воал и кинжал.","Red, With Dress, Hatband, Headscarf and Dagger.","M, L","0","0.00","0.00","1","49.00","0.00","29095.jpg","1","221"
"1295","2","29203","Ослепителната мед.сестра","Fever Nurse Dazzle Costume","Карнавален, дамски костюм, съдържащ: рокля с пайети, ръкавици и диадема.","<div>Dress With Garter Straps, Gloves and Headband.</div>","XS/S","1","0.00","0.00","1","37.00","0.00","29103.jpg","1","460"
"1296","2","29205","Бляскавата пиратка","Fever Flashy Pirate Costume","<div>Карнавален, дамски костюм, съдържащ:&nbsp;горно, пола, маншети и кърпа за главата.</div>","With Top and Skirt, Arm Cuffs and Bandanna.","XS/S","1","0.00","0.00","1","32.00","0.00","29105.jpg","1","422"
"1297","8","30484","Безцветни сандали, подходящи за всякакви поводи.","Fever Boutique Slide Shoes","&nbsp; &nbsp;","&nbsp;&nbsp;","39/40","1","0.00","0.00","1","12.00","0.00","30384.jpg","1","7"
"1298","3","30546","Римлянинът","Romulus the King Costume","&nbsp;Карнавален, мъжки костюм, включващ: роба, наметка, колан и ръкавели.","White Robe, Red Shawl, Belt and Arm Cuff.","M/L","1","0.00","0.00","1","43.00","0.00","30446.jpg","1","298"
"1299","8","30666","Бели сандали, подходящи за множество костюми.","Fever Boutique Slide Shoes S/M Wide Fit, White","&nbsp;&nbsp;","&nbsp;&nbsp;","37/38","1","0.00","0.00","1","12.00","0.00","30566.jpg","1","6"
"1300","2","31202","Работливата пчеличка","Fever Bumblebee Costume","Карнавален, дамски костюм, съдържащ: поличка, корсет, крила, бижу, диадема и ръкавици.","Black and Yellow, With Tutu, Corset, Wings, Thigh-High Stockings, Choker, Headpiece and Gloves","S/M","1","0.00","0.00","1","45.00","0.00","31102.jpg","1","284"
"1301","2","32149","Приказната Снежанка","Fever Princess Snow Costume","Карнавален, дамски костюм, съдържащ: рокля, болеро и диадема.","<div>With Dress, Shrug and Headpiece.</div>","M/L","1","0.00","0.00","1","42.00","0.00","32049.jpg","1","332"
"1302","2","32207","Смокиг Зайче","Fever Tux Costume","<div>Карнавален, дамски костюм, съдържащ:&nbsp;костюм и ушички.</div>","Tuxedo Jacket and Bunny Ears.","XS/S","0","0.00","0.00","1","45.00","0.00","32107.jpg","1","199"
"1303","4","32441","Пиратската принцеса","Pirate Skull and Crossbones Girl Costume","Карнвален, детски костюм, съдържащ: рокля и кърпа за глава.","Dress and Headscarf","M","1","0.00","0.00","1","23.00","0.00","32341.jpg","1","116"
"1304","3","32994","Страшния Шапкар","Bad Hatter Costume","Карнавален, мъжки костюм, включващ: жакет, панталон, шапка с коса, риза, маска и ръкавици.","Jacket, Trousers, Hat With Hair, Shirt, Mask, Shoe Covers and Gloves.","M/L","0","0.00","0.00","1","55.00","0.00","32894.jpg","1","83"
"1305","2","33831","Чаровната Снежанка","Fever Boutique Snow Princess Costume","Карнавален, дамски костюм, съдържащ: рокля, корсет, наметка, ръкави и диадема.","Dress With Mock Corset, Cape, Sleeves and Headband.","S/M","1","0.00","0.00","1","45.00","0.00","33731.jpg","1","329"
"1306","2","33832","Малката Русалката","Fever Little Mermaid Costume","Карнавален, дамски костюм, съдържащ: ефектна рокля в синьо.","Blue, Dress.","XS/S","1","0.00","0.00","1","43.00","0.00","33732.jpg","1","502"
"1307","2","34154","Зайче","Fever Bunny Costume","Карнавален, дамски костюм, съдържащ: гащеризон с опашка и ушички.","<div>Black, With Jumpsuit, Tail and Ears On Headband.</div>","S/M","1","0.00","0.00","1","37.00","0.00","34054.jpg","1","501"
"1308","2","35138","Феята на Пеперудите","Fever Boutique Fairy Costume","Карнавален, дамски костюм, съдържащ: рокля и крилца.","With Dress and Wings.","XS/S","1","0.00","0.00","1","47.00","0.00","35038.jpg","1","288"
"1309","2","35140","Вълшебницата","Boutique Princess Costume","Карнавален, дамски костюм, съдържащ: рокля, корсет, приказна шапка с воали и ръкави.","Includes: Dress, Corset with overdress, Stockings, Hat and Sleeves.","S/M","1","0.00","0.00","1","47.00","0.00","35040.jpg","1","478"
"1310","2","36273","Приказната Кралица","Fever Boutique Queen Of Hearts Costume","Карнавален, дамски костюм, съдържащ: рокля, корсет, яка, ръкавели и коронка.","&nbsp;Dress, Corset With Overskirt, Collar, Gloves, Sleeves and Headband.","S/M/L","1","0.00","0.00","1","55.00","0.00","36173.jpg","1","352"
"1311","2","36407","Изкусителката","Fever Ringmaster Costume","Карнавален, дамски костюм, съдържащ: рокля с вгъден корсет, бижу и шапчица.","With Dress, Choker and Hat On Headband.","S/M","1","0.00","0.00","1","35.00","0.00","36307.jpg","1","372"
"1312","4","36428","Каубойката","Cowgirl Sweetie Costume","Карнвален, детски костюм, съдържащ: рокля, жилетка, шалче, колан и каубойска шапка.","Dress, Vest, Scarf, Belt and Hat.","M","1","0.00","0.00","1","25.00","0.00","36328.jpg","1","115"
"1313","3","38918","Военноморски офицер","Navy Officer Costume","Карнавален, мъжки костюм, включващ: горно, панталон, предна част на риза и военноморска шапка.","Male, Black, Jacket, Trousers, Mock Shirt and Hat.","M/L","1","0.00","0.00","1","50.00","0.00","38818.jpg","1","178"
"1314","2","39951","Калинката на щастието","Fever Ladybug Fairy Costume","Карнавален, дамски костюм, съдържащ: рокля с воланчета, крилца на калинка и антенки за косата.","With Tutu Dress, Wings and Headpiece.","XS/S","1","0.00","0.00","1","45.00","0.00","39851.jpg","1","219"
"1315","2","1153","Прелестната Пепеляшка","Enchanting Princess","Карнавален, дамски костюм от делукс серията, включващ: уникална, сатенена, дълга рокля с красива щампа, дълги бели ръкавици, бижу и корона.","Full-length satin and brocade ball gown with attached peplum, hoop petticoat, long white gloves, jeweled choker and sequined tiara.","S/M","0","0.00","0.00","1","87.00","0.00","1053.jpg","1","72"
"1316","3","1154a","Чаровният Принц","Prince Charming","Карнавален, делукс, мъжки костюм, съдържащ: жакет с пагони, жакардов шарф, колан и медал.","Military style jacket with attached epaulets, slacks, jacquard sash, military belt and medal.","M/L","0","0.00","0.00","1","69.00","0.00","1054a.jpg","1","173"
"1317","2","1180","Източна Императрица","Far East Empress","<div>Карнавален, дамски, делукс костюм, който съдържа: Дълго, бродирано кимоно от сатен, пояс и цвете за косата.</div>","Full length satin embroidered gown, waist sash, flower headpiece.","M/L","0","0.00","0.00","1","65.00","0.00","1080.jpg","1","145"
"1318","3","1186","Капитанът на Океана","Captain Skullduggery","Карнавален, мъжки костюм от делукс серията, който включва: дълго манто с ефектни копчета, богато орнаментирана жилетка, пояс, колан, пиратска шапка и имитация на ботуши. Един от най-ефектните пирати по нашите земи.","Long coat with trim and button accents, rich brocade vest, dickie, waist sash, belt, hat with bandanna and boot covers. (Eyepatch, earring and pants not included).","M/L","1","0.00","0.00","1","80.00","0.00","1086.jpg","1","60"
"1319","3","1182","Вампира от Версай","Vampire of Versailles","<div>Карнавален, делукс, мъжки костюм, включващ: дълго, кадифено манто, жилетка с ефектна щампа, шапка и имитация на ботуши. Много харесван костюм за Halloween.</div>","Long velvet coat with attached capelet and lace sleeves, brocade vest with attached dickie, hat and boot covers. (Pants, walking cane and makeup not included).","M/L","0","0.00","0.00","1","75.00","0.00","1082.jpg","1","177"
"1320","19","6101","Малкото зайче","Lil’ Bunny","Карнавален, детски костюм, съдържащ: мек гащеризон с прикачена опашчица, шапчица с ушички, обувчици във вид на лапички и плушена играчка морков.","Lined zippered bodysuit with leg snaps for easy diaper change, attached tail, hood with floppy bunny ears, slip-on booties with skid resistant bottoms, plus soft toy carrot. (Booties are for indoor use only).","Toddler","0","0.00","0.00","1","28.00","0.00","6001.jpg","1","19"
"1321","3","11109","Благородния Крал","Noble Knight","Карнавален, мъжки костюм, съдържащ: туника с ефектна щампа и ръкави, колан и имитация на ботуши.","Tunic with attached sleeves, belt, and boot covers. (Toy sword and pants not included).","M/L","0","0.00","0.00","1","58.00","0.00","11009.jpg","1","176"
"1322","2","11113","Средновековната принцеса","Renaissance Maiden","<div>Карнавален, дамски костюм, съдържащ: дълга рокля от кадифе с златни ширити и украшение за косата с воал.</div>","Full length gown and headpiece with drape.","M/L","0","0.00","0.00","1","65.00","0.00","11013.jpg","1","7"
"1323","3","96101","Зловещия вампир","Vampire B. Slayed","<div>Мъжки, карнавален, костюм от делукс серията, съдржащ: Наметало, жилетка с прикачен, реалистичен кол в сърцето и медальон.</div>","Cape, vest overlay, top with attached realistic vinyl stake and ascot with medallion (Pants and fake blood on mouth and hand not included).","M/L","1","0.00","0.00","1","50.00","0.00","96001.jpg","1","175"
"1324","3","96105","Чаровния Скелет","Skeleton Groom","Карнавален, мъжки, делукс костюм, съдржащ: смокинг с кости, жилетка, шапка и папионка. Като допълнителни аксесоари можем да ви предложим бели ръкавици. Това е един перфектен костюм за Хелоуин.","Jacket, vest, hat and collar with bow tie (Pants, gloves and make up not included).","M/L","1","0.00","0.00","1","55.00","0.00","96005.jpg","1","174"
"1325","2","14127","Пиратското момиче","Pirate Babe","<div>Дамски, карнавален костюм, от делукс серията, съдържащ: рокля с прикачена кърпа,</div>
<div>колан и кърпа за главата.</div>","Dress with attached hip scarf, belt and head scarf. (Fishnet stockings not included).","S/M","0","0.00","0.00","1","49.00","0.00","14027.jpg","1","218"
"1326","2","14130","Вуду Жрицата","Voodoo Vixen","Карнавален, дамски костюм от делукс серията, съдържащ: ефектна рокля с черепи, ръкавели, горна пола и &nbsp;невероятна корона.","Dress, arm cuffs, overskirt and headpiece. (Voodoo doll and choker not included).","S/M","1","0.00","0.00","1","47.00","0.00","14030.jpg","1","217"
"1327","17","17115","Върколака","Werewolf","<div>Карнавален, детски костюм от делукс серията, съдържащ: ефектна маска, разкъсана риза с ралистични рисунки, космати ръкавици без пръсти.</div>","Vinyl chinless mask, shirt with realistic graphic and fingerless gloves. (Torn jeans and make up not included).","M; L","0","0.00","0.00","1","29.00","0.00","17015.jpg","1","158"
"1328","17","92108","Тъмният Нинжа","Dark Zombie Ninja","Детски, карнавален, делукс костюм, съдържащ: ризница, горно с качулка, панталон, маска с кървава нинжа звезда и колан.","Tabard, shirt with attached hood, pants, fabric mask with attached sculpted bloody ninja star, and belt tie. (Toy weapon, makeup and socks not included).","M, L","0","0.00","0.00","1","29.00","0.00","92008.jpg","1","178"
"1329","2","1183","Венецианската Контеса","Vampiress of Versailles","Дамски, карнавален, делукс костюм, съдържан: изумителна дълга рокля от сатен и дантела, фуста и яка с брошка.","Full length ball gown finished with bat bow accents, full structured petticoat and vampiress choker collar with skull cameo. (Vampire teeth not included).","S/M","1","0.00","0.00","1","85.00","0.00","1083.jpg","1","11"
"1330","2","20144","Шампионка","Fever Pop Police Costume","Дамски карнавален костюм, съдържащ: гащеризон и шапка.","With Jumpsuit and Hat.","XS/S","1","0.00","0.00","1","35.00","0.00","20044.jpg","1","216"
"1331","2","20222","Перлената Бурлеска","Fever Feather Burlesque Costume","Дамски карнавален костюм, съдържащ: корсет с перли и ресни, може да се добави дълга или къса пола.","With Corset Dress.","M/L","0","0.00","0.00","1","43.00","0.00","20122.jpg","1","299"
"1332","2","25897","Лейди Пират","Pirate Lady Costume ","Дамски карнавален костюм, съдържащ: рокля с колан и кърпа.","<div>With Headpiece, With Dress.</div>","M/L","0","0.00","0.00","1","29.00","0.00","25797.jpg","1","215"
"1333","2","26133","Пиратката","Fever Pirate Costume","Дамски карнавален костюм, съдържащ: рокля и шапка.","With Hat, With Dress.","S/M","1","0.00","0.00","1","29.00","0.00","26033_a1.jpg","1","214"
"1334","2","30736","Чаровната Скарлет","Rebel Toons Bo-Peep Costume","Дамски карнавален костюм, съдържащ: Рокля, ръкавки и боне.","With Dress, Pull On Sleeves, Bonnet and Staff.","S/M","1","0.00","0.00","1","43.00","0.00","30636.jpg","1","213"
"1335","2","32462","Секси Джокер","Fever Harlequeen Harlot Costume","Дамски карнавален костюм, съдържащ: Гащеризон, шапка и яка.","With Catsuit, Hat and Neckpiece.","S/M","0","0.00","0.00","1","37.00","0.00","L32362.jpg","1","465"
"1336","2","36382","Вещицата от Бруклин","Wicked Bitch Costume","Дамски карнавален костюм, съдържащ: Вещерска рокля, шапка и ръкавици.","<div>With Dress, Hat and Gloves.</div>","XS/S","0","0.00","0.00","1","39.00","0.00","36282.jpg","1","212"
"1337","2","38640","Супер Мацка","Fever Hero Hottie Costume","Дамски карнавален костюм, съдържащ: рокля и наметка.","With Cape, With Dress.","S/M","1","0.00","0.00","1","29.00","0.00","38540.jpg","0","211"
"1338","2","39067","Супер Уличен Боец","Chun-Li Costume","Дамски карнавален костюм, съдържащ: Рокля, гривни за ръцете, клин и украшения за косата.","Super Street Fighter Iv, Dress, Wristcuffs, Leggings and Hair Bun Covers.","M/L","0","0.00","0.00","1","43.00","0.00","38967.jpg","1","269"
"1339","2","38785","Готиния Скелет","Adult size fancy dress costume","Дамски карнавален костюм, съдържащ: Гащеризон с шампа.","Not for children. Dyes may not be colourfast. Warning! Keep away from fire.","S/M","0","0.00","0.00","1","35.00","0.00","38685.jpg","1","116"
"1340","2","38967","Различната Бурлеска","Grotesque Burlesque Pin Up Costume","Дамски карнавален костюм, съдържащ:Корсет и пола.","With Corset and Skirt.","S/M","0","0.00","0.00","1","45.00","0.00","38867.jpg","1","210"
"1341","2","38988","Призрачната Пиратка","Ghost Ship Ghoulina Costume","Дамски карнавален костюм, съдържащ: Горно, пола, жакет и шапка.","With Top, Skirt, Jacket and Hat.","S/M","0","0.00","0.00","1","49.00","0.00","38888.jpg","1","118"
"1342","2","33121","Готическа Гейша","Gothic Geisha Woman Costume","Дамски карнавален костюм, съдържащ: Рокля и колан.","Dress With Attached Belt.","S/M","1","0.00","0.00","1","37.00","0.00","33021.jpg","1","209"
"1343","2","20786","Поп Звезда","Pop Starlet Costume","Дамски карнавален костюм, съдържащ: Панталон, жакет и шапка.","Red and Black, With Trousers, Jacket and Hat.","S/M","0","0.00","0.00","1","55.00","0.00","20686.jpg","1","208"
"1344","2","21436","Готиното Котенце","Fever Cute Kitty Costume","Дамски карнавален костюм, съдържащ: рокля, болеро и ушичи.","With Dress, Shrug and Headband.","S/M","0","0.00","0.00","1","39.00","0.00","21336.jpg","1","79"
"1345","3","35359","Военоморски Капитан","Navy Captain Costume","Мъжки карнавален костюм, съдържащ: Жакет, панталон и шапка.&nbsp;","With Jacket, Trousers and Hat.","M/L","0","0.00","0.00","1","37.00","0.00","35259.jpg","1","172"
"1346","3","38507","Тексаски Каубой","Texas Pete Costume","Мъжки карнавален костюм, съдържащ: горно с прикачена жилетка, колан, кобур, шал, панталон и брада.","With Top With Attached Waistcoat, Chaps, Belt and Holsters, Hat, Scarf, Spurs, Chin and Moustache.","M/L","0","0.00","0.00","1","33.00","0.00","38407.jpg","1","171"
"1347","3","30206","Здрав като пирон","Hard As Nails Costume","Мъжки, забавен, карнавален костюм.","Foam Bonded Bodysuit With Attached Medallion.","M/L","1","0.00","0.00","1","32.00","0.00","30106.jpg","1","170"
"1348","3","32159","Граф Дракула","Dracula Groom Costume","Мъжки карнавален костюм, съдържащ: жакет, шапка, жилетка и жабо.","Red, With Jacket, Hat and Waistcoat With Cravat.","M/L","0","0.00","0.00","1","49.00","0.00","32059.jpg","1","168"
"1349","3","29284","Зловещия Магьосник","Sadistic Sorcerer Costume","Мъжки карнавален костюм, съдържащ: роба, ефектна яка, маска с коса, колан и ръкавици.","With Robe, Belt Tie and Latex Mask With Hair, Latex Shoulder Piece and Gloves.","M/L","1","0.00","0.00","1","58.00","0.00","29184.jpg","1","166"
"1350","3","31179","Неустоимия Гангстер","Fever Gangster Costume","Мъжки карнавален костюм, съдържащ: сако, панталон и вратовръзка.","White, Jacket, Trousers and Tie.","M/L","0","0.00","0.00","1","55.00","0.00","31079.jpg","1","163"
"1351","17","34367","Смърф ","Boy Smurf Costume","Детски карнавален костюм, съдържащ: Горно, панталон и шапчица.&nbsp;","Blue, Includes Top, Trousers and Hat.","M/L","0","0.00","0.00","1","23.00","0.00","34267.jpg","1","118"
"1352","4","34375","Смърфиета","Girl Smurfette Costume","Детски карнавален костюм, съдържащ: рокличка и шапка.","Child, Blue, Includes Dress With Print and Hat.","S/M","0","0.00","0.00","1","23.00","0.00","34275.jpg","1","121"
"1353","17","36059","Кралят","Kiddy King Costume","Детски карнавален костюм, съдържащ: &nbsp;роба и корона.","With Robe and Crown.","M/L","0","0.00","0.00","1","16.00","0.00","35959.jpg","1","103"
"1354","4","21715","Малката магьосничка","Witch School Girl Costume","Детски карнавален костюм, съдържащ: горно, пола, шапка и наметка. <a style=""display:none;"" href=""https://www.goodpriceshoes.com"">best elevator shoes</a>","<div>Includes Jumper, Skirt, Hat and Cape.</div>","M/L","0","0.00","0.00","1","22.00","0.00","21615.jpg","1","109"
"1355","17","36261","Страшния Клоун","Scary Clown Costume","Детски карнавален костюм, съдържащ: горно, гащеризон, ръкавици, маска и обувки.&nbsp;","Child, Top, Trousers, Shoes, Mask and Gloves.","M/L","0","0.00","0.00","1","37.00","0.00","36161.jpg","1","165"
"1356","7","34766","Снежанка перука","Snowbite Wig, Black","&nbsp;","&nbsp;","-","1","0.00","0.00","1","14.00","0.00","34666.jpg","1","19"
"1357","7","35942","Зелена пунк перука","Groovy Punk Chick Wig, Green ","&nbsp;&nbsp;","&nbsp;&nbsp;","-","1","0.00","0.00","1","14.00","0.00","35842.jpg","1","18"
"1358","7","39181","Огнена Перука","Akuma Wig, Super Street Fighter Iv","&nbsp;","&nbsp;","-","1","0.00","0.00","1","13.00","0.00","39081.jpg","1","17"
"1359","7","23102","Перука Кралицата на разбитите сърца","Twisted Queen Of Broken Hearts Wig, Black","&nbsp;&nbsp;","&nbsp;&nbsp;","-","1","0.00","0.00","1","14.00","0.00","23002.jpg","1","15"
"1360","7","24903","Вампирска Перука","Vlad Wig, Short With 2 Streaks ","&nbsp;","&nbsp;","-","0","0.00","0.00","1","10.00","0.00","24803.jpg","1","14"
"1361","7","20396","Перука 80-те","80&#039;&#039;S Crimp Wig, Blonde, With Quiff ","&nbsp;&nbsp;","&nbsp;&nbsp;","-","1","0.00","0.00","1","17.00","0.00","20296.jpg","1","13"
"1362","7","38210","Гейша перука","Oriental Lady Wig, Black, Mid Length, With Chopsticks","&nbsp;&nbsp;","&nbsp;&nbsp;","-","1","0.00","0.00","1","16.00","0.00","38110.jpg","0","12"
"1363","7","39208","Троянска Перука с къдри","Ilithyia Wig, Blonde, With Curls","&nbsp;&nbsp;","&nbsp;&nbsp;","-","1","0.00","0.00","1","18.00","0.00","wig39108.jpg","1","11"
"1364","5","21769","Маска Обсебен Пират с коса","Haunted Swashbuckler Mask With Hair ","&nbsp;&nbsp;","&nbsp;&nbsp;","-","1","0.00","0.00","1","12.00","0.00","21669.jpg","1","19"
"1365","6","25367","Пиратска триъгълна Шапка с перо","Pirate Tricorn Hat, Black, With Studs","&nbsp;","&nbsp;","-","1","0.00","0.00","1","12.00","0.00","25267.jpg","1","9"
"1366","5","37287"," Маска Чаровната Мумия","Skull Mummy Mask, With Hair, Full Overhead, Latex","&nbsp;&nbsp;","&nbsp;&nbsp;","-","1","0.00","0.00","1","11.00","0.00","37187.jpg","1","18"
"1367","8","25415","Бурлеска маска и шапчица","Grotesque Burlesque Hat and Eyemask Set","text","<div>Striped, Red and Black, With Feather.</div>","-","1","0.00","0.00","1","18.00","0.00","25315.jpg","1","5"
"1368","2","558","Баронесата в розово","Pink Baroness Carnival Costume"," Карнавален, дамски костюм от делукс серията, съдържащ: рокля с тюл и дантела и фуста за обем. Като допълнителен аксесоар може да се добавят - петуката и чадърчето.    ","  dress and underskirt.   ","S/M","1","0.00","0.00","1","85.00","0.00","Untitled-43.jpg","1","346"
"1369","2","30413D","Прекрасната Барок Лейди","Wonderful Barok Lady Deluxe Costume"," <div>Карнавален, дамски костюм от делукс серията, съдържащ: рокля, горна пола,</div>
<div>корсет, ръкавели, тюлена пола. Перфектното допълнение към костюма е маската и перуката.</div>   "," Dress, top skirt, corset, sleeves, underskirt.   ","S/M","1","0.00","0.00","1","110.00","0.00","Untitled-42.jpg","1","343"
"1370","2","560","Принцеса Бел","Princess Belle Female Deluxe Carnival Costume"," Карнавален, дамски костюм от делукс серията, съдържащ: дантелен корсет, тюлена пола, горна пола и фуста с обръч.   "," top, skirt, corset, underskirt.   ","S","1","0.00","0.00","1","89.00","0.00","Untitled-41.jpg","1","374"
"1371","2","561"," Ренесансова Принцеса в златисто","Renaissance Princess Female Carnival Costume","Карнавален, дамски костюм от делукс серията, съдържащ: дълга рокля от кадифе и дантела и дантелен воал за косата.","dress and headpiece.","S/M","0","0.00","0.00","1","55.00","0.00","Untitled-40.jpg","1","207"
"1372","2","562","Приказната Малвина","Fairytale Malvina Female Deluxe Carnival Costume","Карнавален, дамски костюм от делукс серията, съдържащ: прекрасна, синя рокля с дантела и тюл и фустичка.","dress and underscurt.","S","1","0.00","0.00","1","89.00","0.00","Untitled-39.jpg","1","206"
"1373","2","563","Готова за танци","Ready for Dancing Costume","Карнавален, дамски костюм от делукс серията, съдържащ: ефектна рокля с ресни и камъни.","Dress","S","0","0.00","0.00","1","45.00","0.00","Untitled-38.jpg","1","121"
"1374","2","564","Ангел от Рая","Angel from Heaven Famele Costume","Карнавален, дамски костюм от делукс серията, съдържащ: сатенена рокличка, ореолче и крилца.","dress, headpiece and wings.","S","0","0.00","0.00","1","47.00","0.00","Untitled-37.jpg","1","205"
"1375","2","565","Главатарката","Pirate Chief Female Carnival Costume"," Карнавален, дамски костюм от делукс серията, съдържащ: горно с вградена риза и пола.   "," top, skurt.   ","M/L","1","0.00","0.00","1","37.00","0.00","Untitled-36.jpg","1","430"
"1376","2","566","Морската Бандитка","The Sea Bandit  Female Carnival Costume","Карнавален, дамски костюм от делукс серията, съдържащ: рокля с вградена фустичка и ръкавели.","dress and sleeves.","S/M","0","0.00","0.00","1","45.00","0.00","Untitled-35.jpg","1","204"
"1377","2","567","Красивата Главорезка","Beautiful Swashbuckler Female Carnival Costume","Карнавален, дамски костюм от делукс серията, съдържащ: рокля с вградена фустичка и черепчета, ръкавчета с черепчета.","dress and sleeves.","S/M","1","0.00","0.00","1","45.00","0.00","Untitled-34.jpg","1","419"
"1378","2","568","Вуду - Красавица","Voodoo Beauty Female Carnival Costume","Карнавален, дамски костюм от делукс серията, съдържащ: атрактивна рокля с вградена фустичка и ръкавчета.","dress and sleeves.","S/M","1","0.00","0.00","1","45.00","0.00","Untitled-33.jpg","1","334"
"1379","2","33843D","Дама Пика 1","The Queen of Spades  Female Carnival Costume"," Карнавален, дамски костюм от делукс серията, съдържащ: рокля, ръкавици, яка и  долна пола.   "," dress, long skirt, hat and collar.   ","S/M","1","0.00","0.00","1","85.00","0.00","Untitled-32.jpg","1","371"
"1380","2","36273D","Приказната Кралица 1","Fairytale Queen Female Costume:","Карнавален, дамски костюм от делукс серията, съдържащ: рокля, горна част, пола с фуста, ръкавели и корона.","dress, sleeves, corset with collar, headpiece, long skirt.","M/L","1","0.00","0.00","1","89.00","0.00","Untitled-31.jpg","1","341"
"1381","2","35528D","Бароков Чар 1","Charming Baroque Beauty Female Costume:","&nbsp;Карнавален, дамски костюм от делукс серията, съдържащ: рокля, корсет, пола с фуста, ръкавели.","dress, sleeves, corset, long skirt.","S/M","1","0.00","0.00","1","85.00","0.00","Untitled-30.jpg","1","200"
"1382","2","20233А","Бурлеска 1","Burlesque Famele Halloween Costume"," Карнавален, дамски костюм от делукс серията, съдържащ: рокля от кадифе и сатен и тюлена фустичка.   "," dress with corset and underskirt.   ","S/M","1","0.00","0.00","1","52.00","0.00","Untitled-29.jpg","1","438"
"1383","2","20233B","Страшния Дявол","Scary Devil  Female Costume","Карнавален, дамски костюм от делукс серията, съдържащ: &nbsp;рокля от кадифе и сатен и фустичка и рогца. Перфектния костюм за Хелоуин парти. Може да се добави и тризъбец като аксесоар.","&nbsp;dress with corset, horns and underskirt.","S/M","1","0.00","0.00","1","54.00","0.00","Untitled-28.jpg","1","517"
"1384","2","20233D","Бурлеска 2","Burlesque 2 Female Costume","Карнавален, дамски костюм от делукс серията, съдържащ: корсет от кадифе, пола с обръч и щапчица.&nbsp;","dress with corset and &nbsp;long underskirt.","S/M","1","0.00","0.00","1","84.00","0.00","Untitled-27.jpg","1","298"
"1385","2","575","Приказния Ангел","Dark Angel  Female Costume","Карнавален, дамски костюм от делукс серията, съдържащ: Елегантна, пищна рокля с дантела и кадифе, фуста с обръч и черни крила.&nbsp;","dress, underskirt and wings.","S/M","1","0.00","0.00","1","79.00","0.00","Untitled-26.jpg","1","203"
"1386","2","34128D","Барок 1","Baroque 1  Female Costume","Карнавален, дамски костюм от делукс серията, съдържащ: Сатенена Бароклва рокля, фуста с обръч. Прекрасно допълнение е венецианската маска от снимката. Перфектния костюм за един изискан карнавал.","dress and underscirt.","S/M","0","0.00","0.00","1","79.00","0.00","Untitled-25.jpg","1","94"
"1387","2","577","Специалистката на магии","Magic Specialist  Female Costume","Карнавален, дамски костюм от делукс серията, съдържащ: ефектна рокля &nbsp;с пайети и карнавална, вещерска шапка. Перфектното допълнение за по-удобен транспорт е метлата автоматик.","dress and hat.","S","1","0.00","0.00","1","57.00","0.00","Untitled-24.jpg","1","323"
"1388","2","578","Дамата в черно","The Lady in Black  Female Costume","Карнавален, дамски костюм от делукс серията, съдържащ: кадифена рокля и боа от пух.&nbsp;","dress with boa.","S","1","0.00","0.00","1","47.00","0.00","Untitled-23.jpg","1","552"
"1389","2","579","Хелоуинската магьосница","Halloween Enchantress Costume","Карнавален, дамски костюм от делукс серията, съдържащ: кoкетна рокличка и вещерска шапка с коса.&nbsp;","dress and hat.","S","1","0.00","0.00","1","43.00","0.00","Untitled-22.jpg","1","359"
"1390","2","580","Загадъчната Вещерка","Mystic Witch Costume","Карнавален, дамски костюм от делукс серията, съдържащ: ефектна рокля, наметка и вещерска шапка с паяче.","dress, cape and hat.","S","1","0.00","0.00","1","69.00","0.00","Untitled-21.jpg","1","472"
"1391","2","580A","Кабаретната Красавица","Cabaret Beauty Costume"," Карнавален, дамски костюм от делукс серията, съдържащ: ефектна рокля, черна боа с пера.   "," dress and boa.    ","S","1","0.00","0.00","1","47.00","0.00","Untitled-20.jpg","1","402"
"1392","2","581"," Неустоимата Круела Де Вил","The Outstanding Cruella De Vil Famele Halloween Costume","Карнавален, дамски костюм от делукс серията, съдържащ: уникален корсет, пола от екастичен сатен, боа в черно и бяло и ръкавици. Ако искате да бъдете стилна, елегантна и неустойма, това е перфектния ви избор.","corset with collar, skirt, boa.","S/M","0","0.00","0.00","1","120.00","0.00","Untitled-19.jpg","1","410"
"1393","2","582","Изисканата дама","Classy Lady Costume","Карнавален, дамски костюм от делукс серията, съдържащ: ефектна рокля, тюлена фустичка и домино. За допълване на визията можете да добавите и атрактивна перука.","dress and underskirt.","S","0","0.00","0.00","1","47.00","0.00","Untitled-18.jpg","1","494"
"1394","2","583","Огнената Дяволица","Diabolic Lady Famele Halloween Costume","Карнавален, дамски костюм от делукс серията, съдържащ: рокля с ресни, чени крила и дяволски рога.","dress, wings and &nbsp;devil horns.","XS/S","0","0.00","0.00","1","39.00","0.00","Untitled-17.jpg","1","201"
"1395","2","584","Елегантната Танцьорка","Elegant Dancer Costume"," Карнавален, дамски костюм от делукс серията, съдържащ: дълга, сценична рокля от сатен с камъни.   "," dress   ","S","1","0.00","0.00","1","47.00","0.00","Untitled-16.jpg","1","404"
"1396","2","585","Дамата в Червено","The Lady in Red Costume"," Карнавален, дамски костюм от делукс серията, съдържащ: дълга, червена рокля и боа.   "," dress and boa.   ","S","1","0.00","0.00","1","39.00","0.00","Untitled-15.jpg","1","550"
"1397","2","586","Работливата Камелиерка","The Hardworking Maid Costume","Карнавален, дамски костюм от делукс серията, съдържащ: Карнавална рокля, престилка и диадема за косата.","dress and heatpiece.","S/M","1","0.00","0.00","1","43.00","0.00","Untitled-14.jpg","1","449"
"1398","2","587","Чено-Бялата Кoкетка","Black &amp; White Coccet"," Карнавален, дамски костюм от делукс серията, съдържащ: рокля с панделки, фустичка с волани и шапчица.   "," dress, underskirt and hat.   ","S/M","1","0.00","0.00","1","45.00","0.00","Untitled-13.jpg","1","450"
"1399","2","588","Готината Затворничка","The Fun Inmate Costume","Карнавален, дамски костюм от делукс серията, съдържащ: Карнавална рокля и затборническа шапка.","&nbsp;dress and hat.","S/M","0","0.00","0.00","1","45.00","0.00","Untitled-12.jpg","1","226"
"1400","2","589"," Секси Затворничката","Sexy Inmate Costume","Карнавален, дамски костюм от делукс серията, съдържащ: карнавална рокля и затворническа шапка. За цялостен завършек може да се добавят белезници и топус.","dress and hat.","S/M","0","0.00","0.00","1","45.00","0.00","Untitled-11.jpg","1","312"
"1401","2","590","Затворничката - Полицайка","Inmate or Cop? Famele Halloween Costume","Карнавален, дамски костюм от делукс серията, съдържащ: карнавална рокля, половината, от която е затворничка, другата половина е полицайка и шапка.","dress and hat.","S/M","1","0.00","0.00","1","45.00","0.00","Untitled-10.jpg","1","313"
"1402","2","591","Златната Вещерка","Wicked Witch Costume","Карнавален, дамски костюм от делукс серията, съдържащ: рокля и вещерска шапка.","dress and hat.","S","1","0.00","0.00","1","37.00","0.00","Untitled-9.jpg","1","360"
"1403","2","592","Дамата в Нощта","Lady in the Night Famele Halloween Costume","Карнавален, дамски костюм от делукс серията, съдържащ: кадифена, дълга наметка с качулка.","cape with hood.","S/M/L","0","0.00","0.00","1","27.00","0.00","Untitled-8.jpg","1","324"
"1404","2","593","Кралицата на танците","Dancing Queen Famele Halloween Costume","Карнавален, сщеничен, дамски костюм от делукс серията, съдържащ: еластична, сщенична рокля с камъни, ръкав, който преминава в ръкавица.","dress","S/M","0","0.00","0.00","1","45.00","0.00","Untitled-7.jpg","1","554"
"1405","2","594","Хелоуинската Балерина","Halloween Balletist "," Карнавален, дамски костюм от делукс серията, съдържащ: рокля и бижу за врата.   "," Famele Halloween Costume: dress and choker.   ","S","1","0.00","0.00","1","39.00","0.00","Untitled-6.jpg","1","413"
"1406","2","20423","Смирената Монахиня","The Hunble Nun Famele Halloween Costume"," Карнавален, дамски костюм, съдържащ: рокля, колан и кърпа за главата.   "," dress and headpiece.   ","M/L","1","0.00","0.00","1","23.00","0.00","Untitled-46.jpg","1","531"
"1407","2","2113a","Бяло-розово зайче","White and Pink Bunny Costume","Карнавален, дамски костюм, съдържащ: рокля и заешки ушички.","dress and ears.","XS/S","0","0.00","0.00","1","35.00","0.00","Untitled-45.jpg","1","546"
"1408","2","595","Господарката на съкровищата","Mistress of all Treasure Costume","Карнавален, дамски костюм от делукс серията, съдържащ: карнавална рокля и ръкавки.","dress and hat.&nbsp;","S/M","0","0.00","0.00","1","45.00","0.00","Untitled-44.jpg","1","427"
"1409","2","596","Горски дух","Nature Spirit Famele Halloween Costume"," Карнавален, дамски костюм от делукс серията, съдържащ: Гащеризон и маска.   "," union suit and mask.   ","S/M","1","0.00","0.00","1","39.00","0.00","Untitled-47.jpg","1","496"
"1410","2","597","Дивата принцеса","Wild Princess Costume"," Карнавален, дамски костюм от делукс серията, съдържащ: горно с пера, елементи с пера за ръцете, раменете, краката и косата, тюлена поличка.   "," top, skirt, sleeves, headpiece, bootcovers.   ","XS/S","1","0.00","0.00","1","45.00","0.00","Untitled-48.jpg","1","486"
"1411","2","598","Чаровния Дявол","The Charming Devil ","Карнавален, дамски костюм от делукс серията, съдържащ: кадифена рокля, черни крила и рога.","Famele Halloween Costume: dress, wings and horns.","XS/S","0","0.00","0.00","1","50.00","0.00","Untitled-49.jpg","1","523"
"1412","2","599","Магията на Хелоуин","The Magic of Halloween Costume","Карнавален, дамски костюм от делукс серията, съдържащ: кадифена рокля и шапка.","dress and hat.","XS/S","0","0.00","0.00","1","43.00","0.00","Untitled-50.jpg","1","322"
"1413","2","600","Дяволче в червено","Red Devil"," Карнавален, дамски костюм от делукс серията, съдържащ: рокля, ръкавели и рога.   "," Carnival costume: dress, sleeves and horns.   ","S/M","1","0.00","0.00","1","39.00","0.00","Untitled-51.jpg","1","519"
"1414","2","601","Хелоуинската Вещица","Tha Halloween Witch Costume","  Карнавален, дамски костюм от делукс серията, съдържащ: кадифена дълга рокля с пух и шапка с паяче.      ","  dress and witch hat.      ","M/L","1","0.00","0.00","1","37.00","0.00","Untitled-52.jpg","1","358"
"1415","5","616","Карнавална Маска с Коса","Mask with Hair","&nbsp;","&nbsp;&nbsp;","-","3","0.00","0.00","1","18.00","0.00","Untitled-4.jpg","1","83"
"1417","3","201431","Чарли Чаплин","SARLO (sexy And Trendy)","Мъжки, ретро костюм, съдържащ: горно, риза с папионка, панталон и шапка. Може да се добави бастунче, за да се завърши цялостната визия.","The costume consist of:tailcoat,shirt front with attached bow tie,trousers made of polyester 100%","M/L/XL","0","0.00","0.00","1","57.00","0.00","201331.jpg","1","161"
"1418","2","209221","Пират Лейди","CORSAIR LADY ","Дамски, пиратски костюм, съдържащ: рокля, шапка, колан и имитация на ботуши.","The costume consist of:dress,hat,belt,boot tops dress made of polyester 100% hat,belt and boot tops made of polyester 100%","M/L","1","0.00","0.00","1","39.00","0.00","209121.jpg","1","431"
"1419","3","209225","Магьосникът","WIZARD ","Карнавален, мъжки костюм, включващ: роба, магьосническа шапка, брада и перука.&nbsp;","The costume consist of:caftan,hat,beard &amp; wig made of polyester 100%","L/XL","0","0.00","0.00","1","55.00","0.00","209125.jpg","1","160"
"1420","3","209233","Папата на Рим","POPE OF ROME ","Карнавален, впечатляващ, мъжки делукс костюм, включващ: роба, наметало, шапка.","The costume consist of:robe,cape,miter dress made of polyester 100% cape and hat made of 80% velvet polyester and 20% lurex.","M/L/XL","1","0.00","0.00","1","55.00","0.00","209133.jpg","1","157"
"1421","3","209238","Смелия Тореадор","TORRERO ","Карнавален, мъжки делукс костюм, включващ: риза, жакет, панталон, наметка и колан.","The costume consist of:jacket,trousers,shirt,cape,belt costume made of polyester 100%","M/L","0","0.00","0.00","1","65.00","0.00","209138.jpg","1","159"
"1422","2","211302","Гореща Испанка","ANDALOUSIAN WOMAN ","Карнавален, висококачествен, фламенко костюм, който съдържа: кадифено сако, кадифена пола, риза и испанска шапка. Ветрилото може да се добави като един перфектен завършек на костюма.","The costume consist of:velvet jacket,velvet skirt,shirt,hat jacket and skirt made of polyester velvet 100% shirt and costume lining made of polyester 100% hat made of polyester 100%","L/XL","3","0.00","0.00","1","65.00","0.00","211202.jpg","0","195"
"1423","3","212301","Винету","APATSI LEADER ","Мъжки, индиански костюм, съдържащ: горно, панталон и лента с пера. Може се да се добави томахавка.","The costume consist of:jacket,trousers,hat with feathers made of polyester 100%","L/XL","0","0.00","0.00","1","45.00","0.00","212201.jpg","1","158"
"1424","3","212601","Свещенник","PRIEST ","Карнавален, мъжки костюм, съдържащ: роба, мантия, шапка, кръст.","The costume consist of:robe,hat,stole,cross made of polyester 100%","M/L","1","0.00","0.00","1","43.00","0.00","212501.jpg","0","156"
"1425","2","341219","Сценичен костюм","CHARLIE ","Съдържащ: фрак, предна част на риза с папионка, панталон. Перфектна визия за илюзионисти, танциори&hellip;","The costume consist of:tailcoat,shirt front with attached bow , trousers made of polyester 100%","M/L","0","0.00","0.00","1","45.00","0.00","341119.jpg","1","398"
"1426","3","342103","Безтрашния Джак","PIRATE ","Мъжки, карнавален костюм - делукс, съдържащ: панталон, риза, колан, шал, горно, кърпа и имитация на ботуши.","The costume consist of:trousers,shirt,vest,belt,neck scarf,headscarf,boot tops costume made of polyester 100% and boot tops made of synthetic leather polyurethane 100%","L/XL","0","0.00","0.00","1","55.00","0.00","342003.jpg","1","155"
"1427","3","342175","Мускетаря Арамис","MUSQETEER ","Мъжки, карнавален костюм - делукс, съдържащ: панталон, риза, наметало, шапка и имитация на ботуши. Към тази впечатляваща визия може да се добави сабя и перука по желание на клиента.","The costume consists of:shirt, hat, trousers,boots, cap made of polyester velvet 100% shirt of polyester 100% and boot tops made of polyurethane 100%. The hat feather is not included.","L/XL","0","0.00","0.00","1","75.00","0.00","342075.jpg","1","147"
"1428","3","342272","Мускетаря  Д&#039;&#039;&#039;&#039;Артанян","MUSCETEER ","Мъжки, карнавален костюм - делукс, съдържащ: панталон, риза, наметало, шапка и имитация на ботуши. За завършване на цялостната визия може да се добави перука и сабя.","The costume consists of: shirt,hat,trousers,cape,boots made of polyester velvet 100% shirt of polyester 100% and boot tops made of polyurethane 100%.&Tau;he feather is not included.","L/XL","0","0.00","0.00","1","75.00","0.00","342172.jpg","1","154"
"1429","3","342290","Войнът от Изток","CHINESSE WARIOR ","Мъжки, карнавален костюм, съдържащ: кимоно и препаска. Перфектен аксесоар е самурайски меч.","The costume consists of: kimono &nbsp;, apron.","M/L/XL","1","0.00","0.00","1","49.00","0.00","342190.jpg","1","153"
"1430","3","342304","Главнокомандващия","MASTER AND COMMANDER","Висококачествен, мъжки костюм, който включва: горно, риза, панталон и имитация на ботуши.","The costume consists of: jacket, shirt, trousers, boots.","L/XL","0","0.00","0.00","1","75.00","0.00","342204.jpg","1","58"
"1431","3","342306","Корсар","CORSAIR ","Висококачествен, карнавален, мъжки костюм, включващ: горно, жилетка, панталон, имитация на ботуши и жабо.","The costume consists of: jacket &nbsp;, vest , trousers &nbsp;, boots &nbsp;, jabot.","L/XL","0","0.00","0.00","1","75.00","0.00","342206.jpg","1","152"
"1432","3","342518","Доброто ченге","POLICE ","Мъжки, карнавален костюм, съдържащ: горно, панталон, колан и шапка.","The costume consist of:vest,trousers,belt,hat,made of polyester 100%.","L/XL","0","0.00","0.00","1","45.00","0.00","342418.jpg","1","149"
"1433","3","342540","Наполеон","NAPOLEON ","Карнавален, мъжки костюм, който съдържа: жакет, панталон, шапка, колан и лента. &nbsp;","The costume consist of:jacket,trousers,hat,sash,scarf,ribbon.made of polyester 100%","L/XL","0","0.00","0.00","1","75.00","0.00","342440.jpg","1","148"
"1434","3","502127","Храбрия Портос","MUSKETEER ","Мускетарски, висококачествен, мъжки костюм, които включва: &nbsp;риза, панталон, наметало, шапка и имитация на ботуши","The costume consists of:shirt, hat, trousers, cap,boots. made of polyester velvet 100% shirt of polyester 100% and boot tops made of polyurethane 100%. The feather is not included.","L/XL","3","0.00","0.00","1","75.00","0.00","502027.jpg","0","109"
"1435","3","512135","Отдадения на молитви","MONK ","Мъжки, карнавален костюм, съдържащ: роба с мантия. Можем да ви предложим и шапка &quot;втора кожа&quot; за перфектен завършък на визията.","The costume consist of:robe with mantle made of polyester 100%","M/L/XL","0","0.00","0.00","1","37.00","0.00","512035.jpg","1","146"
"1436","3","342278","Галът Обеликс","GAUL - Obelix","Забавен, филмов костюм, обичан от малки и големи. Костюмът съдържа: шапка, гащеризон и имитация на ботуши. Може да се добави перука и мустаци допълнително.","The costume consists of: hat &nbsp;, shirt , pants &nbsp;, shoe tops.","L/XL","0","0.00","0.00","1","45.00","0.00","342178.jpg","1","145"
"1437","3","342276","Астерикс","GAUL - Asterix","Любим, филмов, карнавален костюм, който включва: риза, панталон, шапка и имитация на обувки.","The costume consists of: hat &nbsp;, shirt , pants &nbsp;, shoe tops.","M/L","0","0.00","0.00","1","39.00","0.00","342176.jpg","1","144"
"1438","3","211601","Палач","HANGMAN ","Мъжки, карнавален костюм, съдържащ: горно, панталон, качулка и колан. Може да се добави и оръжие от разнообразния ни арсенал.","The costume consist of:blouse,trousers,hood,belt made of polyester 100%.","M/L/XL","0","0.00","0.00","1","45.00","0.00","211501.jpg","1","142"
"1439","2","341289","Индианското Момиче","INDIAN GIRL ","Карнавален, дамски костюм, който включва: рокля с индиански мотиви и лента за главата. Перфектен аксесоар може да бъде томахавка и индианска перука.","The costume consists of: dress, headpiece","M/L","0","0.00","0.00","1","45.00","0.00","341189.jpg","1","193"
"1440","3","342109","Наполеон Велики","NAPOLEON ","Исторически, висококачествен , карнавален костюм, който съдържа: мундир, жилетка, панталон, имитация на ботуши и шапка.","The costume consist of:jacket,trousers,vest,hat,boot tops costume made of wool 100% with lining of polyester and boot tops made of synthetic leather polyurethane 100%.","L/XL","0","0.00","0.00","1","75.00","0.00","342009.jpg","1","141"
"1441","3","342336","Цветен Клоун","CLOWN ","Мъжки, карнавален костюм - делукс, съдържащ: горно, жилетка, панталон, папионка и имитация на обувки.","The costume consists of: tuxedo &nbsp;, vest, trouser, bow tie ,shoes.","L/XL","1","0.00","0.00","1","59.00","0.00","342236.jpg","1","140"
"1442","2","212401","Момичето от Дивия Запад","COW GIRL ","Карнавален, дамски костюм, съдържащ: риза, пола, елек, имитация на ботуши, колан и шапка.","The costume consist of:skirt,shirt,vest,boot tops,belt,hat band made of 70% polyester 30% acrylic fur.","M/L","1","0.00","0.00","1","35.00","0.00","212301.jpg","1","194"
"1443","3","342296","Питър Пан","PETER ","Мъжки, карнавален костюм, съдържащ: риза, панталон, колан, шапка и имитация на обувки. Един прекрасен приказен и филмов герой.","The costume consists of: shirt, trousers, belt, hat, shoes.","M/L","1","0.00","0.00","1","45.00","0.00","342196.jpg","1","139"
"1444","4","885819","Тиквичката","Pumpkid","Детски, карнавален костюм за Хелоуин, съдържащ: гащеризон във формата на тиква и шапчица за главата.","<div>Contains:&nbsp;Romper, Headpiece.</div>","T","1","0.00","0.00","1","23.00","0.00","885719.jpg","1","112"
"1445","19","81309","Усмихнатата тиквичка","Lil&#039;&#039;&#039;&#039;&#039;&#039;&#039;&#039;&#039;&#039;&#039;&#039;&#039;&#039;&#039;&#039;&#039;&#039;&#039;&#039;&#039;&#039;&#039;&#039;&#039;&#039;&#039;&#039;&#039;&#039;&#039;&#039;&#039","Карнавален, детски, хелоуински костюм, който включва: гащеризонче с гумени подметки и шапчица.","<div>Contains:&nbsp;Headpiece and romper with nonskid soles.</div>","T","0","0.00","0.00","1","25.00","0.00","81209.jpg","1","9"
"1446","19","885295","Пиленце","Chickie","Карнавален, бебешки, костюм, който съдържа: гащеризон, шапчица и дрънкалка.","<div>Contains:&nbsp;Romper, hood and corn rattle.</div>","6 - 12 m.","1","0.00","0.00","1","22.00","0.00","885195.jpg","0","18"
"1447","17","885223","Тигър","Tiger","Детски, карнавален костюм, включващ: гащеризон с опашка, тигрова шапка и лапички.","<div>Contains:&nbsp;Jumpsuit with tail, headpiece and mittens.</div>","S","0","0.00","0.00","1","29.00","0.00","885123.jpg","1","125"
"1448","19","881621","Цвете","Pink Pansy","Бебешки, карнавален, прекрасен костюм, съдържащ: гащеризонче и шапчица.","<div>Contains:&nbsp;Romper &amp; Headpiece.</div>","12 - 18 m.","0","0.00","0.00","1","23.00","0.00","881521.jpg","1","1"
"1449","4","884837","Пъстрата Магьосница","Orange Witch","Карнавален, детски костюм, сътоящ се от: цветна рокля, бижу и вещерска шапка. Прекрасно допълнение може да бъде вещерска метла <a style=""display:none;"" href=""http://www.bagsonly.net"">www.bagsonly.net</a>.","<div>Contains:&nbsp;Dress, Necklace &amp; Hat.</div>","M","1","0.00","0.00","1","27.00","0.00","884737.jpg","1","91"
"1450","4","881309","Готиното скелетче","Bones","&nbsp;Карнавален, детски костюм, съдържащ: уникална рокля, панталонче, ръкавици и шапчица. Прекрасен тоалет за Хелоуин и други празници. <a style=""display:none;"" href=""https://www.justcheapshoes.com"">height shoes</a>","<div>Contains:&nbsp;Dress, Pantaloons, Glovelets &amp; Hat.</div>","S/M","0","0.00","0.00","1","35.00","0.00","881209.jpg","1","69"
"1451","4","881327","Принцеса - Тиквичка","Pumpkin Princess","Карнавален, детски костюм, сътоящ се от: цветна рокля и диадема. <a style=""display:none;"" href=""https://www.bestshoesites.com"">height shoes</a>","<div>Contains:&nbsp;Dress &amp; Headpiece.</div>","T","0","0.00","0.00","1","35.00","0.00","881227.jpg","0","70"
"1452","4","881613","Сладкото дяволче","Deviled Cutie","Карнавален, детски костюм, съдържащ: боди с поличка, рогца, крилца и жезъл. <a style=""display:none;"" href=""http://www.bagshopsite.com"">www.bagshopsite.com</a>","<div>Contains:&nbsp;Leotard w/tutu, Horns, Wings &amp; Devil Wand.</div>","T","1","0.00","0.00","1","23.00","0.00","881513.jpg","1","82"
"1453","4","883765","Пеперуда","Monarch Butterfly","Карнавален, детски, цветен костюм, сътоящ се от: рокля, крилца, диадема и имитация на обувки.","<div>Contains:&nbsp;dress, wings, headpiece, &amp; leg pieces.</div>","S","1","0.00","0.00","1","27.00","0.00","883665.jpg","1","110"
"1454","4","885389"," Пчеличка","Bumblebee","Карнавален, детски костюм, сътоящ се от: крила, боди с поличка и пръчица. <a style=""display:none;"" href=""http://www.bagshopsite.com"">Replica Miu Miu Handbags</a>","<div>Contains:&nbsp;Wings, wand, leotard w/tutu, shoe puffs.</div>","S","0","0.00","0.00","1","25.00","0.00","885289.jpg","1","32"
"1455","4","885764","Бонбонената фея","Candy Corn Witch","Карнавален, детски костюм за Хелоуин, съдържащ: рокличка , шапка и симпатична чантичка за събиране на бонбони. <a style=""display:none;"" href=""https://www.goodpriceshoes.com"">elevator dress shoes</a>","<div>Contains:&nbsp;dress, hat &amp; TOT sac.</div>","T","1","0.00","0.00","1","25.00","0.00","885664.jpg","1","108"
"1456","19","885274","Синя фея","Blue Fairy Tutu","Детски, карнавален костюм, който съдържа: рокля с релефни цветя и диадема.","<div>Contains:&nbsp;Dress, headband and diaper cover.</div>","T","0","0.00","0.00","1","19.00","0.00","885174.jpg","1","13"
"1457","17","884884","3D Скелетче","Skeleton Child Costume","Детски, страшен, карнавален костюм, съдържащ: гащеризон и качулка с прикачена маска.","Jumpsuit with 3D printed skeleton and hood with attached mask.","S/L","0","0.00","0.00","1","23.00","0.00","884784.jpg","1","168"
"1458","17","881219","Страховитото зомби","Haunted Skeleton","Карнавален, детски костюм, състоящ се от: роба и впечатляваща маска.","<div>Contains:&nbsp;Hooded robe with printed mesh mask.</div>","M","0","0.00","0.00","1","23.00","0.00","881119.jpg","1","154"
"1459","4","881122","Усмихнатия призрак","Smiley The Ghost","Карнавален, детски костюм, подходящ за Хелоуин, който съдържа: маска, роба с качулка и ръкавици.","<div>Contains:&nbsp;Deluxe quality injection molded mask, full cut hooded robe and gloves.</div>","S","1","0.00","0.00","1","19.00","0.00","881022.jpg","0","107"
"1460","17","881131","Плашещия скелет","Scary Skeleton","Детски, карнавален костюм, включващ: маска, роба, колан и ръкавици.","<div>Contains:&nbsp;Mask, hooded robe, waist sash and gloves.</div>","L","0","0.00","0.00","1","23.00","0.00","881031.jpg","1","173"
"1461","17","886896","Зеленото Извънземно","Green Alien","Карнавален, ефектен, детски костюм, сътоящ се от: роба с качулка и маска.","<div>Contains:&nbsp;Hooded Robe &amp; Mask.</div>","M","0","0.00","0.00","1","25.00","0.00","886796.jpg","1","182"
"1462","17","881542","Червения дявол","Blk w/ Red Devil Robe","Карнавален, дяволски, детски костюм, съдържащ: роба с качулка.","<div>Contains:&nbsp;Hooded Robe.</div>","S","0","0.00","0.00","1","19.00","0.00","881442.jpg","1","175"
"1463","17","881541","Черния дявол","Devil Robe","Карнавален, детски костюм, съдържащ: роба с изпринтен дявол и качулка.","<div>Contains:&nbsp;Hooded Robe.</div>","L","0","0.00","0.00","1","19.00","0.00","881441.jpg","1","177"
"1464","4","886708","Парти Клоун","Party Clown","Карнавален, забавен, детски костюм, който вкючва: шарен гащеризон и клоунска шапка.","<div>Contains:&nbsp;Jumpsuit &amp; Hat.</div>","S","1","0.00","0.00","1","23.00","0.00","886608.jpg","1","102"
"1465","4","884663","Принцесата на океана","Princess Of the Seas","Карнавален, пиратски, детски костюм, съдържащ: горно с колан, пола и пиратска шапка. Сабята може да е перфектно допълнение. <a style=""display:none;"" href=""https://www.bestshoesites.com"">www.bestshoesites.com</a>","<div>Contains:&nbsp;Shirt with attatched belt, skirt and hat.</div>","S/L","0","0.00","0.00","1","29.00","0.00","884563.jpg","1","61"
"1466","4","884983","Сияещата Магьосница","Radiant Witch","Детски, карнавален, делукс костюм, включващ: ефектна рокля и вещерска шапка. <a style=""display:none;"" href=""https://www.poplifeshoes.com"">elevator dress shoes</a>","<div>Contains:&nbsp;Dress &amp; hat.</div>","S/L","0","0.00","0.00","1","35.00","0.00","884883.jpg","1","72"
"1467","4","881473","Прекрасната Снежанка","Enchanted Princess","Детски, карнавален, делукс костюм, включващ: красива рокля и диадема. <a style=""display:none;"" href=""https://www.goodshoes.org"">elevator sneakers</a>","<div>Contains:&nbsp;Dress &amp; Hairbow.</div>","S/L","0","0.00","0.00","1","35.00","0.00","881373.jpg","1","9"
"1468","4","882737","Клеопатра","Cleopatra","Карнавален, египетски, детски костюм, включващ: рокля с вградена наметка, яка, украшение за коса. <a style=""display:none;"" href=""https://www.supershoesoutlet.com"">elevator sneakers</a>","<div>Contains:&nbsp;Dress w/attached cape, collar, headpiece.</div>","L","1","0.00","0.00","1","27.00","0.00","882637.jpg","1","101"
"1469","4","881438","Прекрасен ангел","Angel","Карнавален, детски костюм, съдържащ: крила, поличка и &nbsp;боди. <a style=""display:none;"" href=""http://www.bagssale.cn"">Cheap Replica Handbags</a>","<div>Contains:&nbsp;Wings, Tutu, Halo, Leotard &amp; Tights.</div>","S","0","0.00","0.00","1","23.00","0.00","881338.jpg","1","93"
"1470","4","881433","Мишле","Mouse","Карнавален, детски костюм -животни, съдържащ: уши, боди и поличка. <a style=""display:none;"" href=""https://www.supershoesoutlet.com"">height shoes</a>","<div>Contains:&nbsp;Ears, Tutu w/ tail, Leotard &amp; Tights.</div>","S","1","0.00","0.00","1","23.00","0.00","881333.jpg","1","105"
"1471","17","884742","Скейтърче","Stitches","Карнавален, ефектен, детски костюм, сътоящ се от:&nbsp;Маска, суитчър, къси панталонки и ръкавици.","<div>Contains:&nbsp;Mask, hoodie, shorts and gloves.</div>","S","0","0.00","0.00","1","29.00","0.00","884642.jpg","1","75"
"1472","17","883928","Черепа със злите очи","Evil Eye Skull","Карнавален, ефектен, детски костюм, сътоящ се от:&nbsp;Роба с качулка, маска и колан.","<div>Contains:&nbsp;Robe with overdrape, mask and belt.</div>","L","0","0.00","0.00","1","35.00","0.00","883828.jpg","1","170"
"1473","17","884017","Благороден Вампир","Royal Vampire","Манто с прикачена жилетка и медальон.","Jacket w/ attached vest &amp; medallion.","M","0","0.00","0.00","1","29.00","0.00","883917.jpg","1","94"
"1474","4","883034","Принцесата на танца","Harem Princess","Горно, панталон и украшение за глава. <a style=""display:none;"" href=""https://www.supershoesoutlet.com"">www.supershoesoutlet.com</a>","Top, pantaloons and headpiece.","L","0","0.00","0.00","1","25.00","0.00","882934.jpg","1","104"
"1475","4","884882","Зомби кралица на бала","Girls Zombie Prom Queen Costume","Рокля, колан, диадема, ръкавици, ръкавели.","Dress, Sash, Tiara, Glovelets, Wrist Corsage.","L","0","0.00","0.00","1","32.00","0.00","884782.jpg","1","111"
"1476","4","886343","Сладко хипи","Flower Power","Шапка, горно, панталон с колан и жилетка.","Hat, top, pants w/ belt &amp; vest.","S","1","0.00","0.00","1","27.00","0.00","886243.jpg","1","103"
"1477","4","886427","Готиното прилепче","Batty Girl","Рокля, криле, украшение за глава, ръкавици и маска.","Dress, wings, headpiece, glovelets and eye mask.","S","1","0.00","0.00","1","27.00","0.00","886327.jpg","0","100"
"1478","2","886432","Чаровната снежанка","Snow White","Рокля, брошка и диадема.","Dress, brooch and headband.","STD","0","0.00","0.00","1","43.00","0.00","886332.jpg","1","169"
"1479","3","880618","Смокинг 2ра кожа","Tuxedo 2nd Skin Suit","<div>Карнавален, ефектен, мъжки костюм, съдържащ:&nbsp;гащеризон, покриващ цялото тяло.&nbsp;</div>","Full body stretch jumpsuit.","L","1","0.00","0.00","1","43.00","0.00","880518.jpg","0","138"
"1480","3","887438","Дейв от &quot;Аз, проклетникът&quot;","Minion Dave","Много забавен и обичан от децата анимационен герой, &nbsp;костщма е направен от дунапрен и е удобен за носене.","Foam Costume.","STD","0","0.00","0.00","1","37.00","0.00","887338.jpg","1","61"
"1481","3","889863","Магарето","Donkey","Гащеризон с прикачена опашка, имитация на обувки и диадема уши.","Jumpsuit with attached tail and shoe covers and headpiece.","XL","1","0.00","0.00","1","36.00","0.00","889763.jpg","1","137"
"1482","3","889063","Дино от сем. Флинтстоун","Flintstones-Dino-Adult","Гащеризон, шапка и нашийник.","<div>Jumpsuit, headpiece and collar.</div>","STD","1","0.00","0.00","1","45.00","0.00","888963.jpg","1","136"
"1483","3","15660","Таз","Adult Taz","Карнавален, мъжки костюм, съдържащ: гащеризон и цялостна маска. Много обичан от деца и възрастни анимационен герой.","Oversized head &amp; jumpsuit.","STD","1","0.00","0.00","1","45.00","0.00","15560.jpg","1","135"
"1484","3","15662"," Котаракът Силвестър","Adult Sylvester","Маскот, делукс костюм за възрастни, включващ: гащеризон и цялостна глава.","Oversized head &amp; jumpsuit.","STD","0","0.00","0.00","1","65.00","0.00","15562.jpg","1","50"
"1485","3","15879","Фестер от семейство Адамс","Fester","Съдържа: ефектна маска, роба с качулка и колан.","Mask, Hooded robe, Belt cord.","XL","1","0.00","0.00","1","39.00","0.00","15779.jpg","1","121"
"1486","3","55126","Стоманения нинджа","Ninja","Карнавален, мъжки костюм, включващ: горно с качулка, панталон, превръзки за ръце и кракаи колан.","Face scarf, hooded shirt, waist sash, pants, arm and leg ties.","STD","1","0.00","0.00","1","32.00","0.00","55026.jpg","1","133"
"1487","3","16061","Страшния Скелет","Scary Skeleton","Включва: хелоуинска маска, роба, колан и ръкавици.","Mask, robe, waist sash and gloves.","STD","1","0.00","0.00","1","29.00","0.00","15961.jpg","1","124"
"1488","3","57108","Зомби от кошмарите","Zombie Nightmare","Карнавален, мъжки костюм, включващ: Роба с качулка и колан.","Hooded robe with gauze draping and belt cord.","XL","1","0.00","0.00","1","36.00","0.00","57008.jpg","1","143"
"1489","3","15714","Принц на пустинята","Desert Prince","Карнавален, мъжки костюм, съдържащ: роба с прикачена туника, колан и лента с кърпа за главата.","Headpiece, robe with attached tunic &amp; belt.","STD","1","0.00","0.00","1","38.00","0.00","15614.jpg","1","110"
"1490","3","15143","Скететът","Skeleton","Карнавален, мъжки костюм, включващ: гащеризон и качулка.","Hood and jumpsuit with silk-screened bone design.","M","0","0.00","0.00","1","32.00","0.00","15043.jpg","1","362"
"1491","2","880310","Пиратката от Тортуга","Pirate Booty","Дамски, пиратски, карнавален костюм от делукс серията, който съдържа: блуза, корсет, бижу и шапка.","Blouse, jeggings, corset, choker and hat.","STD","1","0.00","0.00","1","47.00","0.00","880210.jpg","1","186"
"1492","3","880676","Готиното Хипи","Hippie","Карнавален, мъжки комплект, включващ: риза, перука, очила и верижка.&nbsp;","Shirt, Wig, Glasses &amp; Peace Chain.","XL","0","0.00","0.00","1","35.00","0.00","880576.jpg","1","120"
"1493","3","880678","Дръзкия Пират","Swashbuckler","Карнавален, пиратски, мъжки комплект, включващ: риза, Кърпа за глава с коса, колан и превръзка за око.","Shirt, Headpiece w/hair, waist sash &amp; eye patch.","XL","1","0.00","0.00","1","35.00","0.00","880578.jpg","1","115"
"1494","3","880682","Лошото момче","Prisoner","Карнавален, мъжки комплект, включващ: риза и ръкави с татуировки.","Shirt &amp; Tattoo Sleeves.","STD","0","0.00","0.00","1","27.00","0.00","880582.jpg","1","119"
"1495","3","880671","Служител на реда","Police Officer","Карнавален, мъжки комплект, включващ: полицейска риза, шапка и значка.","Shirt, Hat and Badge.","XL","0","0.00","0.00","1","29.00","0.00","880571.jpg","1","324"
"1496","3","880873","Войн на Тъмната сила","Assasin","Карнавален, мъжки костюм, включващ: горно с релеф, наметка, панталон, медальон и колан.","Muscle Chest w/att Cape, Pants, Medallion &amp; Belt.","STD","1","0.00","0.00","1","48.00","0.00","880773.jpg","1","131"
"1497","2","888507","Страховитата Лейди","Lady Gruesome","Дамски, готически, карнавален костюм, който съдържа: рокля и ефектна корона с воал.","Headpiece and dress.","STD","0","0.00","0.00","1","49.00","0.00","888407.jpg","1","192"
"1498","3","887404","Сатанински Дявол","Diablo","Карнавален, мъжки костюм, включващ: Горно, риза, колан с катарама.","Coat, Shirt, Belt with buckle.","STD","1","0.00","0.00","1","55.00","0.00","887304.jpg","1","130"
"1499","2","880366","Принцесата - Викинг","Viking Princess","Дамски, карнавален костюм, който съдържа: рокля, диадема, ръкавели и имитация на обувки.","Dress, headpiece, glovelets and boot tops.","STD","1","0.00","0.00","1","43.00","0.00","880266.jpg","1","188"
"1500","3","880367","Войнът - Викинг","Viking Warrior","Карнавален, мъжки костюм, включващ: туника, жилетка, колан, панталон, ръкавели, ленти за краката и викингски шлем.","Tunic, vest, belt, pants, sash, armbands, leg ties and helmet.","STD","1","0.00","0.00","1","55.00","0.00","880267.jpg","1","129"
"1501","2","887408","Кралицата от приказния Замък","Milady of the Castle","Дамски, карнавален, делукс костюм, който съдържа: рокля.","Dress","L","0","0.00","0.00","1","55.00","0.00","887308.jpg","1","197"
"1502","17","886990","Супермен - Човек от стомана","Superman Child Costume","Съдържа: ефектен гащеризон с имитация на ботуши и наметка.","Jumpsuit with attached Boot Tops and Cape.","M","0","0.00","0.00","1","32.00","0.00","886890.jpg","1","8"
"1503","3","887257","Супермен - Човекът от стомана","Deluxe Superman™","Карнавален, мъжки костюм, съдържащ: релефен гащеризон с имитация на ботуши и наметка.","<div>Contains:&nbsp;Muscle chest jumpsuit with attached boot tops, Cape.</div>","M","1","0.00","0.00","1","65.00","0.00","887157.jpg","1","128"
"1504","17","882185","Безстрашния Супермен","Superman","Детски, филмов, карнавален костюм, който включва: гащеризон, наметка и колан.","Jumpsuit with attached cape and belt.","S","1","0.00","0.00","1","27.00","0.00","882085.jpg","1","107"
"1505","3","888101","Супермен","Superman","Карнавален, мъжки костюм, съдържащ: наметка, гащеризон и колан.","Cape, jumpsuit with attached boot tops &amp; belt.","L","1","0.00","0.00","1","47.00","0.00","888001.jpg","1","105"
"1506","2","880731","Неустоймата Жена - Котка","Catwoman","Ефектен, карнавален, дамски костюм, в който има: гащеризон, имитация на ботуши, маска и колан.","Jumpsuit, boot tops molded eyemask and molded belt.","S","1","0.00","0.00","1","55.00","0.00","880631.jpg","1","32"
"1507","3","880685","Жокер Делукс","Joker","Карнавален, филмов, мъжки костюм, съдържащ: сако с прикачена жилетка и папионка, панталон, ръкавици и маска.","Jacket with attached vest and bow tie, pants gloves and mask.","STD","1","0.00","0.00","1","65.00","0.00","880585.jpg","1","123"
"1508","3","880386","Scorpion - боец от Смътоносна битка","Scorpion","Карнавален, делукс, мъжки костюм, съдържащ: гащеризон, горно, налакътници, колан и маска.","Jumpsuit with attached tabard and shoulder guards, molded armor pieces, belt and mask.","STD","1","0.00","0.00","1","59.00","0.00","880286.jpg","1","127"
"1509","17","18842","Сливестър","Sylvester","Детски, карнавален, анимационен костюм, който включва: гащеризон и маска.","<div>Contains:&nbsp;Headpiece &amp; jumpsuit.</div>","S","1","0.00","0.00","1","28.00","0.00","18742.jpg","1","123"
"1510","19","885653","Мечока Йоги","Yogi Bear","Детски, анимационен, карнавален, костюм, който включва:мек гащеризон с вратовръзка и маска.","EZ on Romper and Headpiece.&nbsp;","T","0","0.00","0.00","1","32.00","0.00","885553.jpg","1","20"
"1511","3","888338","В като Вендета","V For Vendetta","Съдържа: риза, панталон с имитация на ботуши, наметка, колан, маска и шапка.","Shirt, pants with boot tops, cape, mask, belt and hat.","STD","1","0.00","0.00","1","57.00","0.00","888238.jpg","1","126"
"1512","17","881559","Магьосникът Гандалф","Gandalf","Детски, филмов, карнавален костюм, включващ: роба, шапка и колан. Като допълнение предлагаме перука и брада.","Robe, Hat &amp; Belt.","M","0","0.00","0.00","1","23.00","0.00","881459.jpg","1","105"
"1513","3","880487","Междузвезден войн","Dlx. Savage Opress","<div>Карнавален костюм от Междузвездни войни, мъжки костюм, съдържащ:&nbsp;</div>
<div>Гащеризон и маска.</div>","Jumpsuit w/ Molded Armor, Belt &amp; Mask.","STD","1","0.00","0.00","1","53.00","0.00","880387.jpg","1","125"
"1514","17","882110","Клониран","Clone Trooper","<div>Детски костюм от филма Междузвездни войни, съдържащ:</div>
<div>Маска и гащеризон.</div>","PVC mask and jumpsuit.","M","0","0.00","0.00","1","32.00","0.00","882010.jpg","1","102"
"1515","17","884463","Генерал Грийвъс","General Grievous","<div>Детски костюм от филма Междузвездни войни, съдържащ:</div>
<div>Маска, гащеризон с прикачено наметало и елементи.</div>","Mask &amp; jumpsuit with attached cape, chest pieces and gauntlet.","M","0","0.00","0.00","1","32.00","0.00","884363.jpg","1","91"
"1516","3","880775","Дарт Мол","Dlx. Muscle Chest Darth Maul","Мъжки, луксозен, карнавален костюм от Междузвезни войни, който съдържа: гащеризон с мускули, колан и маска.","Muscle Chest Jumpsuit, Belt &amp; Mask.","STD","1","0.00","0.00","1","55.00","0.00","880675.jpg","1","132"
"1517","2","890076","Уникалната Лейди Гага","Lady Gaga Black Sequin Dress","Карнавален, дамски костюм, в който има: впечатляваща рокля и маска.","Dress and mask.","s","1","0.00","0.00","1","55.00","0.00","889976.jpg","1","190"
"1518","16","01","    ","    ","&nbsp; &nbsp;","&nbsp; &nbsp;","  ","0","0.00","0.00","0","0.00","0.00","7.jpg","1","1"
"1519","16","02"," ","  ",,"&nbsp;&nbsp;"," ","0","0.00","0.00","0","0.00","0.00","8.jpg","1","3"
"1520","16","03","  ","  ","&nbsp;&nbsp;","&nbsp;&nbsp;"," ","0","0.00","0.00","0","0.00","0.00","3.jpg","1","2"
"1521","16","04","  ","  ","&nbsp;&nbsp;","&nbsp;&nbsp;"," ","0","0.00","0.00","0","0.00","0.00","2.jpg","1","4"
"1522","16","05","  ","  ","&nbsp; &nbsp;","&nbsp;"," ","0","0.00","0.00","0","0.00","0.00","11.jpg","1","5"
"1523","16","06"," ","  ","&nbsp;&nbsp;","&nbsp;&nbsp;"," ","0","0.00","0.00","0","0.00","0.00","12.jpg","1","6"
"1524","16","07"," "," ","&nbsp;&nbsp;","&nbsp;&nbsp;"," ","0","0.00","0.00","0","0.00","0.00","10.jpg","1","7"
"1525","16","08","  ","  ","&nbsp;&nbsp;","&nbsp;&nbsp;"," ","0","0.00","0.00","0","0.00","0.00","4.jpg","1","8"
"1526","16","09","  ","  ","&nbsp;&nbsp;","&nbsp;&nbsp;","  ","0","0.00","0.00","0","0.00","0.00","19.jpg","1","9"
"1527","10","00911","Висяща на паяжина жертва 2м","Hanging Prey On Spiders Web","Уникален макет в пълен размер на висяща, на паяжина жертва. Включва паяжина и ефектни паяци.","Lifesize Hanging Spider Prey prop! This creepy grim reaper is covered in spiders, web and is over 2 meters wide!","-","0","0.00","0.00","0","27.00","0.00","ukr3.jpg","1","9"
"1528","10","00912","Висяща глава на пират"," Pirate Skull Head Prop","Включва смразяващ череп с коса и превръска. Приблизително 60 см. дължина.","A hanging skull head of a pirate, including hair and drapes.","-","1","0.00","0.00","1","12.00","0.00","ukr2.jpg","1","8"
"1529","10","00915","Макет на страховит скелет","Hanging Ragged Reaper ","Бял, за окачване - 90см.","&nbsp;91cm Hanging Ragged Reaper <br />","-","0","0.00","0.00","1","13.00","0.00","ukr8.jpg","1","21"
"1530","10","00917","Висящ скелет със светещи в различни цветове очи"," Light Up Skeleton With Shroud 48 inch","&nbsp;90см","A great size hanging prop for this price.<br />
<br />
Bendable arms with a shroud that hangs at over 4 feet long.","-","0","0.00","0.00","1","18.00","0.00","ukr9.jpg","1","7"
"1531","10","00913","Еднометрова ефектна, светеща вещица","1M Hanging Witch on Broom","Издава плашещи звуци.","1 Meter Hanging Halloween Witch on Broom Stick<br />
<br />","-","0","0.00","0.00","1","19.00","0.00","ukr22.jpg","1","13"
"1532","10","00919","Запомнящия се скелет","Standing White Reaper 6 Foot Hight","Изправен бял скелет в пълен размер (1.80м.). <br />","&nbsp;this massive 6 foot (183 cm) halloween standing display prop.","-","0","0.00","0.00","1","59.00","0.00","ukr6.jpg","1","10"
"1533","18","P30195","Снежанка","Fever Fairytale Costume","Има моменти, в които ни се иска да се пренесем в света на приказките. Този закачлив, приказен, карнавален костюм може да ни помогне , съдържа: рокля, бижу, диадема и жартиер.","Red, Blue and Gold, with Dress, Headband, Garter and Choker.","XS, S, M","0","115.00","0.00","0","0.00","0.00","P30195.jpg","0","3"
"1534","18","P31901","Страшната полицайка","Fever Sexy Cop Costume","Искате ли да сте секси, властна и зашеменяваща, този костюм е подходящ за вас. Карнавален костюм, съдържащ: рокля, колан и полицейска шапка.","Black, With Dress, Belt and Hat.","S","0","98.00","0.00","0","0.00","0.00","P31901.jpg","0","9"
"1535","18","P31969","Мис скетет 2013","Fever Skeleton Costume","Този карнавален костюм е секси, интересен и оригинален, перфектен е за Хелоуин, съдържащ: Рокля с къдрички и кокали. Перфектното допълнение е чоропогащник с кокали, който можете да си закупите от нас.","Black and White, with Tutu Dress and Detachable Clear Straps","S","0","89.00","0.00","0","0.00","0.00","P31969.jpg","0","8"
"1536","18","P36330","Прекрасната принцеса","Royal Princess Costume","Детето ви иска да бъде принцеса, този карнавален костюм е прекрасното допълнение за това, съдържа:&nbsp; прекрасна розова рокля с панделки и воали.","Dress","S, M","0","55.00","0.00","0","0.00","0.00","P36330.jpg","0","6"
"1537","18","P36165","Русалката Ариел делукс","Mermaid Princess Costume","Един красив и харесван карнавален костюм, съдържащ: дълга рокля  с панделки и воалени ръкави.","Dress with Sleeves.","S","0","65.00","0.00","0","0.00","0.00","P36165.jpg","0","5"
"1538","18","P25761","Безстрашния пират","Pirate Costume","Пиратите са винаги на мода, този костюм не е изкючение. Съдържа: пиратска риза, панталон, имитация на ботуши, пиратска кърпа и колан","Shirt, Trousers, Boot Covers, Headscarf and Belt, Deluxe.","S","0","49.00","0.00","0","0.00","0.00","P25761.jpg","0","0"
"1539","18","P26858","Прекрасната Мини  Маус","Cute Mouse Costume","Прекрасен костюм, подходящ за всеки повод. Така харесваната Мини съдържа рокличка с колан и диадема.","Cute Mouse Costume, With Dress, Belt and Headband.","M","0","57.00","0.00","0","0.00","0.00","P26858.jpg","0","4"
"1540","18","P35987","Страшното зомби","Grim Reaper","Много подходящ Хелоуински костюм, харесван от много деца. Костюмът съдържа роба с качулка и ефектна верига.","Grim Reaper Costume, Child, Includes Cloak and Hood.","L","3","47.00","0.00","0","0.00","0.00","P35987.jpg","0","7"
"1541","2","701","Кралица-паяк","Spider-Queen","<div>Свеж, лек и подходящ за по-пълна или слаба фигура костюм.&nbsp;Състои се от роба с ефектна яка и&nbsp;закачлива корона с паяче.</div>","<div>Fresh, light and suitable for a slim body.&nbsp;It consists of a robe with a spectacular collar and crown with a spider.</div>","S/M","1","0.00","0.00","1","32.00","0.00","701.jpg","1","363"
"1542","2","702","Черният лебед","Black Swan","<div>Красива,царствена и опасно изкусителна... Бъдете пекрасния черен лебед!&nbsp;Костюмът се състои от корсет, пола, ръкавици без пръсти и корона.</div>","<div>Beautiful, majestic, dangerous and tempting ... Be the beautiful black swan!&nbsp;The costume consists of a corset, skirt, gloves and crown.</div>","S/M","0","0.00","0.00","1","69.00","0.00","702.jpg","1","90"
"1543","2","703","Падналият ангел","Fallen Angel ","<div>Дори и прогонен от Рая, това е ангел, спиращ дъха!&nbsp;Опасно красив и интригуващ костюм...Състои се от Къса рокля, пищна тюлена пола, красиви криле и ореол. Костюмът е от специалната делукс колекция на &quot;Карнавал за теб&quot;!</div>","<div>Even banished from Paradise, it is still an angel!&nbsp;Dangerously beautiful and intriguing costume...</div>
<div>It consists of a short dress, lavish tulle skirt, beautiful wings and a halo.</div>","S/M","1","0.00","0.00","1","115.00","0.00","703.jpg","1","168"
"1544","2","704","Тъмен  ангел","Dark Angel ","<div>Крехка и сексапилна с красива и тайнственна маска...Желана и опасна,това е дамата в образа на Черния ангел.&nbsp;Състои се от къса рокля,маска и крила.</div>","<div>Lean and sexy, with a beautiful mask ... Desired and dangerous, it's the lady in the image of the Black Angel.&nbsp;It consists of a short dress, mask and wings.</div>","S/M","1","0.00","0.00","1","65.00","0.00","704.jpg","1","167"
"1545","2","705","Царица Клеопатра","Queen Cleopatra ","Тя е била любима на Цезар и Антоний, тя е легенда и блян за мъжете. Красива и сексапилна рокля, обсипана с блестящи камъни, корона и яка, ефирни ръкави.","<div>She was the love of Caesar and Antony, she is a legend and a dream of all men.&nbsp;&nbsp;Beautiful and sexy dress, showered with glittering stones crown and collar, airy sleeves.</div>","S/M","1","0.00","0.00","1","67.00","0.00","705.jpg","1","167"
"1546","2","706","Фаталната Шапкарка","Fatal Hatter Lady","<div>Секси бюстие, пола с цепка, тюлен шлейф, впечетляваща шапка и дантелени ръкавици с къдри...С този спиращ дъха костюм, ще съберете аплодисментите &nbsp;на компанията. Костюмът е от луксозната колеция на &quot;Карнавал за теб&quot; за 2014 г.</div>","<div>Sexy bustier, skirt with slit, tulle train, &nbsp;impressive hat and lace &nbsp;gloves with ruffles...This breathtaking costume will get all the applause.</div>","S/M","1","0.00","0.00","1","125.00","0.00","706.jpg","1","26"
"1547","2","707","Закачливата вещица","The Playful Witch ","С две думи :костюм за купон! Лека, удобна и сексапилна &nbsp;рокля и островръха вещерска шапка...","In a nutshell: costume party! Lightweight, comfortable and sexy dress and a witch hat&hellip;","S/M","1","0.00","0.00","1","37.00","0.00","707.jpg","1","167"
"1548","2","708","Нощната птица","Night Bird","Вталена, малка черна рокля, наметка и кокетна &nbsp;шапчица.","A little black dress, cape and charming hat.","S/M","1","0.00","0.00","1","56.00","0.00","708.jpg","1","474"
"1549","2","709","Прекрасната графиня","The Beautiful Countess ","<div>Огнено червен корсет, черна дантелена наметка, пищна пола,&nbsp;очарователни ръкавички и шапчица.&nbsp;Какво повече ви трябва за да се превърнете в &quot;Прекрасна Графиня&quot;? Тоалетът е от луксозната колеция на &quot;Карнавал за теб&quot; за 2014 г.</div>","<div>Fiery red corset, black lace cape, luscious skirt,&nbsp;adorable hat and mittens.&nbsp;What more do you need to become an &quot;Beautiful Countess&quot;?</div>","S/M","1","0.00","0.00","1","125.00","0.00","709.jpg","1","167"
"1550","2","710","Господарката на ветровете","The Qween of the Winds","Корсет,пола и уникална корона ще ви преобразят в &quot;Владетелка на Ветровете&quot;","Corset, skirt and unique crown will transform you into the &quot;Qween of the Winds&quot;","L","1","0.00","0.00","1","65.00","0.00","710.jpg","1","166"
"1551","2","711","Булка-зомби","Zombie Bride Costume","<div>Супер костюм за Хелоуин!&nbsp;Страшна и невероятна!&nbsp;Корсет,къса поличка и аксесоар за коса.А да, кърваво колие украсено с малък череп&hellip;</div>","<div>Superb Halloween costume!&nbsp;Scary and amazing!&nbsp;Corset, short skirt and hair accessory. Bloody necklace decorated with a small skull &hellip;</div>","S/M","1","0.00","0.00","1","55.00","0.00","711.jpg","1","336"
"1552","2","712","Зомби медицинска сестра в действие","Zombie Nurse in Action","<div>Къса рокля обляна с кръв, касинка и забита в главата спринцовка!&nbsp;Впечетляващ костюм от колекцията ни за &nbsp;Хелоуин...</div>","<div>Short dress, drenched with blood ,a hat and a syringe stuck in the head!&nbsp;Impressive costume from our new Halloween collection.&nbsp;</div>","S/M","1","0.00","0.00","1","47.00","0.00","712.jpg","1","511"
"1553","2","713","Готиното скелетче","The Cool Skeleton","<div>Хем малко страшно, хем чаровно костюмче.&nbsp;Бюстие-скелет с разкъсано сърце, карирана плисирана поличка, диадема и ръкавица с гривна.</div>","<div>A little scary, yet charming costume.&nbsp;Bustier-skeleton with a torn heart, a pleated skirt, headband and a glove with a bracelet.</div>","S/M","0","0.00","0.00","1","47.00","0.00","713.jpg","1","113"
"1554","2","714","Симпатичното моряче","Sweet Sailor Girl","<div>Ако в екипажа има такава красавица, всеки мъж&nbsp;ще мечтае да стане моряк!&nbsp;Морско синя кокетна рокличка, и малка шапчица ще ви превърнат в &quot;Симпатично Моряче&quot;.</div>","<div>Sea blue dress and charming &nbsp;small cap will transform you into a &nbsp;&quot;Sweet Sailor Girl&quot;.</div>
<div>&nbsp;</div>","S/M","1","0.00","0.00","1","43.00","0.00","714.jpg","1","165"
"1555","2","715","Хелоуин Звезда","Halloween Star","<div>Бюстие със закачливо намигащ череп, впечатляващо колие,секси поличка, плетени ръкавички и панделка в косата.</div>
<div>&nbsp;</div>","Bustier with a playful nod skull, impressive necklace, sexy skirt, knit gloves and a ribbon in the hair.","S/M","1","0.00","0.00","1","43.00","0.00","715.jpg","1","163"
"1556","2","716"," Белият лебед","The White Swan ","<div>Омагьосаната принцеса, превърната в грациозен&nbsp;бял лебед, символ на красота и чиста любов.&nbsp;Костюмът се състои от корсет, пола и крила.</div>","<div>The &nbsp;Enchanted Princess, turned into a graceful&nbsp;white swan, a symbol of beauty and pure love...</div>
<div>The costume consists of a corset, skirt and wings.</div>","S/M","1","0.00","0.00","1","55.00","0.00","716.jpg","1","161"
"1557","2","717","Кралица- дяволица","The  Devil Queen","<div>Кой може да устои на тази &quot;дявлски&quot; сексапилна дама?&nbsp;Костюмът се състои от корсет, вталена пола, яка от тюл, ръкавици и корона с рогца. Той е от луксозната нова колекция на &quot;Карнавал за теб&quot; за 2014 година.</div>
<div>&nbsp;</div>","<div>Who can resist this &quot;devilish&quot; sexy lady?&nbsp;The costume consists of a corset, waisted skirt of tulle collar, gloves and crown with horns.</div>","S/M","1","0.00","0.00","1","125.00","0.00","717.jpg","1","162"
"1558","2","718","Господарката на мрака","The Mistress of Darkness","Кой е казал, че Господарката на Мрака трябвада изглежда грозна? Нееее, тя &nbsp;е красива, съблазнителна и секси. Тя е силна,горда и недостъпна! Костюмът се състои от елегантна рокля, ръкавици и уникална корона.","Who said that the Dark The mistress has to look ugly? Nooo, she's beautiful, seductive and sexy. She is strong, proud and inaccessible! The costume consists of a elegant dress, gloves and a unique crown.","S/M","1","0.00","0.00","1","67.00","0.00","718.jpg","1","165"
"1559","2","719","Момиче-прилеп","Bat-Girl ","<div>Нощта е нейна!&nbsp;Костюмът се състои от корсет с вградени леки и блестящи крила, пола и маска.</div>","<div>The night bilongs to her!&nbsp;The costume consists of a corset with built-in light and shining wings, skirt and mask.</div>","S/M","1","0.00","0.00","1","49.00","0.00","719.jpg","1","165"
"1560","2","720","Пазителката на тайните","The Secrets Keeper ","<div>Тя може да чете вашите тайни в очите ви...Тя е мистична и привлекателна... Костюмът е от специалната луксозна колекция на &quot;Карнавал за теб&quot; 2014. Той се състои от елегантна, но и удобна рокля, ефирна наметка с качулка и корона.&nbsp;</div>","<div>She can read the secrets in your eyes... She is mystical and attractive...The costume consists of elegant and comfortable dress, tulle robe with hood and crown.</div>","S/M","0","0.00","0.00","1","67.00","0.00","720.jpg","1","138"
"1561","2","603","Малката русалка","Little Mermaid","<div>Този костюм ще подчертае сексапила на фигурата ви и ще очаровате приятелите си.&nbsp;Костюмът се състои от елегантна рокля, артистично декорирана с водорасли и перли.</div>","<div>This sexy costume will highlight your figure and will captivate your friends.&nbsp;The costume consists of a elegant dress, artistically decorated with seaweed and pearls.</div>","S/M","0","0.00","0.00","1","55.00","0.00","603.jpg","1","170"
"1562","2","604","Булка &quot;Лас Вегас&quot;","Bride &quot;Las Vegas&quot;","<div>Закачлива, чаровна и пълна с изненади.&nbsp;Костюмюмът се състои от къса рокля и шапка с късо вало.&nbsp;</div>","<div>Playful, charming and full of surprises.&nbsp;The costume consists of a short dress and a hat with a short veil.</div>","S/M","0","0.00","0.00","1","45.00","0.00","604.jpg","1","171"
"1563","2","605","Скарлет О&#039;&#039;Хара","Scarlett O&#039;&#039;Hara","<div>Никой не може да остане безразличен към вас, ако се превъплатите в огената, непокорна и прекрасна Скарлет!&nbsp;Корсетът подчретава талията,пищната пола &nbsp;и чаровната шапка завършват ефекта от този красив костюм.</div>","<div>It is impossible somebody to remain indifferent to you, if you turn for a while &nbsp;into a flaming, rebellious and beautiful Scarlett!&nbsp;The corset emphasizes your waist, the wide skirt and the hat complete the charming effect of this beautiful costume.</div>","S/M","0","0.00","0.00","1","85.00","0.00","605.jpg","1","76"
"1564","2","606","Бурлеската Лулу","Burlesque Lulu","<div>Превърнете се за миг в предизвикателна и неотразима&nbsp;Бурлеска!&nbsp;Костюмът се състои от корсет, късо-дълга пола и перлено бижу.</div>","<div>Turn for a moment in a challenging and irresistible&nbsp;Burlesque!&nbsp;The costume consists of a corset, short-long skirt and pearl jewelry.</div>","S/M","0","0.00","0.00","1","55.00","0.00","606.jpg","1","172"
"1565","2","607","Снежната принцеса","Snow Princess","<div>Бяла и недостъпна, горда принцеса.&nbsp;Този костюм включва: корсет и пола.</div>","<div>White and inaccessible, proud princess.&nbsp;This costume includes: corset and skirt.</div>","S/M","0","0.00","0.00","1","49.00","0.00","607.jpg","1","85"
"1566","2","608","Ледената кралица","Ice Queen","<div>Искате ли да се превърнете за няколко часа в тайнствена и великолепна Ледена кралица?&nbsp;Костюмът се състои от рокля в сребрист цвят,корона и колие.</div>","<div>Will you like to turn for a few hours in a mysterious and magnificent Ice Queen?&nbsp;The costume consists of a dress in silver color, crown and necklace.</div>","M/L","0","0.00","0.00","1","79.00","0.00","608.jpg","1","173"
"1567","2","609","Царицата на нощта","Queen of the Night","Повелителка на тайнствения мрак и всички тайни. Опасна, но и пленителна...Костюмът се състои от корсет, яка, рокля, пола и корона.","Mistress of the mysterious darkness and all the secrets. Dangerous, but also fascinating... The costume consists of a corset, collar, dress, skirt and crown.","M/L","0","0.00","0.00","1","75.00","0.00","609.jpg","1","175"
"1568","2","610","Тайнствената вдовица","Mysterious Widow","<div>С този костюм ще бъдете сексапилна и неразгадаема, будеща желние да бъде опозната.&nbsp;Костюмът се състои от корсет,пола и шлейф.&nbsp;</div>","<div>With this costume you will be sexy and inscrutable, evoking desire to be known.&nbsp;The costume consists of a corset, skirt and train.</div>","S/M","0","0.00","0.00","1","47.00","0.00","610.jpg","1","176"
"1569","2","611","Фея на лунната паяжина","Fairy Moon Cobweb","Изплита лека и ефирна паяжинка, оплита с чар и никой не можеда и устои! Секси къса рокля и тайнствена пелеринка.","<div>Weaving light and airy cobweb, tied with charmand no one can resist! Sexy short&nbsp;dress and mysterious cape.</div>","S/M","0","0.00","0.00","1","45.00","0.00","611.jpg","1","177"
"1570","2","612","Омагьосаната принцеса","Enchanted Princess","<div>Магията може да развали само целувка с любов...Потърси своя принц с този омагьосващ костюм!&nbsp;Корсет почертаващ талията, секси пола и интригуващо колие.</div>","<div>Magic can be destroyed only by the kiss of love. Fined your prince with this enchanting costume!&nbsp;Corset, sexy skirt and an intriguing necklace.</div>","M/L","0","0.00","0.00","1","57.00","0.00","612.jpg","1","178"
"1571","2","613","Зомби кралица на Хелоуин бала","Zombie Prom Queen of Halloween","Вталена бална рокля с украса от стрховит череп, корона и ефирен шал.","Waisted ball gown, decorated with scary skull, crown and airy scarf.","S/M","0","0.00","0.00","1","65.00","0.00","613.jpg","1","179"
"1572","2","614","Зомби Скарлет","Zombie Scarlett","<div>Впечетляващ костюм за Хелоуин!&nbsp;Кърваво червено бюстие, декорирано с паяжини и паячета. Пищна бална пола и кокетно колие.</div>","<div>Impressive costume for Halloween!&nbsp;Blood red corset, decorated with cobwebs and spiders. Magnificent ballroom skirt and lovely necklace.</div>","M/L","0","0.00","0.00","1","77.00","0.00","614.jpg","0","98"
"1573","2","615","Пънк зомби красавица","Punk Zombie Beauty","Кожен корсет, къса пола, отделен шлейф.","Leather corset, skirt, separate train.","S/M","0","0.00","0.00","1","59.00","0.00","615.jpg","1","180"
"1574","2","616a","Лукавата вещица","An Ungodly Witch","Елегантна церна рокля и очарователна вещерска шапка.","Elegant black dress and a charming witch hat.","S/M","0","0.00","0.00","1","45.00","0.00","616.jpg","1","181"
"1575","2","617","Зомби Червена Шапчица","Zombie Red Riding Hood","Блуза, пола и червена наметка с качулка.&nbsp;","А blouse, a skirt and a red cape with a hood.","M/L","0","0.00","0.00","1","55.00","0.00","617.jpg","1","114"
"1576","2","618","Зомби лолитка","Sweet Zombie Lolita","<div>Дори и Зомби, тя пак е очарователна!&nbsp;Къса поличка, тиранти, прокъсана блузка и вратовръзка.&nbsp;</div>","<div>Even Zombie she is still charming!&nbsp;Short skirt, suspenders, torn shirt and tie.</div>","S/M","0","0.00","0.00","1","47.00","0.00","618.jpg","1","130"
"1577","2","619","Зомби булка Офелия","Zombie bride Ophelia","<div>Разкъсана рокля и вало.&nbsp;Невероятен костюм за Хеловин парти!</div>","<div>Torn dress and a veil.&nbsp;Amazing Halloween costume!</div>","M/L","0","0.00","0.00","1","57.00","0.00","619.jpg","1","330"
"1578","2","620","Омагьосана булка","Enchanted bride","<div>Магията може да развали само истинската любов.&nbsp;Може би той е до теб, или още те търси? Помогни му да те открие с този невероятен костюм!&nbsp;Корсет почертаващ талията, пищна тюлена пола, вало и букет от рози.</div>","<div>Magic can be destroyed only by true love.&nbsp;Corset, lavish tulle skirt, veil and a bouquet of roses.</div>","S/M","0","0.00","0.00","1","85.00","0.00","620.jpg","1","345"
"1579","2","621","Готическа лейди","Gothic Lady","Дълга, черна рокля и болеро с впечетляващи ръкави и готическо колие.","Long black dress and bolero with sleeves and expressive gothic necklace.","S/M","0","0.00","0.00","1","47.00","0.00","621.jpg","1","183"
"1580","2","622","Крюела","Kryuela","Подчертаваща фигурата дълга, черна рокля и болеро.","Highlighting the figure long black dress and bolero.","S/M","0","0.00","0.00","1","55.00","0.00","622.jpg","1","184"
"1581","2","623","Змията изкусителка от Рая","The Snake  Temptress of Eden","Рокля","&nbsp;Dress&nbsp;","S/M","0","0.00","0.00","1","37.00","0.00","623.jpg","1","185"
"1582","6","7848","Абсолвентска шапка","Mortar Felt Board Hat, Black",,,"-","1","0.00","0.00","1","5.00","0.00","7748.jpg","1","8"
"1583","2","20523","Срамежливата монахиня","Nun Costume, Black Nun Costume","&nbsp;Рокля и аксесоар за глава","Black, With Dress and Headdress","L","0","0.00","0.00","1","27.00","0.00","20423.jpg","1","160"
"1584","2","20572","Чаровната мореплавателка","Sailor Girl Costume,Navy Sailor Girl Costume"," Рокля и шапка.   "," Navy, With Dress.   ","S/M","0","0.00","0.00","1","29.00","0.00","20472.jpg","1","159"
"1585","3","21423","Готически вампир","Male Fever Gothic Vamp Costume","Палто, Жилетка с вградена риза и шал.","With Coat, Mock Waistcoat and Cravat.","M/L","1","0.00","0.00","1","45.00","0.00","21323.jpg","1","114"
"1586","6","21492","Шапка -мозък с превръзка ","Bandage Brain Hat","&nbsp;","&nbsp;","-","1","0.00","0.00","1","6.00","0.00","21392.jpg","1","7"
"1587","3","21586","Учителска тога","Teachers Gown, Black","&nbsp;","&nbsp;","STD","1","0.00","0.00","1","27.00","0.00","21486.jpg","1","112"
"1588","2","22573","Пънк комплект","Pink Tutu Instant Kit","Поличка, аксесоар за глава и ръкавици без пръсти.","Neon Pink, With Tutu, Headband and Fingerless Gloves.","S/M","1","0.00","0.00","1","27.00","0.00","22473.jpg","1","158"
"1589","3","23168","Кървава докторска престилка","Doctor&#039;&#039;s Coat With Blood","&nbsp;","&nbsp;","STD","1","0.00","0.00","1","23.00","0.00","23068.jpg","1","111"
"1590","2","23266","Злата кралица","Evil Queen Costume","Впечатляваща червено-черна рокля с принт-прилепи.","With Dress With Bat Print Fabric.","S/M","1","0.00","0.00","1","39.00","0.00","23166.jpg","1","143"
"1591","2","23381","Прекрасната пиратка","Glamorous Lady Pirate Costume","Секси рокля и пиратска шапка.","&nbsp;Dress and Hat.","S/M","1","0.00","0.00","1","47.00","0.00","23281.jpg","1","157"
"1592","8","23752","Жълти котешки лещи","Yellow Cat","За еднодневна употреба.","1 Day Wear.","-","1","25.00","0.00","0","0.00","0.00","23652.jpg","1","22"
"1593","5","24653","Фентази Барокова маска ","Baroque Fantasy Eyemask","Бяло-сребриста &nbsp;с пера","Silver, With Feather","-","1","0.00","0.00","1","12.00","0.00","24553.jpg","1","15"
"1594","2","24675","Кокетна призрачна вдовица","Ghost Town Black Widow Costume","Блуза,пола и шапка.","Grey, With Top, Skirt, Hat.","L","1","0.00","0.00","1","59.00","0.00","24575.jpg","1","275"
"1595","3","24718","Светещ в тъмното скелет &quot;Втора Кожа&quot;","Skeleton Glow In The Dark Second Skin Costume","Със скрит отвор на гърба &nbsp;и &nbsp;под брадичката","With Concealed Fly and Under Chin Opening.","M/L","1","0.00","0.00","1","49.00","0.00","24618.jpg","1","106"
"1596","2","25378","Ретро костюм от двадесетте ","Flapper Costume","Рокля, аксесоар за глава и ръкавици без пръсти.","Silver, With Dress, Headband and Glovettes.","M/L","1","0.00","0.00","1","47.00","0.00","25278.jpg","1","156"
"1597","2","25970","Медицинска Сестра","Scrub Nurse Costume","Рокля, престилка и касинка.","Green, With Dress, Mock Apron and Headpiece.","M/L","0","0.00","0.00","1","27.00","0.00","25870.jpg","1","155"
"1598","2","26325","Непобедимата пиратка","High Seas Pirate Wench Costume","Рокля и шапка","Brown, With Dress, Trousers and Baldric","M/L","1","0.00","0.00","1","57.00","0.00","26225.jpg","1","153"
"1599","3","26324","Смелият пират","High Seas Pirate Costume","Горна дреха с вградена риза, панталон, ремък за сабя,колан и кърпа за глава.","Brown, Top, Short Trousers, Baldric, Belt &amp; Headscarf.","M/L","1","0.00","0.00","1","57.00","0.00","26224.jpg","1","107"
"1600","8","26670","Средновековен Шлем с подвижна лицева част","Medieval Crusader Helmet, with Moveable Face Shield","&nbsp;","&nbsp;","-","1","0.00","0.00","1","9.00","0.00","26570.jpg","1","4"
"1601","5","27955","Луксозна Венецианска маска","Luxury Venetian Capitano Mask","&nbsp;","&nbsp;","-","1","0.00","0.00","1","15.00","0.00","27855.jpg","1","14"
"1602","7","29134","Черна Сексапилна Перука с Червен Кичур ","Seductress Wig, Black, Long With Streaks","&nbsp;","&nbsp;","-","1","0.00","0.00","1","23.00","0.00","29034.jpg","1","8"
"1603","2","30192","Дамски баварски костюм","Bavarian Wench Costume","Състои се от рокля с прикачена престилка.","Dress With Attached Apron.","M/L","0","0.00","0.00","1","39.00","0.00","30092.jpg","1","123"
"1604","3","31633","Костюм - скелет ","Skeleton Costume","Роба с качулка и маска","<div>Black, With Mask, Cloak and Hood.</div>","M/L","1","0.00","0.00","1","42.00","0.00","31533.jpg","1","183"
"1605","4","33256","Мъркащо коте","Cool Cat Costume","Гащеризон с опашка и диадема с ушички. <a style=""display:none;"" href=""https://www.shoesvariety.com"">www.shoesvariety.com</a>","Jumpsuit With Tail and Headpiece.","L","1","0.00","0.00","1","27.00","0.00","33156.jpg","1","74"
"1606","2","34549","Секси Сеньорита","Authentic Western Sexy Senorita Costume","Рокля и колан.","With Dress and Sash.","M/L","0","0.00","0.00","1","49.00","0.00","34449.jpg","1","108"
"1607","7","35784","Красива сива перука дълга,къдрава и пищна","Medeia Witch Beehive Wig, Grey, Long Curly, With Beehive Top","&nbsp;","&nbsp;","-","1","0.00","0.00","1","23.00","0.00","35684.jpg","1","7"
"1608","4","36098","Котенце","Cat Costume","&nbsp;Гащеризон с опашка и маска <a style=""display:none;"" href=""http://www.bagshot.org"">Replica Gucci Handbags</a>.","All In One, Bodysuit With Bell and Mask.","S/M","1","0.00","0.00","1","27.00","0.00","35998.jpg","1","88"
"1609","3","38728","Мъжки хипи костюм","Groovy Hippie","Риза с прикачена жилетка, панталон и лента за глава. &nbsp; &nbsp;","Top With Attached Waistcoat, Trousers and Headband.","M/L","1","0.00","0.00","1","45.00","0.00","38628.jpg","1","108"
"1610","3","38962","Краля на Дяволите","Devil Lord","Роба с колан.","Red, Belted Robe.","L/XL","0","0.00","0.00","1","32.00","0.00","38862.jpg","1","239"
"1611","2","40156","Барок Лейди в лилаво","Midnight Baroque Masquerade Costume","<div>Тайнствена дама с богато украсен бароков костюм&nbsp;в перфектното съчетание на лилаво, черно и златно!&nbsp;Костюмът се състои от корсет, рокля, черна пола, кринолин и ръкави.</div>","Purple, Corset, Underdress, Overskirt, Panniers &amp; Sleeves.","S/M","1","0.00","0.00","1","65.00","0.00","40056.jpg","1","151"
"1612","2","40165","Прелестна мажоретка","Cheerleader Costume","Рокля и помпони.","Red, with Dress and Pom Poms.","S/M","0","0.00","0.00","1","29.00","0.00","40065.jpg","1","152"
"1613","2","41205","Тъмен барок ангел","Dark Angel Masquerade","Барокв стил къса рокля в сребристо сиво и черно с красиви орнаменти, и черни крила.","Dress and wings.","L/XL","0","0.00","0.00","1","59.00","0.00","41105.jpg","1","150"
"1614","7","42266","Блестяща диско перука дълга, права, с бретон","Glitter Disco Wig, Silver, Long Straight With Fringe","&nbsp;","&nbsp;","-","1","0.00","0.00","1","16.00","0.00","42166.jpg","0","6"
"1615","7","42286","Хипи перука дълга, с път по средата","Hippy Wig, Brown, Long With Centre Parting","&nbsp;","&nbsp;","-","1","0.00","0.00","1","15.00","0.00","42186.jpg","1","4"
"1616","7","42309","Мъжка къса, сива перука","Corporate Wig, Grey","&nbsp;","&nbsp;","-","2","0.00","0.00","1","12.00","0.00","42209.jpg","1","5"
"1617","2","43938","Изваяният Скелет","Fever Skeleton","Много ефектен гащеризон","Black, Catsuit with Cap Sleeves.","S","1","0.00","0.00","1","47.00","0.00","43838.jpg","1","510"
"1618","2","43978","Стюардесата в синьо","Airways Attendant Costume","Един много харесван и елегантен костюм, който е подходящ за всяко парти. Състои се от: сако, пола, шалче и &nbsp;шапка.","&nbsp;Blue, with Jacket, Skirt, Scarf and Hat.","M/L","1","0.00","0.00","1","43.00","0.00","43878.jpg","1","146"
"1619","2","45495","Красивата вампирка","Fever Seductive Vamp Costume","Един красив и секси карнавален костюм, с който ще бъдете неутразима за всяко парти! Включва се: пола, декориран корсет и ефектна яка.","Red &amp; Black, with Skirt, Corset and Collar.","S/M","1","0.00","0.00","1","65.00","0.00","45395.jpg","1","84"
"1620","4","44128","Приказната принцеса","Rags to Riches Princess Costume","Прекрасна рокля, за да се почувства вашето дете като в приказките. Костюмът включва синя рокля и коронка.","<div>Blue, with Dress.</div>","М","1","0.00","0.00","1","22.00","0.00","44028.jpg","1","156"
"1621","17","44131","Страховитото Зомби","Zombie Groom Costume","Перфектният карнавален костюм за Хелоуин. Състои се от: горно, тениска с принтена декорация, панталон и шапка с черепчета.","Black, Jacket, Printed Mock Shirt, Trousers and Hat.","М","1","0.00","0.00","1","27.00","0.00","44031.jpg","1","150"
"1622","3","20569","Пирата Джо","Pirate Costume","Карнавален, пиратски костюм, &nbsp;който включва: риза с горно, панталон, колан, кърпа и имитация на ботуши.","<div>Black, Headscarf, Top, Trousers, Belt &amp; Bootcovers</div>","L","1","0.00","0.00","1","35.00","0.00","20469.jpg","1","103"
"1623","2","20841","Рокля 60-те","1960S Tie Dye","Карнавален, дамски костюм, перфектен за парти от 60-те годими.","With Dress","M/S","0","0.00","0.00","1","29.00","0.00","20741.jpg","1","142"
"1624","3","21844","Костюм втора кожа в червено","Second Skin Suit, Red","Много ефектен, карнавален и сценичен костюм.","With Bumbag, Concealed Fly and Under Chin Opening","L","1","0.00","0.00","1","45.00","0.00","21744.jpg","1","102"
"1625","2","22279","Готината хипи танцьорка","Groovier Dancer Costume","Карнавална рокля и кърпа за главата.","With Denim Effect Dress, Mock Shirt and Headpiece","S","1","0.00","0.00","1","39.00","0.00","22179.jpg","1","139"
"1626","2","22524","Джас танцьорката","Jazz Flapper Costume","Рокля в лилаво с ресни и лента за коса.","Lilac, With Dress and Headpiece","S","0","0.00","0.00","1","29.00","0.00","22424.jpg","1","513"
"1627","2","22542","Дъгата хипи","Rainbow Hippie ","Карнавална ретро рокля и лента за коса.","Dress and Headband","S","1","0.00","0.00","1","35.00","0.00","22442.jpg","1","320"
"1628","2","26210","Ретро - Танцьорката","Jazz Flapper Costume","<div>Рокля в лилаво с ресни и лента за коса.</div>","Burgundy, With Dress and Headpiece","M","0","0.00","0.00","1","29.00","0.00","26110.jpg","1","135"
"1629","2","28705","Ретро рокля с ресни","Flapper Costume","Карнавален, дамски костюм, съдържащ рокля, колан и лента за коса.","Black, With Dress, Sash Belt and Headpiece","M","1","0.00","0.00","1","29.00","0.00","28605.jpg","1","349"
"1630","3","29250","Златния Елвис","Elvis Black and Gold Costume","Съдържа: риза, панталон, наметка и колан. Ефектен костюм, на който перфектно допълнение може да бъдат перука и очила.","<div>With Shirt, Trousers, Cape and Belt.</div>","M","1","0.00","0.00","1","50.00","0.00","29150.jpg","1","100"
"1631","3","33667","Хипи комплект","Hippy Male Instant Kit","Елече и лента с надписи","With Waistcoat and Headband","M","1","0.00","0.00","1","16.00","0.00","33567.jpg","1","299"
"1632","2","33776","Ретро дамата в златно","1920&#039;&#039;S Fringed Flapper Costume","Рокля","&nbsp;Includes Dress With Lace Front and Beaded Fringing.","M","1","0.00","0.00","1","45.00","0.00","33676.jpg","0","136"
"1633","3","33941","Костюм 70-те","70S Retro Costume","Карнавален костюм, съдържащ диско риза и панталон.","Black, With Psychedelic Pattern, Shirt and Flares","M","1","0.00","0.00","1","42.00","0.00","33841.jpg","1","99"
"1634","3","35484","Риза на Дъгата","1970S Rainbow Colour Shirt","&nbsp;","&nbsp;","M","1","0.00","0.00","1","19.00","0.00","35384.jpg","1","98"
"1635","2","35631","Ретро 60-те","1960S Groovy Lady","Рокля, горно и лента за коса.","With Dress, Printed Waistcoat and Headband","M","1","0.00","0.00","1","47.00","0.00","35531.jpg","1","141"
"1636","7","38417","Брада и перука","Santa Long Wig, White, With Beard","Подходяща за вълшебник или дядо Коледа","&nbsp;","-","1","0.00","0.00","1","15.00","0.00","38317.jpg","1","139"
"1637","3","38930","Капитан Въздушни сили","Ww2 Air Force Captain Costume","Сако, панталон, колан, шапка и вретовръзка.","Blue, With Trousers, Jacket, Hat and Tie","M","1","0.00","0.00","1","55.00","0.00","38830.jpg","1","96"
"1638","3","39597","Октоберфест","Oktoberfest Costume","&nbsp;Риза, панталон с тиранти и шапка.","<div>Green, Lederhosen Shorts With Braces, Top and Hat.</div>","L","1","0.00","0.00","1","45.00","0.00","39497.jpg","1","95"
"1639","4","39200","Ангелската принцеса","Angel Princess Costume","Детски, карнавален костюм, който съдържа рокля и ореолче. <a style=""display:none;"" href=""https://www.poplifeshoes.com"">tall men shoes</a>","With Dress and Headband","M","1","0.00","0.00","1","25.00","0.00","39100.jpg","1","71"
"1640","2","42433","Френска камелиерка","Fever French Maid Costume","Секси, карнавален костюм с корсет и поличка.","With Boned Corset and Tutu.","S","1","0.00","0.00","1","49.00","0.00","42333.jpg","1","134"
"1641","3","43626","Костюм Комикс","Comic Strip Suit","Ефектен костюм за различни поводи, който съдържа: сако, панталон и вратовръзка.","Jacket, Trousers and Tie","M","1","0.00","0.00","1","65.00","0.00","43526.jpg","1","90"
"1642","2","43922","Сестрата в действие","A and E Nurse Costume","Карнавален костюм, който включва рокля, престилка и касинка.","Red &amp; White, Dress, Mock Apron and Headpiece.","M/S","1","0.00","0.00","1","27.00","0.00","43822.jpg","1","133"
"1643","2","43934","Хипи Слънчоглед","Karma Kaftan","Ефектно горно и шапка","&nbsp;","XL","1","0.00","0.00","1","18.00","0.00","43834.jpg","1","131"
"1644","2","43964","Сладката полицайка","Constable Cutie Costume","Рокля, колан и шапка. Палката и белезниците могат да бъдат перфектно допълнение.","&nbsp;Black, with Dress, Hat and Belt","M","1","0.00","0.00","1","45.00","0.00","43864.jpg","1","132"
"1645","3","43965","Полицай в действие","Police Officer Costume","Съдържа синя риза със значка и шапка.","<div>Blue, Shirt with Badge and Hat.</div>","L","1","0.00","0.00","1","38.00","0.00","L_43865.jpg","1","94"
"1646","2","33929","Храбрата Войничка","Fever Army Girl Costume","Карнавален, секси костюм, включващ: камуфлажна рокля и шапка.","Dress and hat.&nbsp;","S","1","0.00","0.00","1","33.00","0.00","33829.jpg","1","128"
"1647","2","22137","Лешникотрощачката","Fever Naughty Nutcracker Costume, Blue","Карнавален дамски,елегантен костюм, съдържащ: рокля и шапка.","Dress and hat.","S","0","0.00","0.00","1","45.00","0.00","22037_a1.jpg","1","127"
"1648","8","23749","Ефектни лещи в черно","Black Out","Един страхотен завършек на карнавален грим за Хелоуин или друго събитие.","&nbsp;","-","1","25.00","0.00","0","0.00","0.00","23649.jpg","1","3"
"1649","8","23755","Впечатляващи лещи в бяло","White Out","Подходящи за вампири и зомбита.","&nbsp;","-","1","25.00","0.00","0","0.00","0.00","23655.jpg","1","2"
"1650","7","32125","Барокова, призрачна перука","Wig, Ghost Town Saloon Girl","&nbsp;","&nbsp;","-","1","0.00","0.00","1","19.00","0.00","32025.jpg","1","3"
"1651","5","45324","Венецианска ефектна маска","Venetian Plague Doctor Mask","&nbsp;","&nbsp;","-","1","0.00","0.00","1","12.00","0.00","45224.jpg","1","13"
"1652","2","28729","Дамата в черно","Fever Miss Whiplash Costume","Ефектен,секси карнавален костюм, който включва гащеризон.","Black","XS","1","0.00","0.00","1","40.00","0.00","28629.jpg","0","124"
"1653","2","22931","Симпатичното скелетче","Fever Soleil Skeleton","Перфектния костюм за тиквения празник, може като аксесоар да се прибавят ръкавици и маска.","Black","S","1","0.00","0.00","1","45.00","0.00","22831.jpg","1","368"
"1654","2","45497","Готината Тиквичка","Fever Pumpkin","Карнавален костюм, съдържащ: рокличка, горно с качулка и гети. Перфектен костюм за Хелоуин.","Tutu Dress with Detachable Straps, Orange, with Hooded Jacket and Boot Covers","XS","1","0.00","0.00","1","45.00","0.00","45397.jpg","1","50"
"1655","2","55130","Принцесата от Нил","Fever Queen of the Nile Costume","Карнавален,елегантен костюм, съдържащ: рокля, ефектна яка, клан и укращение за глава.","Black, Dress with Front Split, Belt, Collar and Headpiece","S","1","0.00","0.00","1","43.00","0.00","55030.jpg","1","122"
"1656","4","43129","Очарователното скелетче","Skeleton Tutu Costume","Много харесван, карнавален костюм, като допълнение мож да се сложи клин и аксесоар за главата <a style=""display:none;"" href=""http://www.bagshot.org"">Replica Fendi Handbags</a>.","Black &amp; White, Printed Dress with Tutu.","M/S","0","0.00","0.00","1","27.00","0.00","43029.jpg","1","86"
"1657","4","41200","Красивата червена шапчица","Miss Hood Costume","Подходящ за всички, които обичат приказки. Съдържа красива рокля с наметка. <a style=""display:none;"" href=""http://www.bagsale.net"">Replica Dolce & Gabbana Handbags</a>","Red, with Dress and Hooded Cape with Attached Wolf Ears","M","1","0.00","0.00","1","25.00","0.00","41100.jpg","1","79"
"1658","2","41138","Харли Куин","Harley Quinn Costume","Карнавален, дамски секси костюм, които се състой от корсет, пола, бижу и шапчица. Достоен за награда!","Skirt, Corset Top, Neck Ruffle and Hat.","S","1","0.00","0.00","0","55.00","0.00","41038.jpg","1","119"
"1659","5","37294","Старата красива вещица","Old Witch Mask","&nbsp;","&nbsp;","-","1","0.00","0.00","1","12.00","0.00","37194.jpg","1","12"
"1660","5","22248","Маска Черепът","Skull Overhead Mask","&nbsp;   ","&nbsp;   ","-","1","0.00","0.00","1","12.00","0.00","22148.jpg","1","11"
"1661","5","26573","Клуонът с прическа","Clown Mask, White, Red and Blue","&nbsp;","&nbsp;","-","1","0.00","0.00","1","12.00","0.00","26473.jpg","1","9"
"1662","17","44395","Зловещия дявол","Deluxe Devil Costume","Страшен, карнавален костюм, много харесван от момчетата.","Top with Horned Hood.","L/S","1","0.00","0.00","1","25.00","0.00","44295.JPG","1","100"
"1663","2","43830","Дяволицата в червено","Economy Devil Costume","Искате ли да сте лоша и чаровна едновременно, това е костюмът за вас, включва рокля, крила, рога и колан.","Dress, wings, horns and belt.&nbsp;","M","1","0.00","0.00","1","35.00","0.00","43730.jpg","1","117"
"1664","8","27929","Демонски рога","Demon Horns, Flexible","&nbsp;","&nbsp;","-","1","0.00","0.00","1","5.00","0.00","27829.jpg","0","1"
"1665","2","43728","Страшната монахиня","Gothic Nun Costume","Елегантен и впечатляващ костюм, особено ако се съчетае с подходящия грим.","&nbsp;Robe and headpice.","S","1","0.00","0.00","1","39.00","0.00","43728.jpg","1","107"
"1666","2","41209","Чаровната вещица","Fever Witch Devine Costume","Красив, секси костюм с корсет, пола и вещерска шапка.","Green, with Corset, Skirt and Hat","S","1","0.00","0.00","1","45.00","0.00","41109.jpg","1","361"
"1667","3","24674","Фантомът от операта","Dark Opera Masquerade Costume","Съдържа: наметка, имитация на риза жилетка, маска, ръкавици и роза.","Cape, Mock Shirt, Mask, Gloves &amp; Silk Rose","L","1","0.00","0.00","1","47.00","0.00","24574.jpg","1","93"
"1668","3","43838","Мексиканецът от отвъдното","Day of the Dead Senjor Bones Costume","Впечатляващ, карнавален костюм, с който ще ви забележат, където и да отидете!","Suit, sombrero and mask.&nbsp;","M","1","0.00","0.00","1","65.00","0.00","43738.jpg","1","14"
"1669","2","22975","Бялото котенце","Fever Party Pussy","Секси, карнавален костюм, с който ще ви забележат задължително.","Pretty Pussy Costume, With Tutu Skirt, Choker and Ears","STD","1","0.00","0.00","1","29.00","0.00","22875.jpg","1","115"
"1670","3","43489","Жабокът &quot;Целуни ме&quot;","Frog Prince Costume","Забавен карнавален костюм, с който можете да си спечелите и целувка.","Bodysuit with Attached Gloves","STD","1","0.00","0.00","1","47.00","0.00","43389.jpg","1","59"
"1671","6","95417","Индианско укращение с пера за глава","Long Indian Chief Headdress, Multi-Coloured","&nbsp;","&nbsp;","-","1","0.00","0.00","1","7.00","0.00","95317.jpg","1","6"
"1672","2","30047","Жестоката Мореплавателка","Penelope Pirate Costume, Blue","Дамски, карнавален костюм, подчертаващ фигурата,съдържащ горно, клин, болеро и &nbsp;изискана шапка.","Pants, top, hat and saber.&nbsp;","S","1","0.00","0.00","1","45.00","0.00","29947.jpg","1","102"
"1673","3","43515","Мускетаря Портос","Musketeer Male ","Мъжки костюм, които сключва, горно, гети, шапка и ръкавици.","Costume, with Top, Hat.","M/L","1","0.00","0.00","1","50.00","0.00","43415.jpg","1","92"
"1674","6","28414","Короната на страшната кралица","Evil Queen Crown, Black","&nbsp;","&nbsp;","-","1","0.00","0.00","1","6.00","0.00","28314.jpg","1","5"
"1675","6","26852","Шапчица &quot;Бъдещата булка&quot;","Bride To Be Hat,White","&nbsp;","&nbsp;","-","1","0.00","0.00","1","8.00","0.00","26852.jpg","1","4"
"1676","8","22457","Лента &quot;Бъдещата булка&quot;","Bride To Be Sash,Pink","&nbsp;","&nbsp;","-","1","0.00","0.00","1","5.00","0.00","22357.jpg","1","143"
"1677","2","43584","Принцесата от джунглата","Fever Cave Woman Costume","Карнавален, впечатляващ костюм с рокля, лента за глава и пухкави гети.","Dress, head and leg pieces.&nbsp;","S","1","0.00","0.00","1","39.00","0.00","43484.jpg","1","154"
"1678","6","32013","Корона &quot;Прекрасната булка&quot;","Bride To Be Tiara","&nbsp;","&nbsp;","-","1","0.00","0.00","1","10.00","0.00","31913.jpg","1","3"
"1679","6","25071","Шапка &quot;Хвани ме, ако можеш&quot;","Top Hat,Black","&nbsp;","&nbsp;","-","1","0.00","0.00","1","10.00","0.00","24971.jpg","1","2"
"1680","6","24247","Шапка - Неведимка","Tall and Twisty Witches Hat, Black","&nbsp;","&nbsp;","-","1","0.00","0.00","1","7.00","0.00","24147.jpg","1","1"
"1681","2","25538","Кралицата в синьо","Baroque Beauty Masquerade Costume","Изискана, барокова рокля, от луксозната серия костюми.","Dress With Peplums.","L","0","0.00","0.00","1","50.00","0.00","25438.jpg","1","100"
"1682","17","44403","Призрачно Зомби","Ghostly Ghoul Costume","Искате ли да сте призкак и да сте зомби едновременно, това е костюма за вас!","As picture.&nbsp;","T/M","0","0.00","0.00","1","25.00","0.00","44303.JPG","1","98"
"1683","17","21716"," Магьосник Абракадабра","Wizard Boy Costume","Карнавален костюм, включващ горно с наметало и магьосническа шапка.","Top with cape and a wizard's hat.&nbsp;","L","1","0.00","0.00","1","20.00","0.00","21616.jpg","1","96"
"1684","5","39607","маска Шимпанзе","Chimp Mask","&nbsp;","&nbsp;","-","1","0.00","0.00","1","12.00","0.00","39507.jpg","1","7"
"1685","3","43493","Хипопотама- Балерина","Ballerina Hippo Costume","Много забавен, карнавален костюм, в който няма да останете незабеляван.","Foam Bonded with Bodysuit.","STD","1","0.00","0.00","1","55.00","0.00","43393.jpg","1","9"
"1686","3","43613","Мистър Мускул","Realistic Muscle Top","Бързо, лесно и без диета, ще ви помогнем да направите перфектните плочки.","With Long Sleeves.","L","1","0.00","0.00","1","23.00","0.00","43513.jpg","1","91"
"1687","3","43517","Крал Артур","King Arthur Deluxe Costume","Карнавален, луксозен костюм, подходящ за всели който иска да се преобрази в смел войн.","Costume with crown and cape.&nbsp;","M","1","0.00","0.00","1","55.00","0.00","43417.jpg","1","89"
"1688","3","43819","Магьосникът Гандалф","Wizard of the Woods Costume","Карнавален, мъжки костюм от луксозната серия, подходящ за филмози и магични партита.","With hat and beard.","M","1","0.00","0.00","1","50.00","0.00","43719.jpg","1","87"
"1689","17","44162","Чаровния Жабок - Принц","Deluxe Prince Charming","карнавален, детски костюм, който включва горно, панталон, шапка и маска.&nbsp;","Costume with Hat, Mask","М","0","0.00","0.00","1","25.00","0.00","44062.jpg","1","95"
"1690","17","44179","Храбрия крал Артур","King Arthur Medieval Tunic","<div>Кой не иска да бъде крал?&nbsp;Перфектен костюм за различни тематични партита.</div>","Tunic, cape and crown.","S/L","0","0.00","0.00","1","25.00","0.00","44079.jpg","1","90"
"1691","17","44097","Капитак Хук ","Deluxe Pirate Captain ","Карнавален костюм, перфектен за пиратско или филмово парти. Като аксесоари може да се добавят кука и сабя.","Costume, with Jacket.","S","1","0.00","0.00","1","25.00","0.00","43997.jpg","1","127"
"1692","3","44453","Железния Жътвар","Grim Reaper Costume","Карнавален костюм, перфектен за Хелоуин. Съдържа роба с качулка и маска.","Robe and mask.","M/L","1","0.00","0.00","1","40.00","0.00","44353.jpg","1","64"
"1693","5","45326","Венецианска дантелена маска","Embroidered Lace Filigree Eyemask","перфектен аксесоарза всяка дама.","&nbsp;","-","1","0.00","0.00","1","7.00","0.00","45226.jpg","1","6"
"1694","5","45327","Венецианска дантелена маска в черно","Embroidered Lace Filigree Swirl Eyemask","перфектен аксесоарза всяка дама.","&nbsp;","-","1","0.00","0.00","1","7.00","0.00","45227.jpg","1","5"
"1695","3","40197","Фараонът - Зомби","Zombie Pharaoh","Уникален карнавален костюм, който няма да остане незабеляван.&nbsp;","Gold, Tabard with Arm Cuffs and Headpiece.","L","1","0.00","0.00","1","65.00","0.00","40097.jpg","1","53"
"1696","3","40196","Бог  Анубис ","Anubis the Jackal","Много ефектен карнавален костюм, с който ще впечатлите всички на партито.","Black, Tunic with Collar, Arm Cuffs, Armbands and Mask.","L","1","0.00","0.00","1","65.00","0.00","40096.jpg","1","85"
"1697","2","40198","Богинята - Котка","Bastet the Cat Goddess","Ефектен карнавален костюм, който съдържа рокля, яка, ръкави и маска на коте.&nbsp;","Black, Dress with Collar, Draped Sleeves and Mask.","S","1","0.00","0.00","1","65.00","0.00","40098.jpg","1","93"
"1698","2","887368","Притката - Скелет","Skellie Pirate Wench","Впечатляващ карнавален костюм, включва: блуза, клин, горна рокля, колан и лента за косата.","DRESS BELT SHIRT LEGGINGS &amp; HEADSCARF","S","1","0.00","0.00","1","55.00","0.00","887268.jpg","1","365"
"1699","3","884921","Робин","H/S Robin™","Много харесван, филмов костюм, съдържащ гащеризон с наметало и маска.","ARKHAM ZEPPLIN.... PRINTED JUMPSUIT W/CAPE &amp; EYEMASK.","M","1","0.00","0.00","1","55.00","0.00","884821.jpg","1","84"
"1700","3","884920","Батман - Черния рицар","M/C Batman™","Известен, филмов, карнавален костюм, който съдържа гащеризон с имитация на обувки, наметало, маска и колан.","ARKHAM ZEPPLIN.... M/C JUMPSUIT W/ATT BOOT COVERS CAPE 1/2 MASK &amp; MOLDED BELT.","M","1","0.00","0.00","1","65.00","0.00","884820.jpg","1","82"
"1701","4","881388","Жената - Котка","Dlx. Catwoman™","Известен, много харесван, филмов костюм, който съдържа: гащеризон, домино, уши, ръкавици и колан.","BATMAN DARK KNIGHT RISES... JUMPSUIT 2 GLOVES BELT MOLDED HEADPIECE &amp; MOLDED EYEMASK.","L","0","0.00","0.00","1","35.00","0.00","881288.jpg","1","12"
"1702","17","883206","Жокерът","Deluxe The Joker™","Известен, харесван, филмов костюм, който съдържа: елек с вратовръзка, горно, маска и панталон.","JACKET W/ATT SHIRT TIE &amp; VEST PANTS &amp; MASK","L","1","0.00","0.00","1","38.00","0.00","883106.jpg","1","49"
"1703","3","880387","Субзеро","Subzero™","Любим костюм за всички фенове на Мортал Комбат. Съдържа гащеризон, ленти за краката и ръцете, колан и ефектна маска.","MORTAL KOMBAT... JUMPSUIT W/ATT TABARD TRICEPS GAUNTLETS SHIN GUARDS BELT &amp; 1/2 PVC MASK","STD","1","0.00","0.00","1","59.00","0.00","880287.jpg","1","80"
"1704","3","881072","Рейдън","Raiden™","Известен от Мортал Комбат. Няма да останете незабелязан с този костюм на всяко парти.","MORTAL KOMBAT. JUMPSUIT W/ATT TABARD BOOT COVERS MOLDED SHOULDERS BELT HAT HOOD MOLDED SHIN GUARDS &amp; MOLDED GAUNTLETS.","STD","1","0.00","0.00","1","65.00","0.00","RUB-880972-C.jpg","1","48"
"1705","17","884355","Хари Потър","Dlx. Harry Potter™ Robe","Филмов костюм от делукс серията, харесван от малки и големи! Включва мантия и вратовръзка.","Robe and tie.","L","0","0.00","0.00","1","27.00","0.00","128488.jpg","1","78"
"1706","17","884362","Волдемор","Voldemort™","Фенове ли сте на Хари Потър, значи това е перфектния костюм за вас. Включва роба и много ефектна маска.","Robe and mask.","M","1","0.00","0.00","1","27.00","0.00","voldemore.jpg","1","88"
"1707","4","886589","Вещицата от Запада","H/S Child-Wicked Witch of The West™","<div>Карнавален, ефектен, филмов костюм от Магьосникът от Оз, включващ рокля с наметка и вещерска шапка.</div> <a style=""display:none;"" href=""https://www.justcheapshoes.com"">www.justcheapshoes.com</a>","Robe, cape and hat.","M","0","0.00","0.00","1","32.00","0.00","886489.jpg","1","67"
"1708","2","887479","Вещицата от Запада","H/S Adult Wicked Witch Of The West™","Карнавален, филмов, луксозен костюм от Магьосникът от Оз, включващ рокля с наметка и вещерска шапка.","Robe, cape and hat.","STD","1","0.00","0.00","1","47.00","0.00","887379.jpg","1","78"
"1709","3","15132","Нео от Матрицата","Matrix™ Neo™","Хресван и разпознаваем костюм, съсътой се от дълго манто и очила.","GLASSES AND COAT","STD","1","0.00","0.00","1","43.00","0.00","15032-1.jpg","1","77"
"1710","7","34135","Гандалф Перука с брада","Gandalf™ Beard Kit","&nbsp;&nbsp;","&nbsp;","-","1","0.00","0.00","1","12.00","0.00","34035.jpg","1","2"
"1711","17","610703","Зеб от Междузвезни войни","Dlx. Zeb™","За всички фенове на междузвезни войни, това е перфектния костюм. Съдържа всичко без оръжието.","STAR WARS REBELS... PRINTED POLY FILL JUMPSUIT BELT EVA SHOE COVERS &amp; MASK","M","1","0.00","0.00","1","37.00","0.00","610603.jpg","1","86"
"1712","17","882109","Дарт Вейдер в черно","Darth Vader™","Много харесван и търсен костюм, състоящ се от маска, гащеризон и наметка.","JUMPSUIT, BELT, CAPE AND MASK","S","0","0.00","0.00","1","25.00","0.00","882009.jpg","1","55"
"1713","3","16902","Клонирания","Clone Trooper™ - Adult","Много харесван костюм от Междузвезни войни, състоящ се от маска и гащеризон.","PRINTED JUMPSUIT-PVC MASK","STD","1","0.00","0.00","1","49.00","0.00","3043858.jpg","1","74"
"1714","3","16904","Йода","Yoda™ - Adult","Търсен и харесван костюм от Междузвезни войни, състоящ се от маска, роба и наметка.","HOODED ROBE-JUMPSUIT-MASK","L","1","0.00","0.00","1","45.00","0.00","16804.jpg","0","73"
"1715","19",,"Балерината - Прилепче","Bat-Ista Ballerina","Тиара, рокля и пръчица.","TIARA DRESS &amp; WAND","TODD","1","0.00","0.00","1","25.00","0.00","881514.jpg","1","12"
"1716","4","881311","Принцесата на Хелоуин","Frankie&#039;&#039;s Princess","Много харесван костюм за Хелоуин и не само. Съдържа клинче, рокличка, <a style=""display:none;"" href=""http://www.bagstyle.cn"">Replica Dolce &amp; Gabbana Handbags</a> ръкавели, бижу и украшение за косата.","DRESS LEGGINGS GLOVELETS CHOKER &amp; HEADBAND","S/M","1","0.00","0.00","1","32.00","0.00","881211.jpg","1","94"
"1717","17","881130","Извънземното","Alien Commander","Впечатляващ костюм, подходящ за всяко парти, съдържа роба с качулка и маска.","GLOW IN THE DARK MASK GLOVES AND FULL CUT HOODED ROBE.","L","1","0.00","0.00","1","29.00","0.00","881030.jpg","1","82"
"1718","17","887156"," Призрачният Паяк","Death Stalker","Искате ли да сте страшни на празника, това е костюма за вас, само трябва да добавите един ефектен грим и сте готови за Хелоуин.","HOODED ROBE","S/L","1","0.00","0.00","1","23.00","0.00","887056.jpg","1","189"
"1719","17","887157","Драконовия Нинджа","Dragon Ninja","Кой не обича да бъде нинджа. Съдържа горно, панталон, колан и маска.","HOODED TOP MASK &amp; PANTS","L","0","0.00","0.00","1","25.00","0.00","887057.jpg","1","85"
"1720","17","886704","Лорда на Вампирите","Vampire Lord","Перфектен и ефектен костюм за всеки, желаещ да бъде вампир. Може да се добавят зъби и кръв за завършване на визията.","JACKET W/VEST JABOT HAT BROOCH &amp; PANTS","S/L","1","0.00","0.00","1","32.00","0.00","886604.jpg","1","119"
"1721","19","884045","Бляскавата Принцеса","Blue Liteup Princess","Рокля и коронка","DRESS &amp; TIARA","TODD","1","0.00","0.00","1","32.00","0.00","princess.jpg","1","7"
"1722","4","882827","Принцесата Гейша","Asian Princess","Интересно кимоно с цветя и колан и украшение за косата. <a style=""display:none;"" href=""http://www.bagstyle.cn"">www.bagstyle.cn</a>","DRESS OBI AND HEADPIECE","L","1","0.00","0.00","1","25.00","0.00","882727.jpg","1","6"
"1723","4","610121","Приказното Ангелче","Angelique","Прекрасна рокля със сребристи орнаменти, крила и ореолче.<a style=""display:none;"" href=""https://www.hotshoes.biz"">elevator shoes for men</a>","DRESS HALO &amp; WINGS","S/L","0","0.00","0.00","1","32.00","0.00","angelche.jpg","1","58"
"1724","19","610193","Симпатичното Призраче","Ghost Tutu Dress","Много идеен и харесван костюм, състой се от рокличка и украшение за косата.","TUTU DRESS &amp; HEADPIECE","TODD/M","1","0.00","0.00","1","25.00","0.00","610093.jpg","1","14"
"1725","4","886711","Парти Кет","Party cat","Костюм, състой се от рокличка,котешка шапка и аксесоари за ръцете и краката. <a style=""display:none;"" href=""https://www.shoesvariety.com"">shoes for short men</a>","Tutt, head, arm and legs.","L","1","0.00","0.00","1","35.00","0.00","886611.jpg","1","75"
"1726","4","610127","Балерината - Скелет","Skelee Ballerina","Интересен костюм на скелет с допълнение поличка. <a style=""display:none;"" href=""http://www.bagsale.net"">www.bagsale.net</a>","BODYSUIT BELT &amp; TUTU","M/L","0","0.00","0.00","1","33.00","0.00","610027a.jpg","1","77"
"1727","4","884044","Готическата Принцеса","Gothic Ballerina","Харесван и интересен карнавален костюм с рокля, корона, ръкавели и бижу. <a style=""display:none;"" href=""http://www.bagssale.cn"">www.bagssale.cn</a>","DRESS TIARA SLEEVELETS &amp; NECKLACE","M","1","0.00","0.00","1","33.00","0.00","883944.jpg","1","90"
"1728","4","886724","Господарката на пиратите","Pirate Princess","Включва рокличка, колан, имитация на бутуши и шапка. <a style=""display:none;"" href=""http://www.bagsonly.net"">Best Replica Handbags</a>","<div>HAT DRESS BOOT TOPS &amp; BELT</div>","S","1","0.00","0.00","1","28.00","0.00","886624.jpg","1","89"
"1729","4","884844","Пиратката - Съкровище","Treasure","Харесван и интересен карнавален костюм с поличка, горнище, шапка и аксесоари за краката. <a style=""display:none;"" href=""https://www.shoesvariety.com"">high heel shoes for men</a>","DRAMA QUEENS... TOP SKIRT HAT &amp; KNEE SOCKS.","L","0","0.00","0.00","1","32.00","0.00","884744.jpg","1","14"
"1730","17","881485","Зoбми","zomboy","Шапка и горнище с интересни ръкави.","Hat and top.","L","1","0.00","0.00","1","32.00","0.00","881385.jpg","1","97"
"1731","4","881486","Рок - зомби тийнейджърка","Zombet #2","Горнище и пола.","SHIRT TOP &amp; SKIRT","L","1","0.00","0.00","1","32.00","0.00","881386.jpg","1","145"
"1732","17","883909","Среднощно Зомби","Zombie Nightmare","Роба с качулка и въженце за колан.","HOODED ROBE WITH GAUZE DRAPING &amp; BELT CORD","L","1","0.00","0.00","1","24.00","0.00","883809.jpg","1","191"
"1733","4","883917","Среднощен дух","Midnight Spirit","Качулка с перука, горно и рокличка.","WIG HOODED GAUZE COAT &amp; DRESS","M","1","0.00","0.00","1","27.00","0.00","883817.jpg","1","151"
"1734","4","882162","Зомби - Кралицата на випуска","Zombie Prom Queen","text","DRESS TIARA WITH VEIL &amp; GLOVELET.","M/L","1","0.00","0.00","1","32.00","0.00","882062.jpg","1","92"
"1735","2","880849","Кралицата на Вампирите","Queen Of The Vampires","Съдържа рокля от кадифе с ефектна яка. С добавка една корона ще бъдете кралицата на партито.","Dress and crown.","STD","1","0.00","0.00","1","55.00","0.00","880749.jpg","1","89"
"1736","2","889181","Дамата с черепите","Female Skull Dress","Рокля с цепка и ефектни черепи. Перфектен Хелоуински костюм.","HOODED DRESS","STD","1","0.00","0.00","1","45.00","0.00","889081.jpg","1","362"
"1737","2","810119","Зомби Принцеса","Sinder-ella","В зависимост от аксесоарите можете да сте зомби булка, принцеса или пепеляшка. Състой се рокля и ръкавици.","DRESS &amp; GLOVELETTS","XS","1","0.00","0.00","1","49.00","0.00","810019.jpg","1","367"
"1738","3","810142","Юлий Цезар","Julius Caesar","Карнавален, мъжки костюм от луксозната серия.","TUNIC W/ATT ARMOR CAPE HEADPIECE &amp; GAUNTLETS","STD","1","0.00","0.00","1","50.00","0.00","810042.jpg","1","4"
"1739","3","880677","Вампирът - Аристократ","Vampire","Риза с жабо и вградено елече, наметало и медальон.","SHIRT W/ATT JABOT VEST CAPE &amp; MEDALLION","XL","1","0.00","0.00","1","27.00","0.00","880577.jpg","1","75"
"1740","3","880681","Смелия Войн","Knight to Remember","Туника, колан и част за главата.","TUNIC BELT &amp; HEADPIECE","XL","1","0.00","0.00","1","35.00","0.00","880581.jpg","1","72"
"1741","3","880869","Доброто ченге","Police Officer- Blue","Риза, шапка и значка.","SHIRT HAT &amp; BADGE","XL","1","0.00","0.00","1","38.00","0.00","880769.jpg","1","70"
"1742","3","16036","Министър на Правосъдието","Minister of Death","Кадифена роба с кант и интересни копчета.","VELVET ROBE W/ METALLIC TRIM &amp; BUCKLES","STD","1","0.00","0.00","1","45.00","0.00","15936.jpg","1","68"
"1743","2","16031","Среднощна Принцеса","Midnight Priestess","Кадифена рокля с ефектен кант.","HOODED VELVET ROBE W/ METALLIC TRIM","STD","1","0.00","0.00","1","38.00","0.00","15931.jpg","1","571"
"1744","2","888131","Зомби Червена Шапчица","Little Dead Riding Hood","Перфектният костюм за Хелоун, съдържа, рокля, наметка и интересен колан.&nbsp;","DRESS CAPE W/BROOCH &amp; LATEX BELT","XS","0","0.00","0.00","1","55.00","0.00","888031.jpg","1","309"
"1745","2","810637","Завладяващата Пиратка","Rum Runner Pirate","Карнавален костюм от делукс серията, който е подходящ за всяко парти!","TOP SKIRT &amp; HEADBAND","STD","1","0.00","0.00","1","45.00","0.00","810537.jpg","1","82"
"1746","3","810638","Капитан Смело Сърце","Captain Black Heart","Карнавален костюм от делукс серията, съдържа имитация на риза, ефектно горно, колан и пиратска кърпа за главата.","JACKET VEST BELT &amp; HEADPIECE.","STD","1","0.00","0.00","1","45.00","0.00","810538.jpg","1","65"
"1747","3","73321","Скитзо","Skitzo","Много впечатляващ костюм, гащеризон с колан и вериги и ефектна маска.","MASK JUMPSUIT W/VINYL ACCENTS SHAKELS W/CHAIN VINYL BELT","STD","1","0.00","0.00","1","47.00","0.00","610027.jpg","1","33"
"1748","3","17844","Фараонът от Нил","Pharaoh","Лек и удобен костюм, който съдържа роба, яка, колан и кърпа за главата.","ROBE COLLAR BELT &amp; HEADPIECE","XXL","1","0.00","0.00","1","42.00","0.00","17744.jpg","1","88"
"1749","17","610882","Миньон Дракула","Minion Dracula™","Много харесван и търсен, ефектен костюм, съдържа наметало, зъби и шапчица, очила и ръкавици. Ако искате да сте уникални това е костюмът за вас!","MINIONS... CAPE GOGGLES TEETH HEADPIECE &amp; GLOVES","L","1","0.00","0.00","1","37.00","0.00","610782.jpg","1","37"
"1750","17","610885","Миньон Кевин","Minion Kevin™","Забавен и ефектен костюм, всеки който е гледал филма ще го оцени!","MINIONS... PRINTED JUMPSUIT GLOVES HEADPIECE &amp; GOGGLES","M","1","0.00","0.00","1","37.00","0.00","610785.jpg","1","68"
"1751","3","810564","Миньонът Кевин","Minion Kevin™","Забавен и търсен костюм, който съдържа гащеризон, ръкавици, очила и шапка. Ако искате да уникални на партито или да изненадате детето си това е вашия костюм!","MINIONS... PRINTED JUMPSUIT GLOVES HEADPIECE &amp; GOGGLES","STD","1","0.00","0.00","1","59.00","0.00","810464.jpg","1","43"
"1752","17","887073","Любимия миньон Дейв","Minion Dave Costume - Despicable Me 2","Карнавален костюм, от филма &quot;Аз, злосторникът&quot;, съдържа гащеризон, ръкавици, шапчица и очила. Перфектната маскировка за всеки повод.","Your chid will look super cute with this great fun Minion Dave Costume licensed by Despicable Me 2. The costume jumpsuit, gloves, headpiece and goggles.","S/M","1","0.00","0.00","1","35.00","0.00","886973.jpg","1","81"
"1753","17","889070","Костенурката нинджа Микеланджело","Ninja Turtles Michelangelo","Много известен и харесван герой, от нашумелия филм &quot;Костенурките Нинджа&quot;. &nbsp;Карнавалният костюм включва: гащеризон с имитиращи ботуши и маска.","The amazing Michelangelo has a brand new outfit, cooler than ever and based on the latest film from the Ninja Turtles. This Michelangelo Costume includes jumpsuit with shoe covers, stuffable shell and mask.","M/L","1","0.00","0.00","1","35.00","0.00","888970.jpg","1","73"
"1754","17","00495","Строховития Дух","Evil Spirit","Карнавален костюм, който включва: ефектна, преливаща роба с качулка и маска.","Scare everyone out there at the party when you move amongst your family and friends wearing this super scary Ghost Costume. It comes with a drape sleeved robe and a mask.","M/L","1","0.00","0.00","1","29.00","0.00","00395.jpg","1","64"
"1755","17","00327","Принца на Мрака","Prince Of Darkness","Перфектния вампирски костюм за вашето дете, съдържа: чено-червено горно с вратовръзка и риза и наметало.","This great Prince Of Darkness Child Costume will instantly transform your child into a fearsome, terrifying vampire! The outfit includes the vest with attached sleeves, the cape and the dicky with pin; all you need to add is trousers and shoes. This classic Halloween costume is fun and easy to wear, and is sure to strike fear into the hearts of everyone this spooky season!","L","1","0.00","0.00","1","23.00","0.00","00227.jpg","1","79"
"1756","3","6769676","Строховития Капитан Хук","Captain Hook Scary","Уникален карнавален костюм, който включва: ефектна маска, шапка с коса, жакет с колани и скелети, жабо.","<div>This amazing Wicked Neverland Captain Hook costume is an alternative version of the iconic Disney villain from the film Peter Pan. The Captain Hook Skeleton costume will allow you to become a zombified version of one of the most loved characters in Disney and literary history. The costume includes a coat with skeleton epaulettes, sash, pirate hat with hair and skeleton mask to complete a unique and fun look.</div>
<div>Please note that the costume does not include the trousers, boots, sword or hook. Includes, Mask, Jacket, Sash, Hat.</div>","L/XL","1","0.00","0.00","1","57.00","0.00","6769576.jpg","1","51"
"1757","2","01366","Магьосницата от приказките","Storybook Sorceress","Елегантен, ефектен и известен костюм, състой се от рокля с корсет, наметка и украшение за глава с рога.","Look sexy, charming and the wicked witch in this storybook sorceress costume to your next Halloween party! The costume is a black, teal and purple gown with corset and sheer sleeves. It also includes a headband with horns, feathery shoulder pads and matching cape.","L/XL","1","0.00","0.00","1","55.00","0.00","01266.jpg","1","86"
"1758","2","85102","Принцесата от Ренесанса","Royal Renaissance","Карнавален костюм, който включва кадифена рокля със златисти орнаменти и корона за главата.","An magical renaissance costume costume with an elegance only achievable by royalty. This regal costume features a stretch dress in blue velour with golden detailing and medieval style headpiece.","L","1","0.00","0.00","1","37.00","0.00","85002.jpg","1","68"
"1760","7","70606","Мария Антоанета","Marie Antoinette Wig","&nbsp;","&nbsp;","-","1","0.00","0.00","1","15.00","0.00","70506.jpg","1","1"
"1761","17","620778","Капитан Америка","Captain America Civil War Classic","Карнавален, известен костюм, съдържащ: луксозен гащеризон с мускули и маска.","<div>America to life in this classic jumpsuit and snood!</div>
<div>Spring into action alongisde your Avenger buddies to fight injustice in the new Marvel move Captain America: Civil War.</div>","S","1","0.00","0.00","1","25.00","0.00","620678a.jpg","1","77"
"1762","3","01367","Кралят-Зомби","Skull Knight","Карнавален костюм, съдържащ: маска, туника, наметало, колан, качулка и медальон.","The princess you save will scream in fright, instead of laughing in delight when you wear this Skull Knight Halloween costume. This set of skull mask, tunic, cape, chain mail hood, medallion, foam cuffs and belt is perfect for a costume party, Trick or Treat, etc. Add a shield and a sword for a more complete look.","L","0","0.00","0.00","1","57.00","0.00","01267.jpg","1","56"
"1767","2","71436","Крадецът на души","Forsaken Souls Costume","Карнавален костюм, подходящ за Хелоуин, съдържащ: роба с качулка, с ефектно изпринтени духове.","Embrace the Halloween season with this lady ghost in a black dress, with greyish white skull prints, looking as if they're moaning and screaming in pain. Our Forsaken Souls Costume is one of our creepiest outfits for women this year. You can also accessorise with fake long nails, make-up and a wig to complete the look.","STD","1","0.00","0.00","1","37.00","0.00","71336a.jpg","1","81"
"1768","4","889643"," Принцесата Анна от Арендел","Anna Classic Costume - Disney Frozen","Любимата геройня на всички момиченца, съдържа красива рокля. <a style=""display:none;"" href=""http://www.bagsale.net"">Replica Bvlgari Handbags</a>","<div>Licensed costume design based on Disney's epic adventure: Frozen, this Anna Classic Costume is also known as Anna's Travelling is based on one of the film's main characters and it features a full dress.</div>
<div>Copyright Disney &amp; TM. All Rights Reserved</div>","S","1","0.00","0.00","1","21.00","0.00","889543.jpg","1","81"
"1769","17","3732A","Тиквения Джак","Kids Pumpkin Jack Mad Hatter Costume","Интересен и различен костюм, перфектен за Хелоуин, включва роба с тиквена глава с коса и шапка, през която можете да гледате, без да ви виждат вас!","An amazing costume for this Halloween season, the kids Pumpkin Jack costume, also known as Mad Hatter Halloween costume features a long sleeved black robe with a large attached pumpkin/skull foam face attached to the chest. This costume is completed with a large hat in black which has a wide black brim and long grey and silver hair attached underneath. The wearer's head is contained within the hat behind a black mesh panel.","M","1","0.00","0.00","1","32.00","0.00","3632KID.jpg","1","153"
"1770","17","887855","Бъмбълби","Bumblebee Transformers 4 Costume","Карнавален, детски костюм, любимец на всички от филма&quot;Тренсформарс&quot;. Включва релефен гащеризон и маска.","Child size Bumblebee costume from Transformers 4 featuring a full jumpsuit and front face mask.","S","1","0.00","0.00","1","32.00","0.00","887755S.jpg","1","70"
"1771","2","01331","Злата Кралица","Evil Sorceress","Ако искате да сте едновременно страшна и очарователно изискана, това е костюма за вас! Съдържа елегантна рокля и корона.","No one will mind being cursed by a sorceress who looks this good! This fantastic Evil Sorceress Costume includes the gorgeous dress with attached sleeve drapes and the crown headpiece. This amazing outfit will certainly give you the wow factor at your next Halloween, 'heroes and villains' or fantasy themed party.","S","1","0.00","0.00","1","59.00","0.00","01231.jpg","1","22"
"1772","3","01283","Кралят Лъвското сърце","Richard T.Lionheart","Карнавален костюм, съдържащ: луксозна туника, наметало, два медальона, колан, ръкавници и корона.&nbsp;","A tremendous costume for an important historical figure, Richard I, also known as &quot;Coeur de Lion&quot; or &quot;Richard the Lionheart&quot; took command of his own army bad the age of 16, if you have what it takes to fill this big man's boots/chain mail, this costume will certainly do you both justice. The Richard &ldquo;Lionheart&rdquo; Costume features a tunic, hood, cape, two medallion pins, belt, two arm guards, and crown.","L/XL","1","0.00","0.00","1","57.00","0.00","01183.jpg","1","46"
"1773","2","01264","Неотразимата Главорезка","Swashbuckler Sexy Costume","Карнавален, дамски костюм, от луксозната ни серия, който съдържа: рокля с кожени елементи, поличка, колан и пиратска шапка.","Another fabulous Pirate costume for the sexy Swashbuckler in you! This deluxe costume made by American fancy dress makers California Costumes might just be what you need to stand out in the harsh environment of fancy dress world of piracy.","S/M","1","0.00","0.00","1","59.00","0.00","01164.jpg","1","69"
"1774","2","01672","Октоберфест Лейди","Oktoberfest Fraulein Costume","Костюм от луксозната серия, който съдържа: рокля, престилка и фустичка.","<div>Get beer girl beautiful with this Oktoberfest Fraulein Costume. Coming complete with knee length dress to keep things terrifically traditional, attached corset with gorgeous green detailing, apron to catch any spills and pettiskirt this costume is the perfect pick for any fantastic Fraulein!</div>
<div>FeaturesDress with attached corsetApronPettiskirt</div>","M/L","1","0.00","0.00","1","47.00","0.00","01572.jpg","1","80"
"1775","2","130634","Злокобната монахиня","Sinister Sister Costume","В гръб е една мила монахиня, но обърне ли се... Е перфектния костщм за Хелоуин. В костюма са включени: робата, маската, медальона, кърпата за главата и ръкавиците.&nbsp;","Imagine people tapping you at the back, thinking you came as a sweet nun, only to scream in shock when they see your mask. This scary nun outfit is perfect for Halloween. It is a set of sinister looking mask, a nun's gown, a collar, a veil, gloves, and a medallion. Successfully play the part of a ghoul nun in this Halloween costume.","STD","1","0.00","0.00","1","55.00","0.00","130534.jpg","1","331"
"1776","2","808641","Медуза","Medusa Costume Deluxe","Ефектен костюм от гръцката митология, в него се включва ефирна рокля, ръкави и украшение за главата със змии.","<div>The famed Medusa from Greek mythology was a Gorgon, a scary female monster that turned man into stone with a single glance. Much more adapted to the post Sex and the City era, this Medusa will be famed for melting men's hearts with that same glance.</div>
<div>This costume is available in a Large size only, please check size guide for more details.</div>","S/M","1","0.00","0.00","1","55.00","0.00","808541.jpg","1","67"
"1777","17","3724","Мистър Лудия Шапкар","Mad Hatter Mr Hyde Child Costume","Забавен,лек и интересен костюм, съдържа роба с релефно лице и шапка с коса, през коята можете да виждате, но не и да ви виждат.","<div>Includes: black robe with hairy foam face of mr hyde shape head and hair, hat with gauze window to see through.&nbsp;To be a scary and fun Mad hatter mr. hyde? Wearing this great child Halloween costume, you can see through the hat and hide behind this oversized mask in a mad hatter costume with one truly frightening face!</div>","L","1","0.00","0.00","1","32.00","0.00","3624.jpg","1","76"
"1778","17","610914","Рекс от &quot;Джурасик Парк&quot;","Jurassic Park T Rex ","Актуален и ефектен костюм, състоящ се от гащеризон с опашка и иматация на лапи и маска.","<div>Our Adult T-Rex 3/4 Jurassic Park Face Mask lets you wear the menacing mug of this prehistoric beast over your face, while giving you the freedom to wear anything you want along with it!</div>
<div>Be a T-Rex in a tux, or in golf shorts and a sweater with the socks pulled up high, or a mad dino-scientist in a lab coat, or a truly ugly skater punk. It's up to you!!</div>","M","1","0.00","0.00","1","32.00","0.00","610814.jpg","1","80"
"1779","17","4561","Кученце","Puppy Dog Costume","Много пухкав, мек и сладък костюм, включва горната част и качулката с муцунка с уши.","<div>A fantastic and easy to put together kids costume, this Deluxe Puppy Gillet Costume can turn your sweet angel into a cute and cuddly puppy in a blink of the eye. This item features a one piece dog costume with a zip fastening on the front and a detailed, hood. The kids puppy Costume is complete with a long tail.</div>
<div>Includes&nbsp;Gilet w/ Hood</div>","S","1","0.00","0.00","1","23.00","0.00","4461.jpg","1","186"
"1780","17","610542","Роботът Улрон","Ultron Deluxe Kids Costume","Перфектния костюм на супергерой, състой се от гащеризон и маска.","Marvel's smartest robot, Ultron is back to destroy the Avengers! Scarier than ever, this Ultron Costume is the perfect outfit for a superhero or a Halloween themed event, featuring a muscle chest jumpsuit with injection moulded mask.","M","1","0.00","0.00","1","35.00","0.00","610442.jpg","1","69"
"1781","17","3736","Чаровния скелет","Grim Reaper, Child ","Съдържа роба и качулка с голяма глава, костюмът е лек и удобен, много подходящ за Хелоуин парти.","<div>Become a serial killer this Halloween and dress up as one of the most infamous killers of all time - the Grim Reaper himself.&nbsp;Everyone will have to stare Death in the face with this costume - there'll be no missing you!This costume is like none of the other thanks to its large, wickedly evil photo print face mask.Costume comes as a black robe with layered jagged saw-tooth hemline and sleeves. The hood displays a larger than life&hellip; we mean larger than Death&hellip;&nbsp;</div>","M","1","0.00","0.00","1","27.00","0.00","3636A.jpg","1","169"
"1782","2","01061","Приказната Снежанка","Snow White Costume","Автентичната дисни рокля, много харесвана геройня от приказките. Подходяща за всякакъв вид поводи, включително и детски тържества.","This stunning women's Snow White Costume looks good enough to anger more than just a few wicked stepmothers, in fact in this authentic looking Disney inspired outfit you may find yourself crossing over fairytales and angering a few of Cinderella's evil stepsisters too! The fantastic fancy dress costume includes a comfortable and elegant snow white dress with a face framing stand up collar and cute bow ribbon. Get lost in your own fairytale in this luxurious costume but beware of the bushels of jealousy ridden poison apples that will be heading your way!","S/M","1","0.00","0.00","1","45.00","0.00","00961.jpg","1","12"
"1783","3","00980","Кръвожадният Върколак","Full Moon Madness Costume,  Werewolf","Уникален карнавален костюм от луксозната серия, в него е включена цялостна маска, на която устата и се отваря и изглежда впечатляващо и зловещо, също така съдържа и горно, имитиращо козина и накъсана риза.","Our deluxe werewolf, Full Moon Madness costume comes from Hollywood based costumiers California Costumes and features a unique animated mask that moves in line with your own facial movements. The deluxe werewolf fancy dress outfit which features a thick faux fur suit with hand covers and attached plaid shirt will ensure you are the best and most uniquely dressed at any party come Halloween.","M","1","0.00","0.00","1","57.00","0.00","0880.jpg","1","63"
"1784","2","14115","Циганската принцеса ","Gypsy Teen Costume","Карнавален, луксозен костюм, съдържащ: рокля, горно, колан и кърпа за главата.","You're guaranteed to be the centre of attention at your next fancy dress party in this fantastic Gypsy Teen Costume. Get ready for a queue of people all wanting their future read by you!","M","1","0.00","0.00","1","47.00","0.00","14015.jpg","1","66"
"1785","2","AC582","Кралица Елизабет","Queen Elizabeth Costume","Величествен костюм, съдържащ; рокля с ефектна яка и перли и украшение за косата.","Who said history had to be horrible! Get with the times and Party like its 1558 with this Medieval Queen Elizabeth costume, we understand that reigning men, balancing a Knight life and looking good, like any queen should, can be a right royal pain, Well! consider this your lucky day! With this deep burgundy dress, delicate gold detailing attached hoped petticoat and headpiece to match you attire will leave knight across the kingdom withh only one question on there lips, your throne room or mine?","STD","1","0.00","0.00","1","65.00","0.00","AC482.jpg","1","289"
"1786","3","00822","Демона на Подземието","Rat&#039;s Den Costume","Лицензиран, забелязващ се костюм, който включва роба и маска с коса.","<div>This twisted Vampire keeps strange company; The Rat's Den costume is licensed by renowned illustrator Brom.&nbsp;Please note: Hands/Gloves are not included.</div>","L/XL","1","0.00","0.00","1","47.00","0.00","00722.jpg","1","258"
"1787","17","620369","Войник от &quot;Междузвездни войни&quot;","Stormtrooper Deluxe Costume","Много обичан герой от момчетата, перфектна маскирочка за всяко парти. В костюма са включени - гащеризон с имитация на обувки и шлем.","<div>Is your child fanatical about defending the First Order? In this Stormtrooper costume nothing will stand in their way. The costume will definitely ensure they're ready for action and prepared to take on the rebels.</div>
<div>Features a printed one piece jumpsuit with armour design and a helmet with eye gaps.</div>","XL","1","0.00","0.00","1","37.00","0.00","620268.jpg","1","25"
"1788","4","CC954","Булката Зомби","Zombie Bride ","<div>Любим костюм от всички момиченца, които искат да са страшни за Halloween.</div>
<div>Роклята е с дантелени ръкави, с имитация на татуировки, валото е добър завършек на тоалета.</div> <a style=""display:none;"" href=""http://www.bagsale.net"">Replica Fendi Handbags</a>","The Zombie Bride Kids Costume features a white bridal dress with veil. The dress' shoulders and arms have a flesh coloured fabric with a design simulating a tattoo. The dress is edged with satin and black lace and features a skull and crossbones on the front.","M","1","0.00","0.00","1","27.00","0.00","cc853.jpg","1","76"
"1789","17","00504","Кралят-Зомби","Skull Knight","Карнавален, детски костюм, съдържащ: маска, туника, наметало, колан, качулка и медальон. Перфектния костюм за Хелоуин.","The color combination of this well designed Skull Knight costume shows the urge to conquer the world. Every detailing has been taken care of to give the attire an authentic look with the metallic hood, medallions, belts and the screen print tunic. Be the deadly warrior with this well crafted costume!","M/L","1","0.00","0.00","1","35.00","0.00","00404.jpg","1","72"
"1790","17","886544","Дейв от &quot;Аз, Злосторникът&quot;","Minion Dave costume","Удобен и много харесван, от децата костюм.","The latest kids Minion costume is here! From the designers of Despicable Me 2 comes this Dave Minion fancy dress featuring a foam tunic.","M","1","0.00","0.00","1","26.00","0.00","886444.jpg","1","61"
"1791","4","04176","Готическата Кукла","Gothic Doll","Перфектен костюм, събуждащ духа на Хелоуин. Състой се от рокля с дантела и качулка и интересна маска. <a style=""display:none;"" href=""https://www.poplifeshoes.com"">shoes for short men</a>","Cute and wicked at the same time, this black and red one piece dress is enough to keep your dark spirits high. The costume comes with an attached robe and hood, with a mask to add little spice and surprise to the mood. The dress has lacy edges on the sleeves with red ribbons on waist and elbows.","XL","1","0.00","0.00","1","35.00","0.00","04076.jpg","1","73"
"1792","2","01240","Парижката Красавица от Мулен Руж","Parisian Showgirl Costume","Елегантна и секси рокля, поличка, ръкавели и мини шапчица с тюл, това съдържа този запмнящ се костюм.","With this stunning Parisian Showgirl Costume you'll be able to recreate the look of a burlesque beauty fit for a centre stage performance at the Moulin Rouge. The sexy fancy dress outfit includes; a fashionable burlesque black &amp; pink dress with corset bustle, adjustable black mini skirt, fingerless black gloves with white lace trim, and a sexy mini top hat adorned in feathers and lace. You're sure to be the most fashionable at any fancy dress party in this stunning Parisian Showgirl Costume that allows you to add your own touch of flare to the classic burlesque look.","M","1","0.00","0.00","1","53.00","0.00","01140.jpg","1","71"
"1793","2","01244","Викторианска кукла","Victorian Doll Costume","Очарователен и секси костюм, който съдържа: рокля, ръкавели, маска и шапчица.","Delightful and chilling, the Victorian Doll Adult Costume features a dress, sleeves, half mask, mini top hat, and for a glamorous Gothic look.","S","0","0.00","0.00","1","53.00","0.00","01144.jpg","1","140"
"1794","3","01198","Мрачния Жътвар","Mr Grim Reaper Costume","Съдържа: ефектна роба, маска, ръкавици с кости и вериги.","While the ability to control life and death with the touch of a finger may not be the best gift to bestow upon your guests, this bone chilling Mr Grim Reaper Costume is sure to go down a treat with any man looking for a scary Halloween costume. This spine shiver inducing Halloween outfit includes a long flowing shredded robe with removable hood and a grim reaper mask, skeleton bone hands and a set of long chains to finish the look.","L","1","0.00","0.00","1","43.00","0.00","01098.jpg","1","283"
"1795","3","69017","Извънземното страшилище","Alien Abduction Costume","Ако искате да сте истински страшен, това е костюма за вас! В него са включени - маска и горно с релефни елементи.","<div>The Aliens chose the wrong hillbilly to mess with. This country boy has been subjected to an alien experiment and has turned into this wild monster!</div>
<div>Get ready to unleash the feral creature in you with the help of the Alien Abduction costume which features a scary alien mask with insect type mouth and ripped shirt with chest piece.</div>","L","0","0.00","0.00","1","49.00","0.00","68917.jpg","1","282"
"1796","3","68046","Симпатичния заек в костюм","March Hare Costume","Така обичания заек от &quot;Алиса в страната на чудесата&quot;, един различен и ефектен костюм, който включва: жакет с жилетка, папионка,рунтава качулка, шапка с уши, панталон и имитация на лапи.","<div>Unleash your innner madness in this fantastic March Hare Costume, based on the iconic character from the Alice in Wonderland story. This fabulous costume comes complete with a stylish jacket with attached vest, shirt front and bow tie, red and white pin stripe trousers, furry hood, a hat with ears, and furry pair of shoe covers to complete the look. Pair the outfit up with one of our great Mad Hatter or Alice costumes and create your own Wonderland. As Alice herself says in the original Lewis Caroll tale, 'The March Hare will be much the most interesting, and perhaps as this is May it won't be raving mad - at least not so mad as it was in March'.</div>","L","0","0.00","0.00","1","55.00","0.00","67946.jpg","1","76"
"1797","18","001","Онлайн магазин за карнавални и парти артикули"," Sell Carnival Costumes Online","<a href=""https://www.arlekinobg.com/"">www.arlekinobg.com</a> - Най- новия карнавален онлайн магазин, в който ще намерите уникални карнавални костюми, аксесоари, парти артикули и подаръци за закупуване!&nbsp;&nbsp;","www.arlekinobg.com - Sell carnival costumes, party accessories, decoration, all for your party online","  ","0","1.00","0.00","0","0.00","0.00","led-1.jpg","1","1"
"1798","4","3710","Страшна кукла","Day of the Dead Doll Child Costume","Карнавален костюм, който включва: рокля в ефектни цветове и щампа, клин с ефекти на скелет, елемент с щампа и многоцветни ръкавели. <a style=""display:none;"" href=""https://www.justcheapshoes.com"">elevator shoes</a>","Includes: Dress; Gloves; Hair Bows. In bag with photo insert.","М","1","0.00","0.00","1","29.00","0.00","3610A.jpg","1","68"
"1799","4",,"Зомби мажоретка ","Undead Cheerleader Child Costume","Страшен костюм за Хелоуин, съдържащ: Рокля, помпони на мажоретка и панделки за косата.","Includes: Dress; 2 Pom Poms; Hair Ribbons. In bag with photo insert.","L, TEEN","1","0.00","0.00","1","27.00","0.00","3611A.jpg","1","34"
"1800","4","3745"," Алиса в стрната на Хелоуин","Wild Wonderland Child Costume","Карнавален костюм, който съдържа: рокля, ръкавички без пръсти, панделка за косата.<a style=""display:none;"" href=""https://www.wholesaleshoes.biz"">elevator shoes</a>","Includes: Dress; Glovelets; Footless tights; Hairbow. In reclosable bag with insert.","L, TEEN","1","0.00","0.00","1","45.00","0.00","3645C.jpg","1","54"
"1801","4","3773"," Хелоуин Булката от отвъдното","Cemetery Bride Child Costume ","Карнавален костюм, който съдържа: страшна рокля с дантела и тюлове, ефектно оцветени, диадема за косата с воал. <a style=""display:none;"" href=""https://www.goodpriceshoes.com"">www.goodpriceshoes.com</a>","Includes: Gown; Headband with veil. In reclosable bag with insert.","M, L, TEEN","1","0.00","0.00","1","30.00","0.00","3673B.jpg","1","106"
"1802","4","3683","Страховитата булка","Monster Bride Child Costume","Горнище с ефектна щампа на шевове, пола тип пачка, ръкавели, воал и клин. Перфектния костюм, за да бъдете страшна и ефектна.","Includes: Stitch pattern top; Tutu skirt; Glovelets; Veil; Stitch pattern footless tights. In reclosable bag with insert.","M, L, TEEN","1","0.00","0.00","1","32.00","0.00","3583A.jpg","1","152"
"1803","4","3746","Чаровната Арлекинка","Twisted Circus Child Costume","Карнавален делукс костюм&nbsp; за момичета, съдържащ: цветна рокля, кокетни ръкавели, клин и шапчица на Арлекин. <a style=""display:none;"" href=""https://www.wholesaleshoes.biz"">www.wholesaleshoes.biz</a>","Includes: Dress; Glovelets; Footless tights; Hat. In reclosable bag with insert.","M, TEEN","1","0.00","0.00","1","35.00","0.00","3646A.jpg","1","65"
"1804","4","3748","Зомби кралица 2017","Zombie Prom Queen Child Costume","Страховит костюм за Хелоуин, съдържащ: Рокля, колан, дантелени ръкавели в тон с корсета и коронка.<a style=""display:none;"" href=""https://www.shoesite.biz"">elevator shoes</a>","Includes: Dress; Sash; Lace sleevelets (one with corsage); Tiara. In reclosable bag with insert.","M, L, TEEN","1","0.00","0.00","1","29.00","0.00","3648A.jpg","1","30"
"1805","4","3777","Вампирката - контеса","Countessa Child Costume","Хааресван карнавален костюм за момичета, съдържащ:&nbsp; Рокля с ефектни воали и яка на вампирка.","Includes: Gown and collar. In reclosable bag with insert.","M, L","1","0.00","0.00","1","27.00","0.00","3677C.jpg","0","63"
"1806","2","3351","Чаровното привидение","La Muerte Adult Costume","&nbsp;Карнавален деликс костюм, който съдържа: рокля с дантелени ръкави и атрактивна украса с черепи, ефектен колан с кокали и украшение за косата.","Includes: Gown with skull lace detail; Waist cinch; Flower headdress. In reclosable bag with insert.","S","1","0.00","0.00","1","55.00","0.00","3251A.jpg","1","276"
"1807","2",," Булката - мечта","Cemetery Bride Adult Costume","&nbsp;Карнавален, дамски костюм, който съдържа: Рокля с интересни ефекти и диадема с прикачен воал.","Includes: Gown; Headband with veil. In reclosable bag with insert.","XL","1","0.00","0.00","1","39.00","0.00","3276B.jpg","1","340"
"1808","2","3346","Забележителната готик балерина","Freak Show Tightrope Walker","Ексецентричен костюм, съдържащ: рокля,райран клин и кокетна, готина шапчица.","Includes: Dress; Tights; Hat with loops. In reclosable bag with insert.","S/M","1","0.00","0.00","1","53.00","0.00","3246A.jpg","1","77"
"1809","2","3417","Вуду Господарката","Voodoo Queen Adult Costume","<div style=""text-align: justify;"">Карнавален костюм, съдържащ: Ефектно нарязана рокля с щампа &ndash; кокали, болеро с ръкави и колан &ndash; чантичка със сърце.</div>","Includes: Dress; Shrug with bones. In reclosable bag with insert.","S/M","1","0.00","0.00","1","34.00","0.00","3317B.jpg","1","196"
"1810","3","3742","Забавния- страшен клоун с големи очи","Freakshow Clown Adult Costume","Карнавален, впечатляващ костюм, който се състои от: гощеризон, яка на клоун и маска с ефектни очи на пружинки.","Includes: Top; Collar; Wrist cuffs; Trousers;","М","1","0.00","0.00","1","33.00","0.00","3642A.jpg","0","42"
"1811","3","3435","Анубис","Anubis","Луксозен мъжки карнавален костюм, съдържащ: Горнище, декориран колан, маншети за ръце и крака, яка и ефектна маска. Жезълът не е включен.","One size: Standard. Includes: Shirt; Belt with drape; Leg &amp; arm wraps; Collar; Mask; Headdress. In reclosable bag with insert.","STD","1","0.00","0.00","1","50.00","0.00","3335A.jpg","0","45"
"1812","2","3344","Черния, красив лебед","The Black Swan","&nbsp;Елегантен, карнавален костюм, който съдържа: рокля с&nbsp; поличка и дълги ръкавици. Подходящ е за Хелоуин и други празници.","Tutu dress &amp; gloves. In reclosable bag with insert card.","S/M","1","0.00","0.00","1","37.00","0.00","3244A.jpg","0","129"
"1813","2","3337"," Арлекино","Twisted Circus Adult Costume","Дамски карнавален костюм, състоящ се от: Рокля, яка, шапчица и ръкавици","Includes: Dress; Collar; Hat on headband; Gloves; Ankle cuffs. In reclosable bag with insert.","S/M","1","0.00","0.00","1","39.00","0.00","3237B.jpg","1","109"
"1814","5","1846","Мумията","The Mummy","&nbsp;","&nbsp;","-","1","0.00","0.00","1","12.00","0.00","1746.jpg","1","2"
"1815","5","1848","Забавен череп","Day of the Dead Overhead Mask","&nbsp;","&nbsp;","-","1","0.00","0.00","1","15.00","0.00","1748B.jpg","1","1"
"1816","2","3424","Кралицата на разбитите сърца","Queen Of Hearts Adult Costume","Атрактивен, елегантен, карнавален костюм, съдържащ: рокля , наметка, ръкавици и корона.","Includes: Dress; Cape; Gloves; Crown with hair comb; Stockings. In reclosable bag with insert.","S/M","1","0.00","0.00","1","49.00","0.00","3324B.jpg","1","52"
"1817","4","847341","Прекрастната Алиса","Children&#039;s Costume Alice","<div>Карнавален костюм от делукс серията, състоящ се от:&nbsp;рокля с престилка, клинче, ръкавели и диадема.</div>","<div>&nbsp;Contains: Dress,&nbsp;Headband, Leggings, Armstulpen</div>
<div>&nbsp;</div>","M(8-10)","1","0.00","0.00","1","35.00","0.00","karnavalen-kostum-prekrasnata-alisa.jpg","1","60"
"1818","17","RD1I6","Повелителят на динозавъра","Childrens Costume Ride On Dinosaur","Забавен и различен карнавален костюм, който се състои от 3D плюшен динозавър с имитация на лапи и тиранти, подходящ за Хелоуин, карнавално парти или рожден ден, костюм, който винаги радва децата.","As seen on picture. Suitible for kids&nbsp;6-10 years old","M(8-10)","1","0.00","0.00","1","35.00","0.00","zabaven-kostum-poveliteliat-na-dinozavara.jpg","1","51"
"1819","2","996259","Римската принцеса","Ladies&#039; Costume Imperial Empress Size","<div>Луксозен, карнавален костюм, състоящ се от красива дълга рокля,&nbsp;стилно украшение и ръкавели.</div>","Containts:&nbsp;<br />
<div>&nbsp;Toga Dress,&nbsp;Choker and Armband.</div>
<div>&nbsp;</div>","M","1","0.00","0.00","1","53.00","0.00","rimska-princesa.jpg","1","5"
"1820","3","844326","Пратеника на смъртта","Dapper Death ","Луксозен, ефектен костюм, който се състои от: Наметало с яка, имитация на риза, маска, шапка с коса и ръкавици.","Contains:&nbsp;<br />
<div>Cape,&nbsp;&nbsp;Mask, Ascot,&nbsp;Hat with attached hair, Fake Shirt and&nbsp;Gloves.</div>","M/L","1","0.00","0.00","1","52.00","0.00","pratenik_smurta.jpg","1","41"
"1821","4","999786","Омагьосаната кукла","Children&#039;s Costume Damaged Doll","Карнавален костюм, включващ: чаровна рокличка с престилка, диадема, ръкавели и клин. Перфектният костюм за Хелоуин или карнавално парти. <a style=""display:none;"" href=""https://www.goodshoes.org"">www.goodshoes.org</a>","<div>Dress,&nbsp;Headband, Fingerless gloves, Mask and Footless Tights.</div>","M(8-10)","1","0.00","0.00","1","32.00","0.00","999686.jpg","1","62"
"1822","17","999751","Страховития хокеист","Children&#039;s Costume Bloody FaceOff","Ефектен карнавален костюм, подходящ за Хелоуин или карнавално парти, съдържащ: блуза, маска и стик.","Includes: Shirt. Mask and Hockey stick.","L/XL(12-14)","1","0.00","0.00","1","29.00","0.00","hokeista.jpg","1","46"
"1823","2","845939","Поразяващата кукла","Girl&#039;s Costume Shaattered Doll","<div>Карнавален костюм, включващ: ефектна рокличка, диадема,&nbsp;ръкавели и клин. Перфектният костюм за Хелоуин или карнавално парти.&nbsp;</div>","Contains: <br />
<div>&nbsp; Dress, Headband, Fingerless gloves, Mask, Footless Tights. Suitable for 12 - 14 years old</div>","S, TEEN","1","0.00","0.00","1","35.00","0.00","poraziavashtata-kukla.jpg","1","65"
"1824","3","845167","Суичър - Скелетът","Men&#039;s Hoodie Black &amp; Bone One Size","Ефектен суитчър с качулка, подходящ както за парти, така и за всекиднемието, изработен от качествена материя с щампа на предницата и на гърба и цип отпред.","&nbsp;","STD","1","0.00","0.00","1","19.00","0.00","suitcher-skelet.jpg","1","40"
"1825","2","844740","Дамски скотюм от Денят на мъртвите","Ladies&#039; Costume Day of the Dead","Впечатляващ костюм, който включва: рокля с принт и релефни красиви рози, украшение за косата с рози и воал, бижу за врата, дантелени ръкавели също са включени.","Includes: Dress, Veil headband, Choker, Sleevelettes.","M","1","0.00","0.00","1","49.00","0.00","1608-844640_55-3-600.jpg","1","24"
"1859","4","997598","Страшната булка","Children&#039;s Costume Graveyard Bride","Карнавален костюм, много подходящ за хелоуин или друго страховито парти, включва роклята и ефектно вало<a style=""display:none;"" href=""https://www.shoesforsale.net"">elevator dress shoes</a>","<ul style=""margin: 5px 0px 1.385em; padding: 0px; border: 0px; outline: 0px; font-size: 0.8125em; list-style: none; color: rgb(153, 153, 153); font-family: helvetica, arial, sans-serif;"">
    <li style=""margin: 0px; padding: 0px 0px 0px 10px; border: 0px; outline: 0px; color: rgb(42, 163, 220); background-image: url("" www.amscan-europe.com="""" graphics="""" templates="""" amscaneu="""" bullets="""" left="""">Dress</li>
    <li style=""margin: 0px; padding: 0px 0px 0px 10px; border: 0px; outline: 0px; color: rgb(42, 163, 220); background-image: url("" www.amscan-europe.com="""" graphics="""" templates="""" amscaneu="""" bullets="""" left="""">Veil headband</li>
</ul>","teen","1","0.00","0.00","1","29.00","0.00","39406-997497-3-600.jpg","1","162"
"1826","3","844033","Скелет във фрак","Men&#039;s Coat &amp; Mock Shirt Day ofthe Dead","Карнавален костюм за Хелоуин, който съдържа: елегантен фрак с бял ревер и ефектна щампа, имаитажия на риза с пояс и папионка.","One Size.","STD","1","0.00","0.00","1","25.00","0.00","skelet-frak.jpg","1","27"
"1827","3","840385","Хелоуински костюм &quot;Пратеник на отвъдното&quot;","Men&#039;s Costume Crypt Keeper","Страховит, ефектен костюм, подходящ за празника Хелоуин(Halloween). Съдържа: роба с релефни кости, качулка, маска и колан от верига.&nbsp;","Includes: Robe, Latex mask, Hood and Chain belt.","M/L","1","0.00","0.00","1","35.00","0.00","pratenik-otvudnoto.jpg","1","271"
"1828","3","811067","Капитан Америка делукс ","Dlx. Captain America™","Луксозен костюм на Капитан Америка от Марвел, съдържащ: 3D гащеризон с имитация на ботуши, колан и маска.&nbsp;","<div>License: Marvel Captain America: Civil War&nbsp;Contains: Padded Jumpsuit with 3D boot tops, belt and mask.</div>","STD","1","0.00","0.00","1","55.00","0.00","810967.jpg","1","28"
"1829","3","810209","Дедпул","Dlx. Fiber Filled Deadpool™","Лицензиран, карнавален, луксозен костюм, който съдържа: релефен гащеризон, колан и маска. Актуален и харесван костюм, подходящ за всяко парти.","<div>Dlx. Fiber Filled Deadpool&trade;</div>
<div>License: Deadpool.&nbsp;Contains: Padded jumpsuit with boot tops, belt and mask</div>","STD","1","0.00","0.00","1","59.00","0.00","810109.jpg","1","3"
"1830","3","820189","Лицензиран костюм на Веном ","Venom™","&nbsp;Карнавален костюм, който съдържа: 3D гащеризон с имитация на ботуши, колан и маска.","License: Marvel Classic","STD","1","0.00","0.00","1","59.00","0.00","820089.jpg","1","20"
"1831","4","620711","Карнавален костюм на Жената-Чудо","Wonder Woman™","Детски, лицензиран, карнавален костюм за момичета, състоящ се от: рокля, тиара, ръкавели и колан.<a style=""display:none;"" href=""https://www.shoesforsale.net"">www.shoesforsale.net</a>","<div>License: Batman v Superman: Dawn of Justice.&nbsp;Contains: Dress, tiara, gauntlets, armband and belt</div>","M","1","0.00","0.00","1","29.00","0.00","620611.jpg","1","56"
"1832","17","620712","Дески костюм на Аквамен (Aquaman)","DLX. Aquaman™","Лицензиран, актуален, карнавален костюм, състоящ се от гащеризон с релефни елементи и колан.","<div>License: Batman v Superman: Dawn of Justice.&nbsp;</div>
<div>Contains: Padded jumpsuit with 3D bandolier, 3D gauntlets, 3D boot tops and belt</div>","L","1","0.00","0.00","1","32.00","0.00","620612.jpg","1","63"
"1833","2","820338","Костюм на Супергърл (Supergirl)","Supergirl™ ","Карнавален, дамски костюм, който включва рокля със сваляща се наметка&nbsp; и колан.","<div>License: Supergirl TV Show.</div>
<div>Contains: Dress with removable cape, belt</div>","S","1","0.00","0.00","1","52.00","0.00","820238.jpg","1","41"
"1834","3","880770","Бейн (Bane)","Dlx. Bane™","Карнавален костюм на Бейн от Батман, състои се от: гащеризон, ефектна маска, колан и ръкавица.","<div>License: Batman: Dark Knight Trilogy.</div>
<div>Contains: Jumpsuit, mask, belt and gauntlet</div>","L","1","0.00","0.00","1","53.00","0.00","880670.jpg","1","39"
"1835","3","889890","Волдемор","Voldemort™","Карнавален костюм на Валдемор от Хари Потър, съдържащ: роба, маска и ефектни ръкавици. Подходящ костюм за филмово парти, карнавално парти, Нова година или Хелоуин.","<div>License: Harry Potter.</div>
<div>Contains: Robe and mask.</div>","STD","1","0.00","0.00","1","43.00","0.00","889790.jpg","1","38"
"1836","3","5386","Джейсън от Петък 13ти","Adult Jason™ Blister Kit","Лицензиран костюм от популярния филм Петък 13ти и играта Смъртоносна битка.","<div>License: Friday the 13th.&nbsp;Contains: Jacket with attached shirt and mask and machete</div>","STD","1","0.00","0.00","1","38.00","0.00","kostum-Jason.jpg","1","29"
"1837","17","620184","Кайло Рен","Kylo Ren™","Карнавален, лицензиран костюм на Кайло Рен от &quot;Междузвезни войни&quot;. Състои се от: роба с наметка и качулка, колан и маска.","<div>License: Star Wars: The Force Awakens.</div>
<div>Contains: Robe with hooded cape, belt and mask.</div>","L","1","0.00","0.00","1","30.00","0.00","620084.jpg","1","60"
"1838","3","810769"," Делукс Кайло Рен (Kylo Ren)","DLX. Kylo Ren™","Лицензиран карнавален костюм, състоящ се от: роба, наметка с качулка, колан и маска, Мечът не е включен в комплекта.","<div>License: Star Wars: The Force Awakens.</div>
<div>Contains: Robe, hooded cape, belt and mask.</div>","STD","1","0.00","0.00","1","52.00","0.00","Kylo-Ren.jpg","1","30"
"1839","17",,"Карнавален костюм на Дарт Мол","Dlx. Darth Maul™","Лицензиран карнавален костюм от Междузвезни войни, състоящ се от: гащеризон с релефни мускули, яка, колан, ръкавижи, интересна имитация на ботуши и маска. Костюм, който ще се хареса на всяко дете.","<div>Mechanical Leg</div>
<div>License: Star Wars: Clone Wars</div>
<div>Contains: Muscle chest jumpsuit, collar, belt, gloves, shoe covers and mask.</div>","M","1","0.00","0.00","1","37.00","0.00","881360.jpg","1","32"
"1840","3","888103","Дарт Вейдър","Ep3-Darth Vader™","Лицензиран, карнавален костюм, много харесван от всички, състои се от гащеризон с имитация на ботуши, наметало, маска и колан. Перфектния костюм за детко или фирмено парти, карнавален рожден ден или Хелоуин.","<div>License: Star Wars Classic</div>
<div>Contains: Jumpsuit with attached boot tops, cape, belt and mask.</div>","STD","1","0.00","0.00","1","50.00","0.00","darth-vader.jpg","1","12"
"1841","17","881552","Лицензиран костюм на Соник","Dlx. Sonic™- Child","Карнавален, детски костюм, състоящ се от: гащеризон с прикачена имитация на обувки, ръкавици и шапка. Обичан от всички деца герой, подходящ за всяко парти.","<div>License: Sonic the Hedgehog.</div>
<div>Contains: Jumpsuit with attached shoe covers, gloves and headpiece.</div>","S/M","1","0.00","0.00","1","32.00","0.00","881452.jpg","1","5"
"1842","4","510666","Вещерката на Хелоуин","Green Witch","Карнавален, детски костюм, състоящ се от: красива рокля&nbsp; и вещерска шапка. <a style=""display:none;"" href=""https://www.shoesforsale.net"">best elevator shoes</a>","Contains: Dress and Hat","S","1","0.00","0.00","1","35.00","0.00","510566A.jpg","1","37"
"1843","3","820699","Лудия учен","Mad Scientist","Ефектен, мъжки костюм за Хелоуин, включващ: лабораторна дреха с престилка, ръкавици, маска, шапка и очила. Искате ли да сте страшни, това е вашия костюм.","ontains: Lab coat with attached apron, gloves, mask, hat and glasses.","STD","1","0.00","0.00","1","42.00","0.00","820599.jpg","1","359"
"1844","17","631025","Злия шут","Evil Jester","Ефектен, детски костюм за Хелоуин, включващ: риза, панталон, колан, страховита маска с шапка.","Contains: Shirt, Pants, Eaist&nbsp; Sash, Hat with attached Mask.","M,L","1","0.00","0.00","1","33.00","0.00","zliat-kloun.jpg","1","179"
"1845","4","631028","Прелестната магьосница","White Witch","Ефектен, детски костюм за Хелоуин, включващ: красива, дълга рокля и вещерска шапка. Харесван костюм от <a style=""display:none;"" href=""https://www.fineshoes.net"">best elevator shoes</a> всички момичета.","Contains: Dress and hat.","S, L","1","0.00","0.00","1","37.00","0.00","630928.jpg","1","59"
"1846","4","631022","костюм Сладки сънища","Sweet Screams","Страшен, детски костюм за Хелоуин, включващ: рокля и панделки за косата. <a style=""display:none;"" href=""https://www.goodshoes.org"">elevator shoes</a>","Contains:&nbsp;Dress, hair bows.","L","1","0.00","0.00","1","27.00","0.00","detski-kostum-sladki-sunishta.jpg","1","172"
"1847","4","510408","Готиното духче","Ghost Girl","&nbsp;Карнавален, детски костюм за Хелоуин, включващ: сладурска рокля с кокалчета, украшение<a style=""display:none;"" href=""https://www.fineshoes.net"">shoes for short men</a> за косата и ръкавели.&nbsp;","Contains: Dress, tights, Headpiece &amp; gauntlets.","S, TOD","1","0.00","0.00","1","23.00","0.00","gotinoto-duhche.jpg","1","48"
"1848","2","821140","Великата Магьосница","Conjure Woman","Карнавален, дамски костюм за Хелоуин, включващ: атрактивна рокля с бижу и шапчица.","Dress and attached Necklace, headpiece","L/XL","1","0.00","0.00","1","49.00","0.00","821040A.jpg","1","58"
"1849","17","641225","Циклоп","Cyclops","Ефектен, детски костюм за Хелоуин, състоящ се от: роба с качулка и вериги и интересна маска.","Contains: Hooded Robe with Sash And Chains, Mask.","M,L","1","0.00","0.00","1","25.00","0.00","ciklop.jpg","1","19"
"1850","17","631064","Чаровния принц","Royal Prince","Детски, луксозен костюм, който съдържа: горно, панталон и колан.","Jacket, pants, belt.","M","1","0.00","0.00","1","35.00","0.00","630964.jpg","1","26"
"1851","4","886722","Капитанката на моретата","Salty Taffy","Детски карнавален костюм за момичета, състои се от рокля, лента а коса и имитация на ботуши. Това е перфектния, пиратски костюм.&nbsp;","Contains: Dress, scarf and boot tops.","M","1","0.00","0.00","1","28.00","0.00","886622.jpg","0","2"
"1852","17","882252","Червената нинджа","Red Skull Warrior Ninja","Карнавален, ефектен, детски костюм, който включва: гащеризон с качулка, колан и маска.","Contains: Hooded jumpsuit with molded leg &amp; arm guards, foam tabard with molded accents, molded belt and mask.","S, M","1","0.00","0.00","1","32.00","0.00","882152.jpg","1","21"
"1853","2","888378","Хелоуинската парцалена кукла","Rag Doll Girl","Ефектен, дамски костюм за Хелоуин, съдържащ: блуза с престилка, панталон&nbsp; и перука.","Contains: Shirt with attached apron, pantaloons with attached leggings and wig.","STD","1","0.00","0.00","1","45.00","0.00","888278.jpg","1","44"
"1854","3","888379","Парцаливо зомби","Rag Doll Boy","Ефектен, страшен костюм за Хелоуин, включващ: горно, панталон с въжени тиранти и шапка с перука.","Contains: Shirt, pants with rope suspenders and hat with hair.","STD","1","0.00","0.00","1","45.00","0.00","888279.jpg","1","37"
"1855","3","810610","Карнавален костюм на Страшния клоун","Evil Clown","Карнавален, мъжки костюм за Хелоуин, който включва: кървав гащеризон и впечатляваща маска.&nbsp;","Contains: Jumpsuit and mask","STD","1","0.00","0.00","1","57.00","0.00","810510.jpg","1","332"
"1856","3","40425","Костюм на То/Пениуайз","Vintage Clown Costume","Мъжки карнавален костюм, съдържащ гащеризон и ефектна яка. Маска или грим се предлага отделно.&nbsp;","Vintage Clown Costume, Grey &amp; Red, with Jumpsuit &amp; Neck Ruffle.&nbsp;","M/L","1","0.00","0.00","1","39.00","0.00","40325_1.jpg","1","19"
"1857","2","47664","Костюм - дамата на То/Пениуайз","Vintage Clown Lady Costume","Екефтен дамски костюм за Хелоуин, съдъжащ рокля с ефектна яка.&nbsp;","Grey &amp; Red, with Dress &amp; Neck Ruffle. Washin.","M","1","0.00","0.00","1","42.00","0.00","47564.jpg","1","21"
"1858","2","8948","Ослепителната принцеса","Renaissance Royally ","Луксозен, карнавален костюм, който се състои от: късо-дълга рокля и красиво бижу за косата.","Luxry costume, contains: Dress and headpice.","S","1","0.00","0.00","1","49.00","0.00","8848.jpg","1","8"
"1860","3","45663","Страшния комикс","Zombie Suit","карнавален, ефектен и различен мъжки костюм, подходящ за партита и екстравагантни събития, състои се от: сако, пантаалон и вратовръзка.","Men's Zombie Suit, with Jacket, Trousers &amp; Tie. This is the most sophisticated, yet scary Halloween costume around today.","Std","1","0.00","0.00","1","65.00","0.00","komiks.jpg","1","44"
"1861","4","999556","Дяволчето","Devil","Карнавален костюм, включващ: рокличка с опашка, рога и крила. <a style=""display:none;"" href=""https://www.wholesaleshoes.biz"">cheap elevator shoes</a>","Children's Costume Daredevil 12 - 14 Years","teen","0","0.00","0.00","0","30.00","0.00","charovnata-diavolica.jpg","1","66"
"1862","2","844657","Червена шапчица делукс","Rinding Hood","Дамски, карнавален костюм, съдържащ: рокля, наметало с каулка и чантичка.","Dress, basket, cape","S/M","1","0.00","0.00","1","49.00","0.00","43445-844985_55-3-600.jpg","1","62"
"1863","2","48114","Вуду Принцеса","Voodoo Costume","Ефектен, дамски костюм, състоящ се от: рокля, препаска с кокалчета и монетки, кърпа за косата и бижу.&nbsp;","tDress, sash, Hat and necklaces","M/L","0","0.00","0.00","1","55.00","0.00","vudu.jpg","1","75"
"1864","4","997097","Пром-зомби","Prom Queen","Карнавален костюм съдържащ: ефектна рокля с рози, корсет, корона и лента. Перфектния костюм за Хелоуин парти <a style=""display:none;"" href=""https://www.shoesite.biz"">www.shoesite.biz</a>","dress, belt, tiara, sash","teen","1","0.00","0.00","1","35.00","0.00","zombie-queen.jpg","0","13"
"1865","4","9903536","Страховития Скелет","Skeleton Reaper","карнавален костюм, който съдържа: <a style=""display:none;"" href=""http://www.bagstyle.net"">Replica Cartier Handbags</a> горно и клин с релефно изглеждащи кости и тюлена наметка.","dress, capee, leggings","teen","1","0.00","0.00","1","32.00","0.00","spelet.jpg","1","97"
"1958","2","9906157","Известната харли Куин","Adult Costume Harley Quinn","Много търсен костюм от делуикс серията, който включва щампирано яке с потник, панталонки и колан.Можем да добавим и перука за допълване на цялостната визия. Това е перфектният костюм за всяко хелоуинско или филмово парти.","<span style=""color: rgb(102, 45, 145); font-family: helvetica, arial, sans-serif; font-size: 13px;"">Jacket with attached top, shorts, belt</span>","S/M","1","0.00","0.00","1","56.00","0.00","Costume-Harley-Quinn.jpg","1","20"
"1866","17","00503","Рокерът скелет","DEAD MAN ROCKIN","Искате ли да бъдете нестандартни, интересни и страшни, ако да това е вашия костюм! Карнавалният костюм съдържа: маска с перчем, горно с изпринтени кости, рокерско елече, значки и ръкавица, не са включени панталонът и китарата.","This Halloween, jam your way through the Underworld in the Dead Man Rockin Costume. This fun twist on the classic rocker costume is sure to wake the dead with it's awesomeness!","L","1","0.00","0.00","1","27.00","0.00","kostum-za-momcheta-reoker-skelet.jpg","1","106"
"1867","17","00520","Зловещото чудовище от дълбините","SWAMP MONSTER/CHILD","Детски, карнавален костюм за момчета, много подходящ за страшно парти или Хелоуин. Карнавалният костюм съдържа: ефектно горно, панталон и страшна маска.","<div>Costume Comes With A Tattered Textured Shirt With An Attached Hood</div>
<div>A Mask And A Pair Of Tattered Textured Pants</div>
<div>Shoes Not Included</div>","teen","1","0.00","0.00","0","29.00","0.00","000420.jpg","0","66"
"1868","4","00571","Порцелановата кукла","VICTORIAN DOLL/CHILD","Красив, детски, луксозен костюм за момичета за различни поводи, състои се от: рокля, елегантно наметало, клин с щампа на коленете, ръкавели с дантела и ефектна шапчица.","&nbsp; Dress with black velvet bodice and satiny burgundy fabric with black lace overlay down the front of dress, black ribbon criss-cross design at front, attached layers of black sheer fabric to create a outer petticoat, attached sleeves with elbow pad design, lace glovelettes, velvet capelet with burgundy bow and ruffled edges, leggings with knee pad print and velvet mini hat on headband with burgundy bow.","M","1","0.00","0.00","1","27.00","0.00","detski-kostum-kukla.jpg","1","44"
"1869","17","00622","Тъмното зомби делукс","DELUXE GHOUL ROBE/CHILD","Ако искате да сте страшен и атрактивен, това е вашия костюм, състои се от разкъсана роба в сиво-черно с качулка. Може да се добави грим и изкуствена кръв.","<div>Component Included:</div>
<div>Robe with attached cowl hood</div>","L","1","0.00","0.00","1","25.00","0.00","kostum-za-momcheta-zombi.jpg","1","40"
"1870","4","00634","Готината шапкарка ","DELUXE MAD HATTER","Карнавален, кокетен костюм за момичета от луксозната серия, който съдържа: цветна рокля&nbsp; с дантелка, шапка с панделка. Перфектна за всяко парти, рожден ден или Хелоуин.","<div>Includes: Dress With Attached Bowtie, Hat</div>
<div>Not Included: Petticoat</div>","S, M","1","0.00","0.00","1","32.00","0.00","detski-kostum-gotinata-shapkarka.jpg","1","36"
"1871","4","00736","Тъмната фея","MYSTICAL FAIRY","&nbsp;Тази прекрасна фея е карнавален костюм за момичета, който съдържа: рокля с тюл, мрежести ръкавели, елегантни криле и звезда за косата.&nbsp;","This Mystical Fairy Child Costume includes a dress, a sparkling pettiskirt, two fingerless fishnet gloves, a glittery star clip for the hair, and some fabulous glittery fairy wings with pointed tips. This costume would be nicely accessorized by some nylons and black shoes, maybe even some mystical face paint or make up. A stellar costume for any occasion.&nbsp;","L","1","0.00","0.00","1","32.00","0.00","kostum-tymnata-feq.jpg","1","39"
"1872","2","00961","Фламенко красавица","CANTINA","<div>Ай Карамба! Не можете да намерите забавен и флиртуващ костюм за следващото ви парти? Костюмът на Фламенко красавицата е вашият!</div>
<div>Характеристики на артикула:</div>
<div>Рокля, Корсет, 3 рози,</div>
<div>жартиер, чорапите не са включени в комплекта.</div>","<div>Ay Caramba! Can't find a fun and flirty costume for your next party? Look no further than the Catina Gal costume! This costume will instantly turn you into a showgirl from a sultry Spanish Cantina! Now you're all set with a cute and flirty costume that looks like no one else's!</div>
<div>&nbsp;</div>
<div>&nbsp;</div>","S/M","1","0.00","0.00","1","39.00","0.00","karnavalen-kostum-flamenko.jpg","1","10"
"1873","3","01033","Убиецът на зомбита","ZOMBIE HUNTER","Убиецът на зомбита включва: яке, убийствена брадва с зомби ножица, тениска, шапка и колан за куршуми. Това ще бъде дълга нощ за вас този Хелоуин, особено като Ловецът на зомбита,&nbsp; не забравяйте да разгледате нашата страница с аксесоари за повече оръжия, за да ви помогне в лова ви.","Zombie Hunter Adult Costume includes jacket, killer axe with zombie sheath, t-shirt, hat and bullet belt, It&rsquo;s going to be a long night for you this Halloween, especially as the Zombie Hunter, Keep young trick-or-treaters and fellow party-goers safe as you frighten off possessed beings and other evil creatures, Be sure to check out our Accessories page for more weapons to assist you in your hunt.","L/XL","1","0.00","0.00","1","49.00","0.00","karnavalen-kostum-zombi-ubiets.jpg","1","305"
"1874","2","02066","Красивата арлекинка","LE BELLE HARLEQUIN","Красивата арлекинка - луксозен, карнавален, секси костюм, с който няма да останете незабелязана на партито! Карнавалния костюм съдържа: впечатляваща рокля, отделни ръкави, домино и бижу.&nbsp;","The Masquerade Party will surely unveil itself this Halloween, Come to the party in this Le Belle Harlequin Costume which includes Dress with Attached Crinoline, Detached Sleeves.","S","1","0.00","0.00","1","47.00","0.00","damski-karnavalen-kostum-neustoimata-arlekino.jpg","1","31"
"1875","2","02099","Красивия ангел","HEAVEN&#039;S ANGEL","<div>Искате ли да донесете доброта и чистота на Земята, това е вашия костюм! Ангелският костюм се състои от&nbsp; бяла рокля с чист блясък и обшивка в сребристо, също включва и феерични ръкави, ореол и ангелски крила.&nbsp;</div>
<div>&nbsp;</div>","<div>Product description</div>
<div>She will bring a little bit of heaven down to earth. The heaven's angel costume features a white v-neck dress with a sheer glitter overlay and silver trim. Costume also comes with sleevelet, halo and wings. Shoes not included.</div>
<div>&nbsp;</div>
<div>Costume Includes: Dress, sleeves, halo, wings</div>","XS","1","0.00","0.00","1","45.00","0.00","karnavalen-kostum-angel.jpg","1","56"
"1876","2","01303","Красивата Скарлет","SALOON MADAME","&nbsp;Скарлет - костюмът, който ви гарантира класа и елегантност! Карнавалния костюм се състои от: драпирана, зелена рокля, периферия, перо и бижу за врата.","<div>The Saloon Madame costume includes a deep green dress&nbsp;</div>
<div>Rich gold fringe trim</div>
<div>Feathered hat and choker with pendant.</div>
<div>Pendant Choker.</div>
<div>Dress</div>
<div>Hat With Feather</div>","M","1","0.00","0.00","1","43.00","0.00","karnavalen-kostum-skarlet.jpg","1","49"
"1877","2","01325","Ловецът на тъмните сили","DELUXE HOODED ROBE","<div>&nbsp;Удобна и ефектна роба с качулка и регулиращи връзки е перфектна за всеки празник, малко грим или маска са добър завършек.</div>
<div>Колието не е включено.</div>","<div>Looking for a simple costume this Halloween? This hooded robe has options! Throw it on and instantly become a witch, soceress, mysterious stranger, or vampire!</div>
<div>&nbsp;</div>
<div>&nbsp;</div>","XL/XXL","0","0.00","0.00","1","32.00","0.00","damski-kostum-lovets.jpg","1","59"
"1878","3","02367","Зомби Рицарят","SKULL KNIGHT","&nbsp;Искате ли да впечатлите на партито всички, това е вашия костюм! Рицарския костюм се предлага в комплект с червената туника, сребристи маншети, маска, качулка с верижка, колан и 2 медальона. Панталонът не е включен.","Our Adult Skull Knight Costume comes complete with the Red Tunic with Detachable Cape, Silver Foam Cuffs, Skull Mask, Chainmail Hood, Belt and 2 Medallions.&nbsp;","L/XL","1","0.00","0.00","1","47.00","0.00","karnavalen-kostum-zombi-ricar.jpg","1","26"
"1879","2","01379"," Червената шапчица","MISS RED","Красив костюм от луксозната серия, подходящ за всяка дама, изработен от кадифе с елементи от дантела, включва дълга рокля и наметка с качулка. С този костюм и вълка ще ви хареса!","&nbsp;Adult Ladies Miss Red Riding Hood Costume comes complete with Long Red Dress with Lace Up Waistcoat Detail and Cropped Hooded Capelet with Lace Trim&nbsp;","M/L","1","0.00","0.00","1","45.00","0.00","karnavalen-kostum-chervena-shapchica.jpg","1","25"
"1880","2","01429","Очарователната магьосница","ENCHANTRESS","Този запленяващ, уникален, луксозен костюм е за всяко парти, Хелоуин или рожден дне, за да можете да омагьосате всички! В комплекта са включени: елегантна рокля с дантелени ръкави, прикачена пола с корсет с връзки за регулиране, вещерска шапка с брошка!&nbsp;","<div>Included:</div>
<div>-Black Dress With Attached Lace Up Corset Style Piece</div>
<div>-Over Skirt That Ties Around The Waist</div>
<div>-Witch Hat</div>
<div>-Jade Rhinestone Pin</div>
<div>&nbsp;</div>","S","1","0.00","0.00","1","52.00","0.00","karnavalen-kostum-krasivata-charodeika.jpg","1","30"
"1881","2","01435","Чаровната камелиерка","LUXE FRENCH MAID","Дамски, секси, карнавален костюм, за да бъдете чаровната изненада на вечерта. Съдържа: черно-бяла рокля с прикрепена престилка и панделка, лента за косата. Могат да се добавят чорапи, за да се завърши визията.","<div>Our Luxe French Maid adult costume features a black and white dress with attached apron and ties rhinestone headband only.</div>","XS/S","1","0.00","0.00","1","39.00","0.00","seksi-damski-kostum-kamerierka.jpg","1","51"
"1882","2","01457","Безстрашната нинджа","SEXY NINJA","Костюмът включва: туника, включваща корсет и качулка, сребристата броня на раменете и клин. Костюмът включва също ръкавици без пръсти. Завършването на външния вид е маската за лице, гарантираща, че ще останете неразпозната!","<div>Become the Ultimate Japanese Warrior in our Adult Sexy Ninja Costume.</div>
<div>&nbsp;</div>
<div>Outfit includes:</div>
<div>Tunic with Corset and Hood</div>
<div>Trousers</div>
<div>Fingerless Gloves</div>
<div>Shoulder Armor</div>
<div>Mask</div>
<div>&nbsp;</div>","S","0","0.00","0.00","1","45.00","0.00","kostum-assasins-creed-black.jpg","1","61"
"1883","2","01459","Неустоймата Харли Куйн (Harley Quinn)","PSYCHO JESTER CHICK","Вдъхновен от героинята Harley Quinn, този костюм е много харесван. Състои се от червено-черен гащеризон с напечатани диаманти, ефектно кожено яке от изкуствена кожа с ципове и катарами и връзки за коригиране.&nbsp;","<div>Outfit includes:</div>
<div>Jumpsuit, Jacket</div>
<div>Inspired by the Harley Quinn Character, our Psycho Jester Costume comes complete with the All in One Red and Black Jumpsuit with the Printed Diamonds along with the Matching Faux Leather Jacket with the Zips and Buckles.</div>","XS/S","1","0.00","0.00","1","55.00","0.00","karnavalen-kostum-Harley-Quinn.jpg","1","54"
"1884","2","01476","Пипи дългото чорапче","RAG DOLL","Кой не обича Пипи дългото чорапче, забавен и ефектен костюм, който включва чаровна рокля, шапка и ръкавчета. Не са включени перуката и фустата","<div>Twisted Rag Doll Adult Costume</div>
<div>This item comes with: Dress, hat, sleeve puffs. Not included: Wig, petticoat, shoes.</div>","XS","1","0.00","0.00","1","37.00","0.00","karvalen-kostum-pipi.jpg","1","39"
"1885","3","01484","Мрачния дух","DELUXE GHOUL ROBE","Атрактивен костюм, перфектен за Хелоуин или парти на тъмните сили. Състои се от роба с качулка в сиво-черно, имитираща разлагащи се елементи.","<div>Product description</div>
<div>Beware the creature which prowls the graveyard. The deluxe ghoul robe is made of a fabric with a tattered overlay and comes with an attached hood.&nbsp;</div>","L/XL","1","0.00","0.00","1","35.00","0.00","mujki-karnavalen-kostum-mrachen-duh.jpg","1","320"
"1886","2","01574","Зомби - булката Делукс","HAUNTING LADY","Искате да сте неотразима и различна за страховитото парти, това е вашия костюм! Костюмът включва: дълга, луксозна рокля с призрачни ръкави и брошка, фуста, красива шапчица. С малко грим и сте готова да оберете овациите на партито.","<div>&nbsp;</div>
<div>The overlay is styled into coffin ruffles along the skirt, while the overlay along the sleeves ends in long strips with lace trim.</div>
<div>Additionally the costume includes a mini hat with decorative mesh cover, (2) two skull cameos and a pettiskirt.</div>","M","1","0.00","0.00","1","68.00","0.00","kostum-zombie-bulkla.jpg","1","53"
"1887","3","01575","Зомби - джентълмен","HAUNTING GENTLEMAN","Карнавалният костюм включва: горно, панталон, цилиндър и жабо. Ръкавици и бастунче може да се добавят допълнително. Ефектен карнавален костюм за Хелоуин или друго парти.","<div>Item features:</div>
<div>hat</div>
<div>Jacket</div>
<div>Dickey</div>
<div>Cravat</div>
<div>Pant</div>","M/L","1","0.00","0.00","1","57.00","0.00","kostum-zombie-djentalmen.jpg","1","36"
"1888","2","01603","Вампирката Императрица","IMMORTAL VAMPIRE","Дълга червено-черна рокля с красиви дантелени ръкави, черен воал, роза с диадема, Не се включва: колие и перука.","Her love is colored by a dark thirst, The Immortal Vampire Bride deluxe costume is an elegant long red velvet dress adorned by a sheer black overlay, It features a sweetheart neckline that curves to the off the shoulder joined lace sleeves, A long black veil is attached to a rose decorated headband.","M/L","1","0.00","0.00","1","65.00","0.00","karnavalen-damski-kosum-vampirka.jpg","1","55"
"1889","2","01675","Вампирката","TRANSYLVANIAN TEMPTRESS","&nbsp;Искате да сте вампирка, това е костюмът ви за Хелоуин партито тази година! Комплектът включва рокля с ефектна яка, дантела и връзки, ръкавели и шапчица. можете да добавите само малко изкуствена кръв.","<div>
<div>The nightlife around here is to die for, The Transylvanian Temptress vampire costume demands attention with a corset styled dress featuring a high off the shoulder collar, While the hi low jagged edged skirt adds a sultry touch, Costume is accessorized with a pair of long glovelettes and a mini hat headband, Leggings, shoes, and choker not included.</div>
</div>","M","1","0.00","0.00","1","43.00","0.00","karnavalen-kostum-vampirka.jpg","1","46"
"1890","2","01689","Кралицата","MEDIEVAL QUEEN","Красива, елегантна червена рокля със златисти елементи, ефектен колан и корона. Бъдете кралица на партито!","&nbsp;The Costume comes complete with the Floor Length Red Velour Dress with Oversized Draped Sleeves and the Pointed Shoulders along with the Gold Patterned Trim and Matching Corset. Completing the Queen Costume is the Gold Crown Headpiece with the attached Gold Jewels.&nbsp;","S/M","1","0.00","0.00","1","55.00","0.00","karnavalen-kostum-kralica.jpg","1","15"
"1891","3","01698","Обезглавеният","SLEEPY HOLLOW HEADLESS HORSEMAN","<div>Атрактивният, карнавален костюм без глава включва горно с прикрепена жилетка,&nbsp; колан и надуваема част за раменете.</div>
<div>Панталонът и брадвата не са включени. много подходящ за Хелоуин или друго страховито парти.</div>","The perfect costume for Halloween","M/L","0","0.00","0.00","1","37.00","0.00","karnavalen-Halloween-costum.jpg","1","310"
"1892","2","01866","Готическата Лейди","GOTHIC ROBE","Лек и ефектен костюм, който включва роба с прикачена качулка и връзки за регулиране в талията и интересни ръкави.&nbsp;","Robe with attached hood and lace up ties","XXL/XXXL","1","0.00","0.00","1","38.00","0.00","damski-kostum-gotic.jpg","1","28"
"1893","5","60343","Уникална маска Върколак","LUNAR PSYCHO MASK","Ефектна маска на върколак с отваряща се челюст, движи се с движението на вашата уста! много антактивна и впечатляваща!","Satisfy your hunger for terror with this terrifying demon costume, With a moveable mouth and impeccable details, this mask will transform you into a blood hungry beast, One ani-motion mask."," ","1","0.00","0.00","1","23.00","0.00","karnavalna-maska-wyrkolak.jpg","1","3"
"1894","5","60737","Дяволът","DEVIL&#039;S FEAST ANI-MOTION MASK","Ефектна маска на демон с мърдаща се челюст","Satisfy your hunger for terror with this terrifying demon costume, With a moveable mouth and impeccable details, this mask will transform you into a blood hungry beast, One ani-motion mask.","  ","1","0.00","0.00","0","23.00","0.00","karnavalna-maska-dqvol.jpg","1","4"
"1895","3","01671","Садистичното плашило","SADISTIC SCARECROW","Костюмът на садистичното плашило е представен от уникална маска с движещо се чене и кървави зъби, карирана риза, сламена яка, шапка и въже за талията. Не са включени: кука, ръкавици, панталони, обувки. Добавете свой собствен ефект с изкуствена кръв.","Only buzzards circle this monster&rsquo;s field. The Sadistic Scarecrow costume is showcased by an Ani-motion mouth movement scarecrow mask. It comes with a plaid shirt, burlap style collar, hat, and waist tie. Not included: bale hook, gloves, pants, shoes. Add your own blood splatter effect.","M/L","1","0.00","0.00","1","55.00","0.00","karnavalen-kostum-halloween.jpg","1","169"
"1933","4"," 01680","Хелоуинска кукла","halloween doll","<span style=""color: rgb(100, 100, 100); font-family: Arial; font-size: 14px;"">&nbsp;Костюмът се състои от рокля с бели копчета и панделка. Включени са и бели ръкавици без пръсти с напукан печат и клин, порцелановата маска за половин лице и малка шапчица с панделка.</span>","carnival costume for&nbsp; teen","teen","0","0.00","0.00","1","53.00","0.00","halloween-kostum-helouinska-kukla.jpg","1","53"
"1934","17","9905163","Страшен клоун","Child Costume Evil Clown","Карнавален костюм за страшно парти, любим страховит герой от То, включва горно, панталон и маска.","&nbsp;Carnival costume for boys"," L","1","0.00","0.00","0","37.00","0.00","karnavalen-kostum-kloun.jpg","1","33"
"1935","4","9904860","Тийнейджърката Харли","Teen Costume Haunted Harlequin ","Очарователният костюм съдържа: рокля с принт, ръкави, яка, чорапогащник и диадема. Това е перфектният костюм за Хелоуин или друго парти.","Teen Costume Haunted Harlequin&nbsp;"," М/L","1","0.00","0.00","1","33.00","0.00","karnavalen-kostm-Harley-Queen.jpg","1","22"
"1936","4"," 01681","Кралицата на бала","Prom Queen","<span style=""color: rgb(100, 100, 100); font-family: Arial; font-size: 14px;"">Карнавален костюм, който се състои от: рокля с релефни рози и тюлове по полата, ръкавел, корона с черепче и лента с надпис за prom queen. Любим костюм на истински страшни кралици.</span>","Carnival costume for teen","teen","1","0.00","0.00","1","39.00","0.00","karnavalen-kostum-kralitsata-prom.jpg","1","80"
"1937","17"," 01581","Хелоуинския клоун","clown for Halloween","Този комплект се състои от: горно с яка и голяма, ефектна маска за глава. Перфектния костюм за Хелоуин или парти с клоуни.","perfect costume for boys"," М/L","0","0.00","0.00","1","27.00","0.00","karnavalen-Halloween-clown.jpg","1","50"
"1938","17"," 01699","Скелетът - нинджа","Nindja","<span style=""color: rgb(100, 100, 100); font-family: Arial; font-size: 14px;"">Карнавален костюм на нинджа, който се състои от: горно с 3D принт, колан, качулка, впечатляваща маска и панталон.</span>","perfect costume for boys"," М/L","1","0.00","0.00","1","27.00","0.00","karnavalen-kostum-skelet-nindja.jpg","1","48"
"1939","3"," 01999","Звярът от &quot;Красавицата и звяра&quot;","Beast","Луксозен, ефектен костюм, който се състои от ефектна маска, сако с вградена жилетка и жабо. Перфектния костюм за филмово парти или изненада.","<span style=""color: rgb(51, 51, 51); font-family: Roboto, Arial, Helvetica, sans-serif; font-size: 16px;"">Beastly and beautiful the Storybook Beast men's costumes brings a classic fairytale character to life this Halloween. Dress to impress with the tail coat's gold lapel and button details. Show off your sensitive side with the printed blue rose design on the vest. Class things up with the pure white cravat. And try not to scare trick-or-treaters too much with the included faux fur mask!</span>"," М/L","1","0.00","0.00","1","67.00","0.00","karnawalen-kostum-zvqra.jpg","1","35"
"1940","3","840255","Психо костюм","Fun House Psycho ","Оригинален костюм за Хелоуин, състои се от горно, маска и ръкавици.&nbsp;","<div>Adult Costume Fun House Psycho&nbsp;</div>
<div>Features: Lab coat, surgical mask, necklace &amp; gloves.</div>"," М/L","1","0.00","0.00","0","47.00","0.00","kostum-psycho.jpg","1","13"
"1941","4","9908978","Костюм на Пепа -дъга","ild Costume Peppa Rainbow","Карнавален, лицензиран костюм за момиче от любимото филмче за прасенцето Пепа. Красива рокля с крилца и диадема.","Dress, Wings &amp; Headband.","S","1","0.00","0.00","0","32.00","0.00","kostum-peppa-dyga.jpg","1","16"
"1942","17","9910251","Пожарникарят","Sustainable Fireman ","Карнавален костюм, подходящ за всяко парти и тържество, състои се от горно с 3д щампа и пожарникарска шапка.","<div>We have removed all the plastic elements from the packaging so it can be entirely recycled.</div>
<div>For added sustainable fun a colour-in accessory on recycled card is included.</div>
<div>Features: Printed top &amp; hat.</div>","S","1","0.00","0.00","1","23.00","0.00","pojarnikar.jpg","1","52"
"1943","3","9913395","Топ Гън -  Мавек","Top Gun Maverick","Мъжки, лицензиран костюм на така известния в момента Топ Гън, искате да се актуални и готини, това определено е костюма за вас. Състои се от : Гащеризон, очила и медальон.&nbsp;","<div>Adult Costume Top Gun Maverick</div>
<div>Features: Jumpsuit, Glasses, Dog Tag.</div>"," М/L","1","0.00","0.00","1","53.00","0.00","karnavalen-kostum-top-gun1.jpg","1","5"
"1944","3","9912630","Карнавален костюм от филма То/IT","Adult Costume IT","Карнавален костюм от филма То/IT е най - харесвания типаж за Хелоуин, много ефектен и много зловещ, с него ще бпечятлите на всчко парти. Състои се от маска, горно и панталон, остава само да си купите едно балонче, за да се напълно автвнтични.","&nbsp;Adult Costume IT","L/XL","1","0.00","0.00","1","65.00","0.00","karnavalen-kostum-to.jpg","1","81"
"1896","3","01243","Страховития смеещ се клоун","LAST LAUGH, THE CLOWN","Костюм на клоуна се предлага с гащерион с прикрепена яка, ръкавици за клоун и ефектна маска с движеща се челюст. Хитов костюм за Хелоуин, ако искате да впечатлите това е вашият костюм!","<div>He has enough laughs to last your remaining life. The Last Laugh the Clown costumes comes with jumpsuit with attached collar, clown gloves, and ani-motion mask with moving mouth action. Clown shoes and cleaver not included.</div>
<div>&nbsp;</div>","M/L/XL","1","0.00","0.00","1","67.00","0.00","karnavalen-kostum-halloween-kloun.jpg","1","49"
"1897","17","0336","Страшния Върколак","HOWLING AT THE MOON","Костюмът включва вълча маска и риза с прикрепена изкуствена козина. Панталон и обувки не са включени. Уникален костюм за Хелоуин!","The full moon brings out the howlers. Costume includes wolf mask and shirt with attached faux fur. Pants and shoes not included.","L","1","0.00","0.00","1","32.00","0.00","karnavalen-detski-vyrkulak.jpg","1","65"
"1898","17","0601","Граф Дракула","COUNT BLOODFIEND","Детски, карнавален костюм на граф Дракула включва жилетка с прикачени ръкави, вампирска наметка с яка . Панталонът и обувките не са включени.","<div>A dangerous vampire is striking at night. The Count Bloodfiend child costume includes vest with attached sleeves, dickey with attached neck tie cravat and a cape with a Velcro attached chain clasp. Pants and shoes are not included.</div>
<div>&nbsp;</div>","M","1","0.00","0.00","1","25.00","0.00","karnavalen-detski-kostum-vampir.jpg","1","58"
"1899","3","01569","Тъмния Магьосник","DARK WIZARD","Уникален, ефектен, карнавален костюм, който съдържа: роба на магьосник с качулка, колан с ефектна катарама, брадата и перуката може да се добави допълнително. Жезълът може също да бъде запазен към костюма.","The power of the universe at my hands! The Dark Wizard is a 2 layered costume with belt. The inner layer is a robe with flared sleeves. The outer layer is a cloak with attached hood made of a distressed black fabric with studded foam trim. The belt piece comes with an attached dragon emblem.","L/XL","1","0.00","0.00","1","47.00","0.00","karnavalen-myjki-kostum-gandalf.jpg","1","8"
"1900","17","00699","Могъщият магьосник","DARK WIZARD","Уникален, ефектен, карнавален костюм, който съдържа: роба на магьосник с качулка, маска с брада, колан с ефектна катарама. Жезълът може също да бъде запазен към костюма.","<div>This magic is mine alone to use! The Dark Wizard child costume includes a robe with attached hood, foam belt with studded detail, dragon medallion and mask with attached hair.</div>
<div>&nbsp;</div>","L","1","0.00","0.00","1","36.00","0.00","detski-karnavalen-kostum-mag.jpg","1","11"
"1901","17","00563","Освободено Зло","EVIL UNCHAINED","Костюмът на Освободено Зло включва черна роба с качулка, маска на череп, верига на талията и верига на китката. Обувки и брадвата не са включени. Гръдната кост и веригите на гърдите са принтирани. Ако искате да сте смразяващо страшни с уникален, карнавален костюм на този Хелоуин, този костюм е за вас!","His evil can not be chained. The Evil Unchained child reaper costume includes a black robe with attached shawl and hood, character skull mask, waist chain and wrist chain. Shoes not included. Axe sold separately. Chest bone and chains on chest are screen printed.","L/XL","1","0.00","0.00","1","37.00","0.00","kostum-osvobodenoto-zlo.jpg","1","93"
"1902","17","00620","Древната смърт","ANCIENT REAPER ","Луксозен, карнавален костюм за момчета, който съдържа роба, имитираща кожа с качулка, колан и много атрактивна маска. Коса можете да добавите отделно.","Gather lost souls and show them the way. The Ancient Reaper child costume is a long textured robe with an attached hood. It comes with a waist tie and skull mask. Shoes and scythe not included.","М","1","0.00","0.00","1","32.00","0.00","helouin-karnavalen-kostum-smyrt.jpg","1","43"
"1903","3","01483","Древния Жътвар","ANCIENT REAPER","Луксозен, карнавален костюм, който съдържа роба, имитираща кожа с качулка, колан, страховити ръкавици и много атрактивна маска. Коса можете да добавите отделно.","<div>Where there is life there is death. The Ancient Reaper costume features a textured long robe with attached cowl and hood. It comes with skull mask, waist tie, and a pair of bone gloves. Shoes not included. Scythe sold separately.</div>
<div>&nbsp;</div>","M","1","0.00","0.00","1","52.00","0.00","karnavalen-helouin-kostum-smyrtta.jpg","1","79"
"1904","17","00732","Чудовището - тиква","PUMPKIN CREATURE ","етският, страшен костюм за момчета е съставен от риза с печат и релефна част, тиквена, атрактивна маска, въжен колан и (7) седем ленти от зелена марля, които се прикачват към раменете.&nbsp;","<div>Don&rsquo;t pick this monster out of the patch. The Pumpkin Creature child costume is made up of a shirt with vine print, a sculpted vine shoulder piece, a pumpkin mask, a rope belt, and (7) seven green gauze strips that can be tied to the shoulder piece.</div>
<div>&nbsp;</div>","M","1","0.00","0.00","1","33.00","0.00","karnavalen-kostum-za-detsa-tikva.jpg","1","22"
"1905","3","01561","Тиквената глава","PUMPKIN CREATURE","Страховит, ефектен, мъжки костюм&nbsp; е съставен от риза с печат и релефна част, тиквена, атрактивна маска, въжен колан и (7) седем ленти от зелена марля, които се прикачват към раменете на рамото. Впечатляващите ръкавици също са включени към комплекта.","<div>It&rsquo;s the worst pumpkin out of the patch. The Pumpkin Creature costume is composed of a shirt with vine art print, a sculpted vine shoulder piece, a pumpkin mask, a pair of monster hands, a rope belt, and (7) seven green gauze strips that can be tied to the shoulder piece.</div>
<div>&nbsp;</div>","L","1","0.00","0.00","1","47.00","0.00","karnavalen-kostum-tikva-myjki.jpg","1","32"
"1906","17","00498","Убийствения клоун","KILLER CLOWN","<div>Той се интересува много повече от ножове, отколкото от балони. Killer Clown включва гащеризон с яка имитираща метален, кървав трион. Също с маска за клоун с прикрепена коса. Нож и ръкавици не са включени.</div>
<div>&nbsp;</div>","&nbsp;He's much more interested in knives than balloons. Killer Klown features a velcro jumpsuit with a metal saw, blood-covered designed collar. Also comes with clown mask with attached hair. Butcher knife, gloves, and shoes not included","L","1","0.00","0.00","1","29.00","0.00","kostum-kloun-to.jpg","1","149"
"1907","4","00686","Страховито-забавната клоунка","CREEPY CLOWN GIRL ","Детският костюм на Страховито-забавната клоунка е черно-бяла рокля, включваща точки с принт, мрежести къси ръкави и разрошна яка. Включва фустичка, забавна шапка за клоун.","Laugh or scream don&rsquo;t worry it&rsquo;s all the same to me. The Creepy Clown Girl child costume is a black and white dress featuring polka dots with clown art print, netted short sleeves and a layered ruffled collar. It includes a pettiskirt, clown hat fascinator","M","1","0.00","0.00","1","32.00","0.00","karnavalen-detski-kostum-klounka.jpg","1","10"
"1908","2","01531","Запленяващата Медуза","SEDUSA","С един поглед тя ще ви пленява. Костюмът на Медуза е блестяща рокля от черен плат с прикрепен шал&nbsp; със змийски принт. Полата от лявата&nbsp; страна е с регулируема дължина - може да е дълга или с цепка, по ваш избор, а също така включва и атрактивната змийска глава.","<div>With one glance she will forever captivate. The Sedusa costume is a black fabric sheen dress with an attached sash with snake like print. It features an adjustable length left side skirt and also comes with a snake headpiece.</div>
<div>&nbsp;</div>","S/M","1","0.00","0.00","1","47.00","0.00","karnavalen-kostum-meduza.jpg","1","48"
"1909","3","01358","Безстрашния гладиатор","ROMAN GLADIATOR","Ако сте готови да вземете битката в Kолизеума, нищо не&nbsp; ви пасва по-добре от този римски гладиатор. Този луксозен, карнавален костюм се предлага с туника, броня с прикрепен колан и наметало, предпазители за крака и за ръце, лента за глава и медальон. Гладиаторски меч и щит се предлагат отделно.&nbsp;","&nbsp;If you are ready to take the fight into the coliseum, nothing fits better than this Roman Gladiator. This outfit comes with a tunic, body armor with attached belt and cape, velcro shoulder guard, wrist guards, shin guards, headband, armbands, and medallion.","L","1","0.00","0.00","1","65.00","0.00","myjki-karnavalen-kostum-gladiator.jpg","1","34"
"1910","2","00824","Тъмната Кралица","DARK MAJESTY","Костюмът на Тъмната кралица се отличава с дълга рокля, от черен и метален плат и ръкави, които са завършени с дантелен детайл. Костюмът включва също корона с еластична лента отзад и елегантен медальон.","It is best to be feared and to be loved. The Dark Majesty costume features a dress with a long black overskirt, a glittery metallic fabric underskirt and sleeves which are finished with a lacing detail. The costume also includes a crown with elastic band at the back and a pendant chain accessory.","M","1","0.00","0.00","1","63.00","0.00","damski-kostum-kralitsata.jpg","1","125"
"1911","2","01480","Лейди Гуйневър","LADY GUINEVERE","Кралицата на кръглата маса. Костюмът на Лейди Гуйневър&nbsp; е синя рокля с дълги, разкроени ръкави. Включва красива корона и колан с вертикална ивица.","The Queen of the Round Table. The Lady Guinevere costume is a blue dress with long flowing flared sleeves. It includes a crown and belt with vertical stripe.","XL","1","0.00","0.00","1","69.00","0.00","karnavalen-kostum-guinevir.jpg","1","19"
"1912","17","00374","Безстрашният Робин Худ","ROBIN HOOD","Той е защитата на Нотингам. Костюмът на Робин Худ се предлага от риза с качулка с прикрепена жилетка и катарами, колан с чанта, ръкавици (2) и калъфи за обувки (2), панталони не са включени.","The hooded outlaw of Nottingham. The Robin Hood costume comes with hoodie with attached vest and buckles, belt with pouch, gauntlets (2), and boot covers (2). Bow, quiver, arrows, shoes, pants are not included.","M","1","0.00","0.00","1","27.00","0.00","detski-kostum-robin-hud.jpg","1","59"
"1913","2","01296","Пиратската Изкусителка","SPANISH PIRATE","Зашеметяващия костюм на Пиратската Изкусителка включва: червено-черна рокля&nbsp; със златна панделка, пиратска шапка, отделени ръкави и пиратска чанта, съпътстват този изящен ансамбъл. Меч и ботуши не са включени.","Dressed for swashbuckling success. The Spanish Pirate is an affluently accessorized dress featuring a sweetheart neckline with gold ribbon lacing, an attached black gold vest, buckled belt, and a flared skirt. A ruffled feathered hat, detached ruffled sleeves and pirate purse accompanies this exquisite ensemble.","S","1","0.00","0.00","1","55.00","0.00","damski-kostum-oslepitelna-piratka.jpg","1","6"
"1914","17","00627","Карнавален костюм на Пирата - Капитан","DELUXE PIRATE CAPTAIN","Детски карнавален костюм от делукс серията, състои се от: сако с прикрепена жилетка, имитация н а риза с яка, шапка и имитация за ботуши. Колан, панталон и пиратски пистолети не са включени.","Dressed to lead a mighty pirate crew. The Deluxe Pirate Captain child costume comes with: jacket with attached vest, tan colored dickey with collar, tricorn hat, head tie, and boot covers.&nbsp;","L","1","0.00","0.00","1","35.00","0.00","karnavalen-kostum-za-momcheta-pirat.jpg","1","17"
"1915","2","01436","Жената - викинг","VIKING VIXEN","<div>Kарнавалният костюм на Жената - викинг е от луксозната серия и&nbsp; се отличава с рокля с регулиране на дължината на полата, корсет, наметало с изкуствена кожа, чифт маншети на китката, полу шлем и колан. Ботуши и оръжия не са включени.</div>
<div>&nbsp;</div>","&nbsp;A frozen lands of ice is the place she proudly calls home. The Viking Vixen costume features a dress with a drawstring adjustable skirt, a corset, a cape with a faux fur collar trim, a pair of wrist cuffs, a half helmet, and a belt. Boots and weapons not included.","S","1","0.00","0.00","1","58.00","0.00","karnavalen-jenata-viking.jpg","1","73"
"1916","3","01509","Принцът от Аграба","ARABIAN FOLK HERO","<div>Любим на всички герой, подходящ за всяко карнавално парти, състои се от: жилетка, риза с ръкави, пояс, панталон с ленен текстурен принт и шапка.</div>
<div>&nbsp;</div>","<div>Street smarts and savvy keeps him ahead of the rest. The Arabian Folk Hero costume comes with a vest, shirt with sewn rolled up sleeves, waist sash, pants with linen texture print and hat.</div>
<div>&nbsp;</div>","M","1","0.00","0.00","1","48.00","0.00","karnavalen-kostum-aladin.jpg","1","10"
"1917","4","00591","Прекрасната Червена Шапчица","DELUXE RED RIDING HOOD","Един луксозен и красив костюм, който ще се хареса на всяко момиченце. Карнавалният, детски костюм включва: плюшена рокля с апликация от дантела и дълга наметка с качулка и дантела по края.","Well dressed to travel the road to grandmothers. The Deluxe Red Riding Hood child costume includes a sleeveless dress with lace up decoration and a hooded cloak with lace trim. Leggings, shoes and basket are not included.","М","1","0.00","0.00","1","35.00","0.00","detski-kostum-chervenata-shapchitsa.jpg","1","5"
"1918","3","01201","Мрачния луд Шапкар","DARK MAD HATTER","Харесва му чаят да е толкова тъмен, колкото намеренията му. Този супер ефектен и щур костюм няма да остане незабелязан на всяко парти. Предлага&nbsp; се с горно, жилетка с копчета, раирани панталони, две имитации за обувки, ръкавици и шапка с карта.","He likes his tea to be as dark as his intentions. This meticulously mad costume comes with jacket, button up vest, stripped pants, two toned shoe covers, gloves, dickey with bow and hat with card. Bring your own dress shirt and dress shoes to complete this look.","M/L","1","0.00","0.00","1","53.00","0.00","shapkarq.jpg","1","21"
"1919","2","01381","Стиймпънк лейди","STEAMPUNK GIRL","Ефектен, нестандартен и луксозен костюм, който се състои от: рокля с буфан ръкави, подчертаващ талията колан и катарами, включени са ръкавелите и атрактивна шапка с очила.&nbsp;","This Steampunk girl shines as brilliant as brass. This adventurous costume features a richly colored dress with a stylized hi-lo skirt, dropped v waistline and sweetheart neckline. Costume also comes glovelettes, and a laced up top hat with sash and decorative goggles. Add additional volume with a hi-lo pettiskirt sold separately.","S","1","0.00","0.00","1","55.00","0.00","steampunk-laidi.jpg","1","47"
"1920","2","00924","Кралица","DARK MAJESTY","Костюмът на Тъмната кралица се отличава с дълга рокля, от черен и метален плат и ръкави, които са завършени с дантелен детайл. Костюмът включва също корона с еластична лента отзад и елегантен медальон.","&nbsp;&nbsp;It is best to be feared and to be loved. The Dark Majesty costume features a dress with a long black overskirt, a glittery metallic fabric underskirt and sleeves which are finished with a lacing detail. The costume also includes a crown with elastic band at the back and a pendant chain accessory.","M/L","0","0.00","0.00","1","63.00","0.00","00724.jpg","1","57"
"1921","3","1544","Принц Чаровни","ROYAL STORYBOOK PRINCE","Кой не би искал да бъде принц поне за една нощ, карнавалният, мъжки костюм се състои от горно с пагони, панталон, колан с катарама. Подходящ за всяко карнавално парти или маскен бал.","Before I succeed the throne I will succeed in charming your heart. The Royal Storybook Prince costume features a white coat with detachable shoulder epaulets, chest cord and shoulder cord. It also includes a pair of pants and a belt with buckle.","M/L","1","0.00","0.00","1","55.00","0.00","karnavalen-kostum-prints.jpg","1","71"
"1922","3","1559","Добрият крал","ROYAL STORYBOOK KING","Искате ли да управлявате кралство поне за една вечер, ако да това е вашия маскараден костюм. Луксозният карнавален костюм се състои от: горна пелерина с кожени елементи, туника, ефектна корона и медальон и колан.","<div>The king is dedicated to keeping the kingdom safe from its evil foes. The Royal Storybook King costume is a blue shirt with an attached burgundy cape that is decorated with faux ermine fur. It includes a medallion with fabric &quot;chain&quot; trim, a belt, and a sculpted crown.</div>
<div>&nbsp;</div>","L","1","0.00","0.00","1","57.00","0.00","karnavalen-kostum-tsar.jpg","1","52"
"1923","2","01560","Величествената Кралица","ROYAL STORYBOOK QUEEN ","Направете път на нейното кралско величество! Луксозният, дамски костюм на Величествената Кралица включва: дълга бордо рокля с пищна яка и ръкави от изкуствена кожа, също така има и красиво бижу&nbsp; и корона в златен цвят.","&nbsp;Make way for her Royal Majesty! The Royal Storybook Queen costume is long burgundy dress with luscious faux ermine fur around the collar and sleeves. It features cream colored under sleeves and underskirt inset which are decorated with gold lace trim. It is accessorized with two gold jeweled cameos with connecting costume pearls and a gold colored crown.","M/L","1","0.00","0.00","1","65.00","0.00","karnavalen-kostum-tsaritsa.jpg","1","97"
"1924","2","01269","Изкушителната медицинска сестра","NURSE HEART BREAKER","Тази медицинска сестра от две части има изкусително деколте с регулируем цип и клоширана пола с прикрепена престилка. Също така включва сладка медицинска касинка и колан. Стетоскоп и ръкавици не са включени. Чорапи можете да си закупите допълнително.","A real sweetheart. This two piece nurse features a sweetheart neckline with adjustable zipper and a ruffled skirt with attached apron. Also includes a cute nurse hat and belt. Fishnets, shoes, stethoscope and gloves not included.","S","1","0.00","0.00","1","39.00","0.00","karnavalen-kostum-meditsinska-sestra.jpg","1","60"
"1925","2","1268","Изкушителната медицинска сестра","CARDIAC ARREST","&nbsp;Искате ли да сте дръзка и опасна - този костюм на медицинска сестра ще събере погледите. Включва рокля с регулируем цип и с прикрепена престилка, колан и шапка. Спринцовката и ръкавиците не са включени.","Daring and dangerous. This dark nurse feature a sweetheart neck line with adjustable zipper, skirt with attached apron, belt and hat. Thigh highs, shoes, syringe and gloves not included","S","1","0.00","0.00","1","43.00","0.00","karnavalen-kostum-meditsinskata-sestra.jpg","1","202"
"1926","2","1803","Кралицата на нощта","DELUXE HOODED ROBE","Карнавален костюм, който е лек и удобен, подходящ за всякакви тематики и партита, състои се от роба с качулка и ефектни ръкави. Можете да добавите и атрактивен грим, за завършване на цялостната визия.","A robe with a rapacious desire for red. The Deluxe Hooded Robe features robe with flared sleeves, attached hood, and lace up ties. Necklace and shoes not included.","2XL","1","0.00","0.00","1","39.00","0.00","karnavalen-kostum-kralitsa-nostta.jpg","1","74"
"1927","3","1839","Пиратът","RUTHLESS ROGUE","&nbsp;Tой пие и граби и плячкосва без милост. Пиратският костюм се състои от жилетка от велур с прикачени ръкави, панталон, маншети за китки, колан, имитация на ботуши и лента за главата.&nbsp;","He pirates and plunders without mercy. The Ruthless Rouge pirate costume is comprised of a suede styled vest with attached sleeves, pants, wrist cuffs, belt, boot covers, and head tie. Eye patch, sword and shoes not included.","2XL","1","0.00","0.00","1","47.00","0.00","karnavalen-kostum-pirat.jpg","1","31"
"1928","5",,"Страховития клоун","FATTY MCCLOWNFACE MASK","Уникална маска с движеща се уста, перфектна за всяко парти!","&nbsp;It&rsquo;s the biggest terror from the circus big tent. The Fatty McClown Face mask can be made to move! The mask is composed of two connected pieces. The top piece is worn on the head while the jaw piece lays against the chest. Nodding your head creates chomping movements.","  ","1","0.00","0.00","1","23.00","0.00","karnavalna-maska-kloun.jpg","1","10"
"1929","5","60736","Страшна маска","GARGOYLE&#039;S AWAKENING ANI-MOTION MASK","Уникална маска с движеща се челюст, перфектна маска за Хелоуин, ако искате да впечатлите!","Stone that transforms to moving flesh. The Gargoyle's Awakening Ani-Motion mask features a mouth moving action. The mask motion is powered by the wearer's own jaw motion. The mask is composed of a foam skin that lays over a plastic backing. Includes addable foam blocks for better fit.","  ","1","0.00","0.00","1","22.00","0.00","strashna-maska.jpg","1","8"
"1930","4","3715B","Цветната красавица","Mad Hatter Child Costume","<span style=""color: rgb(100, 100, 100); font-family: Arial; font-size: 14px;"">Един уникален, детски карнавален костюм, който съдържа: рокля, панделка за врата, ръкавички, шапчица на диадема. Детски карнавален костюм за всеки повод - Хелоун, рожден ден или карнавал</span>","<span style=""color: rgb(102, 102, 102); font-family: Verdana, "" helvetica="""">Includes: Dress; Necktie; Glovelets; Hat on Headband; Footless Tights</span>","М","0","0.00","0.00","1","32.00","0.00","cvetnoto-momiche.jpg","1","52"
"1931","4","3685","Костюм на клоуна от филма ТО","Carnevil Clown Girls Costume","Детски, карнавален костюм за момичета, много харесван за Хелоуин, състои се от рокля, с пом-пони, яка и ръкавички.","<span style=""color: rgb(102, 102, 102); font-family: Verdana, "" helvetica="""">Includes: Dress with pom poms &amp; collar; Gloves; Ruffle boot cuffs</span>","M/L","1","0.00","0.00","1","39.00","0.00","detski-halloween-costume-it.jpg","1","3"
"1932","17","01774","Готиния Клоун","Clown Googly Eye Child Costume","Съдържа гащеризон и ефектна маска с очи на прожини, перфектният костюм за страшно парти или Хелоуин","<span style=""color: rgb(102, 102, 102); font-family: Verdana, &quot;Helvetica Neue&quot;, Helvetica, Arial, sans-serif;"">Jumpsuit; Neck ruffle; Mask with eyes on springs</span>","L/XL","0","0.00","0.00","1","32.00","0.00","detski-halloween-costume-clouin.jpg","1","53"
"1945","2","9912657","Лейди Джейсън","Adult Costume Jason Ladies ","Искате да сте известна и готина, това определено е вашия костюм, състои се от атрактивна рокля с принт, може да се добави грим и стик за пълен завършекна визията.","Dress","S/M","1","0.00","0.00","1","38.00","0.00","lady-jason.jpg","1","45"
"1946","3","9912537","Костюмът на Хари Потър","Adult Costume Gryffindor ","Обичате магията, вземете една вълшебна пръчка и започвайте да тренирате. Костюмът включва лицензирана роба с щампа, може да се добавят очила и пръчка.","Robe"," М/L","0","0.00","0.00","1","47.00","0.00","karnavalen-kostum-hari-potyr.jpg","1","25"
"1947","17","9913426","Бебето Акула/Baby Shark Blue","Baby Shark Blue","&nbsp;детския карнавален костюм, любим на всички деца, той включва: горно с лице на акула, панталон и шапка с перка.","text","T(3-4)","1","0.00","0.00","1","35.00","0.00","karnavalen-kostum-baby-shark.jpg","1","20"
"1948","17","9908657","Космонавта","Child Costume Space Suit White","карнавален, детски костюм, харесван от децата, състои се от гащеризон и скафандер.","Child Costume Space Suit White
<div>Features: Jumpsuit &amp; hat.</div>","S","1","0.00","0.00","1","28.00","0.00","karnavalen-kostum-kosmonavtа.jpg","1","28"
"1949","17","9907242","Царят на магията","Children&#039;s Costume Ring Master ","Карнавален детски костюм, включва фрак с вградена риза, ръкавици и цилиндър.","Children's Costume Ring Master&nbsp;","S","1","0.00","0.00","1","30.00","0.00","karnavalen-kostum-master.jpg","1","74"
"1950","17","9909218"," Костюм на Чейс","Child Costume Chase ","Карнавален костюм от любимото детско филмче Пес Патрул, състои се от гащеризон и маска.","Jumpsuit and mask.","S","1","0.00","0.00","1","28.00","0.00","karnavalen-kostum-cheis.jpg","1","29"
"1951","4","9906196","Харли Куин","Child Costume Harley Quinn","Карнавален, любим костюм на всички момичета, включва сатенена риза с бляскав принт, дънкови панталонки с черно-червен клин, свалящ се колан и маска за очи.","&nbsp;Satin shirt with glitter print, denim printed shorts with black &amp; red leggings, detachable belt &amp; eye mask.","М","1","0.00","0.00","1","33.00","0.00","karnavalen-kostum-harli-quein.jpg","1","25"
"1952","4","997752","Пчеличката","Child Costume Ballerina Bee","<div>Костюмът на пчеличка за момиче включва:</div>
<div>Трико, прикрепена пачка, лента за глава, крила, пръчка.</div>","<div>Girls Ballerina Bee Costume includes:</div>
<div>Leotard Attached tutu Headband Wings Wand</div>","S","1","0.00","0.00","1","25.00","0.00","karnavalen-kostum-pchela.jpg","1","95"
"1953","2","9906253","Костюм на Batgirl","Adult Costume Batgirl Classic ","Дамски, секси костюм, с който ще бъдете звездата на всяко парти, включва рокля с лого, наметало с ръкавели, колан и маска.","Scalloped dress with logo print, belt, detachable scalloped cape with wrist cuffs, leg covers &amp; mask.","S","1","0.00","0.00","1","55.00","0.00","karnavalen-kostum-jenata-prilep.jpg","1","29"
"1954","4","9911998"," Маг Хармаянли","Hermione Robe","Карнавален, лицензиран костюм, подходящ за всяко парти, състои се от роба, може да се добави пръчка.&nbsp;","<div>Child Costume Hermione Robe Kit&nbsp;</div>
<div>Features: Robe</div>","S","1","0.00","0.00","1","32.00","0.00","detski-kostum-hermione.jpg","1","41"
"1955","19","1022-155","Прекрасното ангелче","MY LITTLE ANGEL","Костюмът My little Angel Infant е много красив, състои се от рокля, която се отличава със златна обшивка и чифт крила с щампа с бляскави пера от лицевата страна.","<div>A most charming little cherub. The My little Angel Infant costume is a dress which features gold trim and a pair of printed foam wings. Soft foam wings attach to back of dress with hook and loop fasteners. Glitter feather print on front side.</div>
<div>&nbsp;</div>","6-12м.","1","0.00","0.00","1","29.00","0.00","karnavalenkostum-angelcheto.jpg","1","5"
"1956","4","2021-234","Малката Кралица ","LITTLE QUEEN","Костюмът на Малката Кралица е много красив и подходящ за различни тържества и партита. Включва кремаво бяла рокля без ръкави със златист блясък и синя горна рокля с прикрепена плюшена яка и краища на ръкавите. Предлага се с корона с лента за глава и брошка с велкро лепенка върху скъпоценни камъни.","Proud queen of a small but noble kingdom. The Little Queen toddler costume is a cream white sleeveless dress with gold glitter print and a blue over dress with attached plush collar and sleeve ends. It comes with a crown with headband and a Velcro stick on gem brooch.&nbsp;","S","1","0.00","0.00","1","36.00","0.00","karnavalen-kostum-kralicata.jpg","1","40"
"1957","17",,"Малкия Крал","LITTLE KING","Малък крал с големи победи. Костюмът за момче Little King включва риза без ръкави с прикрепена декорация на колана и горно с прикрепена плюшена яка и прикрепени сини ръкави и ефектна корона.","A little King with big dreams for the castle. The Little King toddler costume is a sleeveless shirt with attached belt decoration and a jacket with attached plush collar and attached blue sleeves. It comes with a crown with elastic strap in the back.","S, М","1","0.00","0.00","1","33.00","0.00","karnavalen-kostum-kral.jpg","1","56"
"1959","4","50991","Костюмът на Wednesday Addams","Wednesday Addams","Много известен костюм, който е харесван от много момичета. Включва рокличка и перука.","&nbsp;&nbsp;","М","1","0.00","0.00","1","32.00","0.00","kostum-na-Wednesday.jpg","1","17"
"1960","17","668798","Костюм на Тор","Thor","Любим костюм на любим герой, състои се от гашеризон с релеф и наметало.","&nbsp;&nbsp;","М","1","0.00","0.00","1","38.00","0.00","detski-karnavalen-kostyum.jpg","1","7"
"1961","17","67745","Доктор Стрейндж","Doktor Strange","Луксозен карнавален костюм, който съдържа горно медальон с колан, панталон и наметало.","&nbsp;&nbsp;","37","1","0.00","0.00","1","37.00","0.00","doktor-strange.jpg","1","18"
"1962","2","16001","Богинята","Godess","&nbsp;Много красив костюм от делукс серията, който съдържа сатенена рокля и колан.","&nbsp;&nbsp;","S/M","1","0.00","0.00","1","63.00","0.00","Boginq.jpg","1","16"
"1963","3","544869","Кралят - зомби","king zombi","Уникален карнавален костюм, който съдържа горно с ризнижа, наметало, ефектна маска.","&nbsp; &nbsp;"," М/L","1","0.00","0.00","1","75.00","0.00","karnawalen-kostуm-kral-zombi.jpg","1","17"
"1964","17","1313890","Зловещия клоун","Clown","Много ефектен карнавален костюм, съдържащ: туника, колан, уникална маска с шапка и панталон, Перфектен за всяко страховито парти или Хелоуин.","&nbsp; &nbsp;"," М/L","1","0.00","0.00","1","39.00","0.00","zlovestia-klouin.jpg","1","47"
"1965","4","0117","Чародейката","Witch","Детски костюм на вещица, подходящ за Хелоуин или други парти. включва бляскава, красива рокля и шапка.","Children witch costume","T(3-4)","0","0.00","0.00","1","32.00","0.00","karnavalen-kostum-vestitsa.jpg","1","4"
"1966","4","131415","Хелоуин кралица","Halloween queеn","Перфектния костюм, ако искате да се почувтвате като кралица","The perfect costume if you want to feel like a queen","L","1","0.00","0.00","0","45.00","0.00","White-Angel-Costume.jpg","1","26"
"1967","4","131518","Красивата Барби","Barbye","Любимка на всички момиченца, карнавален костюм, който ще се хареса за всеки повод.","Carnival girl costume","S, M","1","0.00","0.00","1","37.00","0.00","301377-1.jpg","1","11"
"1968","4","111213","Кралицата на нощта","Queen of the Night","Луксозен костюм, който съдържа рокля и корона, подходящ за парти, Хелоуин или рожден ден.","A luxurious costume that includes a dress and a crown, suitable for a party, Halloween or birthday.","M","1","0.00","0.00","0","47.00","0.00","karnavalen-kostum-chernata-kralitsa.jpg","1","21"
"1969","4","111256","Костюм на Калинката","Lady bug","Любим герой,&nbsp; съдържа гащеризон и маска.<br />","Favorite character, contains jumpsuit and mask.","S, M","0","0.00","0.00","1","27.00","0.00","chudotvorna-kalinka.jpg","1","50"
"1970","4","111123","булката дух"," bulkata dukh 11 / 5,000 the spirit bride","Красив, ефектен карнавален костюм, който включва рокля и диадема.","A beautiful, spectacular carnival costume that includes a dress and a tiara.","S, M, L","0","0.00","0.00","1","32.00","0.00","karnavalen-kostum-bulka-zombi.jpg","1","31"
"1971","4","131214","Завръщането на Алиса","The Return of Alice","Уникален и любим костюм, за да бъдете различена.","<br />","L","1","0.00","0.00","1","37.00","0.00","35-70-6747986-9903200-2-3-600.jpg","1","8"
"1972","4","786950","Красивото дяволче","Devil costume","Карнавален костюм за момиче","Carnival girl costume","L","0","0.00","0.00","1","35.00","0.00","37-80-6748026-9905775-2-3-600.jpg","1","51"
"1973","4","141312","Бебе Акула","Baby Shark","Карнавален костюм от любимо детско","Carnival favorite costume&nbsp;","S","0","0.00","0.00","1","29.00","0.00","baby-shark-costume.jpg","1","46"
"1974","4","979857","Неотразимата кралица","The irresistible queen","Карнавален костюм от луксозната серия, с който няма да останете незабелявана.","A carnival costume from the luxury series that will make you stand out.","L","0","0.00","0.00","1","47.00","0.00","queen-costume-girl.jpg","1","35"
"1975","4",,"Професор Минерва Макгонагъл","Professor McGonagall","За всички фенове на Хари Потър. Лицензиран карнавален костюм, който включва рокля, наметка и магическа шапка.","For all Harry Potter fans. Licensed carnival costume that includes a dress, cape and magic hat.","M","0","0.00","0.00","1","32.00","0.00","32-70-9912470.jpg","1","29"
"1976","4","675849","Чаровната есен","The enchanting autumn","Много хубав костюм, подходящ за различни поводи.","Carnival sweet costume","S","1","0.00","0.00","1","35.00","0.00","32-70-karnavalen-kostum-plashilo.jpg","1","55"
"1977","4","433565","Принцесата на мрака","The Princess of Darkness","Ефектен карнавален костюм за момичета за различни поводи.","Carnival delux costume","M","0","0.00","0.00","1","37.00","0.00","prinses.jpg","1","43"
"1978","4","778957","Хелоуин Кралица","Halloween queеn","Ефектен костюм за Хелоуин за момичета","Spectacular Halloween costume for girls","M","1","0.00","0.00","1","32.00","0.00","Halloween-costume-girl.jpg","1","47"
"1979","4","665778","Скай от Пес партула","Sky of Paw patrol","Любимка на децата, подходяща за всеки повод","Favorite costume","S","0","0.00","0.00","1","32.00","0.00","sky-paw-partol-costume.jpg","1","38"
"1980","4","998967","Красивата Пепеляшка","The Beautiful Cinderella","Карнавален, детски костюм от делукс серията, с който всяко момиче ще се чувства като принцеса.","A carnival, children's costume from the deluxe series that will make every girl feel like a princess.","M","1","0.00","0.00","1","37.00","0.00","costume-pepelqshka.jpg","1","33"
"1981","4","998958","Лицензиран костюм на Супергърл","Licensed Supergirl costume","Искате ли да сте супергерой поне за малко, това е вашия костюм.","Do you want to be a superhero for a little while, this is your costume.","S, M","1","0.00","0.00","1","37.00","0.00","supergirl-costume.jpg","1","15"
"1982","2","765866","Лицeнзиран костюм Злодейда","Maleficent costume","Любима геройня на всички, тя е елегантна и стилна.","Everyone's favorite heroine, she is elegant and stylish.","S, M","1","0.00","0.00","1","45.00","0.00","karnavalen-kostum-zlodeida.jpg","1","34"
"1983","4","565478","Страховитата","Halloween ","Карнавален костюм, подходящ за Хелоуин.","carnival costume","L","1","0.00","0.00","1","32.00","0.00","costume9kloun.jpg","1","78"
"1984","17","788098","Тиквения Джак","Pumpkin Jack","Супер костюм за Хелоуин, съдържа роба и маска на тиква","Super Halloween costume, includes robe and pumpkin mask","S, M, L","0","0.00","0.00","1","32.00","0.00","25-50-2914155-9907138-2-3-600.jpg","1","30"
"1985","17","544565","Костюм на Венъм","Venom","Страховит, любим костюм от филма, харесван от момчтата, включва гащеризон и маска.","A scary, favorite costume from the movie, liked by the boys, includes a jumpsuit and a mask.","M, L","0","0.00","0.00","1","37.00","0.00","karnavalen-kostume-venom.jpg","1","24"
"1986","17","243216","Костюм на Deadpool","Deadpool","Много харесван герой от момчетата, подходящ за всяко парти.","A very popular character among boys, suitable for any party.","L","0","0.00","0.00","1","37.00","0.00","carnival-costume-deadpool.jpg","1","23"
"1987","17","897647","Светещ Маршал от Пес Патрул","Marshal","Любим костюм от филмчето, вклщчва галеризон и маска, свети на тъмно.","A favorite costume from the movie, includes a jumpsuit and mask, glows in the dark.","S, M","1","0.00","0.00","1","35.00","0.00","karnavalen-kostum-marshal.jpg","1","15"
"1988","17","655678","Яздещия динозавър","The riding dinosaur","Много забавен, харесван от децата, надуваем костюм","Very fun, kid-friendly, inflatable costume","M, L","0","0.00","0.00","1","32.00","0.00","27-50-karnavalen-kostume-dinozavyr.jpg","1","34"
"1989","17","786838","Хари Потър","Harry Potter","Карнавален, детски костюм, много обичан от децата, коиото обичат магии.","Carnival, children's costume, much loved by children who love magic.","S, M, L","1","0.00","0.00","1","35.00","0.00","karnavaken-kostum-harry-poter.jpg","1","9"
"1990","17",,"Костщ на Хогуортс","Harry Potter Hoguarts","Кой не обича Хари Потър, всчко дете ще се зарадва на този костюм. Време е за магии","Who doesn't love Harry Potter, every child will be delighted with this costume.","S, M","1","0.00","0.00","1","32.00","0.00","32-50-kostum-hoguards.jpg","1","45"
"1991","17","568607","Луиджи от Супер Марио","Luidji","Познат на всички, харесван герой, кой не би искал да се посъстезава.","A well-known, well-liked character"," M, L","1","0.00","0.00","1","32.00","0.00","karnavalen-kostum-uidji.jpg","1","197"
"1992","17","745609","Готиния Геймър","The Cool Gamer","Много готин, цветен костюм, състои се от горно, панталон, шапка и маска.","Very cool, colorful costume, consisting of a top, pants, hat and mask.","М/ L","1","0.00","0.00","1","32.00","0.00","karnavalen-kostum-geimyr.jpg","1","31"
"1993","17","597824","Рокерът","Rock","Ефектен и забален костюм с имитация на мускули.","A spectacular and glamorous costume with imitation muscles.","S, M","1","0.00","0.00","1","32.00","0.00","karnavalen-kostume-rock.jpg","1","54"
"1994","17","880934","Карнавален костюм на Танос","Tanos","Карнавален, луксозен, много харесван костюм, подходящ за всяко момче, което обича приключенията. Състои се от гашеризон и маска.","A carnival, luxurious, much-loved costume, suitable for any boy who loves adventures. Consists of a jumpsuit and a mask.","S, M, L","1","0.00","0.00","1","37.00","0.00","karnavalen-kostum-tanos.jpg","1","27"
"1995","17","645798","Спайдермен","Spider-man","Карнавален, делукс костюм, който се състои от гащеризон и маска. Любим герой на всички деца.","Carnival, deluxe costume, consisting of a jumpsuit and mask. A favorite character of all children.","S, M, L","0","0.00","0.00","1","32.00","0.00","karnavalen-kostum-spaiderman.jpg","1","35"
"1996","17","675669","Мандалориан","Mandalorian","Карнавален, много известен костюм, който съдържа гащеризон и луксозна маска.","A very famous carnival costume that includes a jumpsuit and a luxurious mask."," M, L","1","0.00","0.00","1","45.00","0.00","karnavalen-kostum-mandalorian.jpg","1","10"
"1997","17","896486","Страховития Дракон","The Fearsome Dragon","Карнавален костюм, състоящ се от гащеризон и маска на дракон.","Carnival costume consisting of a jumpsuit and a dragon mask.","M, L","1","0.00","0.00","1","27.00","0.00","kostum-na-zl-drakon-za-deca.jpg","1","38"
"1998","17","788593","Космически геймър","Robot","Карнавален костюм, съсвен от ефектен гащеризон и маска.","Carnival costume, consisting of a spectacular jumpsuit and mask.","M, L","0","0.00","0.00","1","29.00","0.00","29-60-kosmicheski-gejmyr.jpg","1","41"
"1999","17","780478","Батман Завинаги","Batman","Карнавален детски костюм, перфектен за всяко момче.","Carnival children's costume, perfect for any boy.","T(3-4), S","1","0.00","0.00","1","27.00","0.00","28-60-karnavalen-kostum-batman.jpg","1","12"
"2000","17","660934","Карнавален костюм на Пинокио","Pinokio","Карнавален, готин костюм, който включва гащеризон и шапка.","A carnival, cool costume that includes a jumpsuit and a hat.","S, M","0","0.00","0.00","1","32.00","0.00","pinokio-karnavalen-kostume.jpg","1","42"
"2001","19","846709","Готиното драконче","Dragon","Карнавален, много сладък костюм, сътоящ се от&nbsp; мек гащеризон с опашка, лапи и главана драконче.","A very cute carnival costume consisting of a soft jumpsuit with a tail, paws and a dragon head.","T(3-4)","1","0.00","0.00","1","35.00","0.00","karnavalen-kostum-drakonche.jpg","1","8"
"2002","2",,"Красивата Клеопатра","Kleopatra","Луксозен костюм, подходящ за всяко парти, състои се от рокля, ръкавели и украшение за косата.","A luxurious costume, suitable for any party, consists of a dress, armbands and a hair ornament.","S, M","1","0.00","0.00","1","55.00","0.00","Krasivata-kleopatra.jpg","1","36"
"2003","3","559836","Мандалориан","Mandalorian costume","Лицензиран карнавален костюм, който се състои от гащеризон и маска.","Licensed carnival costume consisting of a jumpsuit and a mask.","L","1","0.00","0.00","1","65.00","0.00","karnavalen-kostum-mandalorian1.jpg","1","16"
"2004","3","774528","Костюм на Танос","Tanos costume","Лицензиран карнавален костюм, който съдържа гащеризон и луксозна маска. Перфектна визия за всяко парти.","Licensed carnival costume that includes a jumpsuit and a luxurious mask. Perfect look for any party.","L","1","0.00","0.00","1","65.00","0.00","karnavalen-kostume-tanos-1.jpg","1","11"
"2005","2","465799","Готината Жена котка","Cat Woman","Карнавален костюм на Жената-котка, състои се от гащеризон с опашка и маска.","Catwoman carnival costume, consisting of a jumpsuit with a tail and a mask.","S","0","0.00","0.00","1","55.00","0.00","purrvocative-kat-costume.jpg","1","38"
"2006","2","475583","Златния Ангел","Gold Angel","Карнавален, красив костюм, който се състои от гащеризон и крила.","A beautiful carnival costume that consists of a jumpsuit and wings.","S","1","0.00","0.00","1","55.00","0.00","angel-costume-gold.jpg","1","9"
"2007","2","694687","Прекрасната Мускетарка","Мusketeer","Карнавален костюм за всяко парти, който съдържа горно, панталон и мускетарска шапка.","A carnival costume for any party, which includes a top, pants and a musketeer hat.","S, M","0","0.00","0.00","1","57.00","0.00","67-100-01427-CC.jpg","1","43"
"2008","2",,"Вуду кралица","Voodoo","Карнавален, ефектен костюм, перфектен за Хелоуин, който включва горно, панталон, бижу и вуду шапка.","A carnival, spectacular costume, perfect for Halloween, which includes a top, pants, jewelry and a voodoo hat.","S/M","0","0.00","0.00","1","57.00","0.00","67-120-71jWrqLbIZL._AC_UF1000,1000_QL80_.jpg","1","42"
"2009","19","798334","Зайко","Beanny","Много сладък костюм, включваш гащеризонче и шапкас ушички.","Very cute costume, includes jumpsuit and hat with ears.","T","0","0.00","0.00","1","32.00","0.00","30-60-lrgscalebluerabbit2.jpg","1","11"
"2010","2","967783","Богинята","The Goddess","Карнавален костюм, който съдържа рокля, ръкавели и красива маска.","Carnival costume that includes a dress, armbands and a beautiful mask.","S, M","1","0.00","0.00","1","57.00","0.00","karnavalen-kostum-boginq.jpg","1","33"
"2011","2","798355","Призрачна Пиратка","Pirat","Карнавален призрачен костюм, съставен от рокля и шапка.","Carnival ghost costume consisting of a dress and a hat.","XS","0","0.00","0.00","1","45.00","0.00","prizrachna-piratka.jpg","1","37"
"2012","2","798352","Спазваща закона","Police","Карнавален колицейски костюм, съставен от гащеризон и шапка.","Carnival costume consisting of a suit and a hat.","XS","1","0.00","0.00","1","45.00","0.00","karnavalen-kostum-police.jpg","1","14"
"2013","2","770958","Неустоимата ","Police wonam","&nbsp; Красив костюм на полицайка, с който няма да останете незабелязана.","&nbsp;<span style=""background-color: rgb(248, 249, 250); color: rgb(31, 31, 31); font-family: inherit; font-size: 28px;"">A beautiful costume that will not leave you unnoticed.</span>","S/M","1","0.00","0.00","1","65.00","0.00","karnavalen-kostum-police1.jpg","1","35"
"2014","3","779466","Величествения Цезар","Cezar","Карнаввален мъжки костюм, който е посходяю за фермено парти или рожден ден, тематично парти или Хелоуин.","t","M/L","1","0.00","0.00","1","55.00","0.00","55-100-karnavalen-kostum-cezar.jpg","1","22"
"2015","17","777944","Котаракът от Калинката","Cat","&nbsp;Любим герой на всички деца","<div>&nbsp;</div>
<div><span style=""color: rgb(31, 31, 31); font-family: Arial, sans-serif; font-size: 28px; white-space-collapse: preserve; background-color: rgb(248, 249, 250);"">Favorite hero of all children</span></div>","S, M","1","0.00","0.00","1","32.00","0.00","640904-1.jpg","1","16"
"2016","4","656798","Красивата вампирка"," The beautiful vampire","Красива рокля на вампирка с ефектни елементи.","<pre class=""tw-data-text tw-text-large tw-ta"" data-placeholder=""Translation"" id=""tw-target-text"" role=""text"" tabindex=""-1"" data-ved=""2ahUKEwjavc-XwLSQAxWkVKQEHRLyB1AQ3ewLegQIDBAW"" dir=""ltr"" aria-label=""Translated text: Beautiful vampire dress with spectacular elements."" style=""font-size: 28px; line-height: 36px; background-color: rgb(248, 249, 250); border: none; padding: 2px 0.14em 2px 0px; position: relative; margin: -2px 0px; resize: none; font-family: inherit; overflow: hidden; width: 270px; text-wrap-mode: wrap; overflow-wrap: break-word; outline: 0px; color: rgb(31, 31, 31);""><span class=""Y2IQFc"" lang=""en"">Beautiful vampire dress with spectacular elements.</span></pre>","S, M","1","0.00","0.00","1","35.00","0.00","elegantna-vampirka.jpg","1","24"
"seid","page","zaglbg","zaglen","annbg","annen","textbg","texten","active"
"2","pr-1478","Чаровната снежанка | Карнавални костюми под наем | Карнавал за теб","Snow White | Carnival for you | Carnival costumes and accessories for rent","Рокля, брошка и диадема.","Dress, brooch and headband.",,,"1"
"3","cn-9","Временни татуировки","Temporary tattoo","Изработка на временни татуировки с къна","Temporary tattoo",,,"1"
"4","tt-4","Детски карнавални костюми за момичета под наем","Carnival Costumes for girls","Детски карнавални костюми на всякаква тематика - приказни и филмови герои, пиратки, страшни карнавални костюми за хелоуин, принцеси, Елза, Калинката и много други за под наем карнавални костюми за момичета","Carnival Costumes for girls",,,"1"
"5","tt-17","Детски карнавални костюми за момчета под наем","Carnival Costumes for boys","Детски карнавални костюми на всякаква тематика - приказни и филмови герои, пирати, страшни карнавални костюми за хелоуин Halloween, супергерои, карнавални костюми за малки и големи","Carnival Costumes for boys, super heros, batman, superman, pirates, 
",,,"1"
"7","tt-2","Дамски карнавални костюми под наем София","Carnival Costumes for women","В carnivalforyou.com има огромно разнообразие от дамски карнавални костюми за жени, приказни герои, принцеси, супергърл, жената чудо, жената котка, страшни костюми за Хелоуин (Halloween)",,,,"1"
"8","tt-3","Мъжки костюми под наем софия, огромно разнообразие, добри цени","Carnival Costumes for men","в carnivalforyou.com можете да намерите огромно разнообразие от карнавални костюми за мъже за всяко парти, рожден ден или Хелоуин (Halloween). Пирати, вампири, филмови и приказни герои и много други карнавални костюми за вас.","description en",,,"1"
"9","tt-15","официални костюми под наем, фракове, смокинги","men evening costumes","В  Карнавал за теб можете да намерите огромно рязнообразие от официални мъжки костюми под наем, всякакави размери и модели, смокинг или фрак също","description en",,,"1"
"10","pr-1866","Карнавален костюм Рокерът скелет","DEAD MAN ROCKIN","Искате ли да бъдете нестандартни, интересни и страшни, ако да това е вашия костюм! Карнавалният костюм съдържа: маска с перчем, горно с изпринтени кости, рокерско елече, значки и ръкавица, не са включени панталонът и китарата.","This Halloween, jam your way through the Underworld in the Dead Man Rockin Costume.",,,"1"
"11","pr-1867","Карнавален костюм - Зловещото чудовище от дълбините","SWAMP MONSTER/CHILD","Детски, карнавален костюм за момчета, много подходящ за страшно парти или Хелоуин","Costume Comes With A Tattered Textured Shirt With An Attached Hood
A Mask And A Pair Of Tattered Textured Pants
Shoes Not Included",,,"1"
"12","pr-1868","Порцелановата кукла - карнавален костюм","VICTORIAN DOLL - carnival costume","Красив, детски, луксозен костюм за момичета за различни поводи, състои се от: рокля, елегантно наметало, клин с щампа на коленете, ръкавели с дантела и ефектна шапчица.","  Dress with black velvet bodice and satiny burgundy fabric with black lace overlay down the front of dress, black ribbon criss-cross design at front, attached layers of black sheer fabric to create a outer petticoat, attached sleeves with elbow pad design, lace glovelettes, velvet capelet with burgundy bow and ruffled edges, leggings with knee pad print and velvet mini hat on headband with burgundy bow.",,,"1"
"13","pr-1869","Тъмното зомби делукс - карнавални костюми за момчета","DELUXE GHOUL ROBE/CHILD","Ако искате да сте страшен и атрактивен, това е вашия карнавален костюм, състои се от разкъсана роба в сиво-черно с качулка. Може да се добави грим и изкуствена кръв.","carnival costume for boys Included:
Robe with attached cowl hood",,,"1"
"14","pr-1870","Готината шапкарка - карнавални костюми за момичета","DELUXE MAD HATTER","Детски карнавален костюм за момичета, подходящ за парти, хелоуин или рожден ден","carnival costumes for girls",,,"1"
"15","pg-1","Над 1500 карнавални костюми под наем, София","carnival costumes for rent","Предлагаме огромно разнообразие на карнавални, маскарадни, бални костюми под наем в София, имаме мъжки, дамски, карнавални костюми, детски за момичета и момчета, също така маски, гримове, шапки, оръжия и всичко необходимо за едно уникално парти.","carnival costumes for rent",,,"1"
"16","cn-17","професионален гримьор в София","make-up artist"," Предлагаме вечерен,дневен, карнавален или сценичен грим, избора е ваш!"," ",,,"1"
"17","cn-6","Halloween, Хелоуин - всичко за този празник е при нас","Halloween","предлахаме ви уникални костюми за Хелоуин, срташни зомбита, разпадащи се чудовища, вещици, призраци, демони и вампирки, избора е ваш!","carnival costumes for Halloween",,,"1"
"18","pg-5","карнавални костюми под наем","carnival costumes for rent","дамски карнавални костюми, мъжки, карнавални костюми, детски, карнавални костюми, маски, шапки, перуки"," all for your party",,,"1"
"19","pg-0","Уникални карнавални костюми под наем","Carnival costumes for rent","над 1500 уникални карнавални костюми под наем за момичета и момчета,костюми за Хелоуин, дамски, секси костюми, мъжки карнавални костюми, карнавални аксесоари, карнавални маски! Всичко за вашето парти","carnival costumes for rent",,,"1"
"tid","zaglbg","zaglen","mname","active","prior"
"4","Детски карнавални костюми под наем за момичета","Carnival Costumes for girls","123momishe.jpg","1","1"
"2","Дамски карнавални костюми под наем","Female Carnival Costumes for rent","woman.jpg","1","4"
"3","Мъжки карнавални костюми под наем","Male Carnival Cosrumes for rent","MEN2.jpg","1","5"
"5","Карнавални маски под наем","Canival masks for rent","maski.jpg","0","9"
"6","Карнавални шапки под наем","Carnival hats","shapki.jpg","0","10"
"7","Перуки под наем","Wigs for rent","peruki.jpg","0","11"
"8","Аксесоари","Аccessories","aksesoari.jpg","0","12"
"9","За домашните любимци","Pets","doml.jpg","1","16"
"10","Украса за парти","Party decoration","Untitled-1.jpg","1","8"
"12","Нашите тематични партита","Carnival Parties","Untitled-10.jpg","1","15"
"13","Интересни подаръци","gifts","podaryci.jpg","0","13"
"14","Изработка по поръчка на карнавален, сценичен или промоутърски костюм ","Order","1234.jpg","0","17"
"15","Мъжки официални костюми под наем","Men&#039;&#039;s Costumes for rent","mkostum2345.jpg","1","7"
"16","Нашата Карнавална Къща","Our Carnival House","22.jpg","1","14"
"17","Детски карнавални костюми под наем за момчета"," carnival costumes for boys","momcheta.jpg","1","2"
"18","Карнавални продукти за закупуване","Carnival productes for sale","unk.jpg","1","6"
"19","Карнавални костюми за деца под наем 0 -3 години","Carnival costumes for kids (0-3 years)","0do3.jpg","1","3"
"21","x","x","loading_180.gif","0","18"
